channel,category,n_videos,span_days,span_years,videos_per_week,videos_per_month,median_interval_days,mean_duration_min,total_content_hours,monthly_content_hours,weekly_production_hours_est,freq_first_half_per_week,freq_second_half_per_week,freq_change_pct,n_sponsored,sponsor_rate,n_child_brands,degree,family_partners,adult_partners,mean_exploit_v4,std_exploit_v4,total_views,log_total_views,log_n_child_brands,ci_pca,ci_equal,lii_pca,lii_equal
3blue1brown,adult,234,4060,11.11567419575633,0.403448275862069,1.729064039408867,5.912592592592593,14.981766381766382,58.42888888888889,0.4317405582922824,0.3022183908045976,0.3724137931034483,0.4344827586206896,16.666666666666654,18.0,0.0769230769230769,3.0,0.0,0.0,0.0,0.0024265277,0.067303844,742108498,8.870467404791151,1.3862943611198906,0.08447738246470651,0.19294473302600368,0.17676548355331395,0.21691692826812162
acefamily,family,713,3437,9.409993155373032,1.4521384928716905,6.223450683735816,2.6563078703703704,17.140823970037452,203.40444444444444,1.7754243041412083,1.2445425143214564,2.3998835855646097,0.5052386495925495,-78.94736842105263,24.0,0.0337552742616033,19.0,3.0,0.0,3.0,0.10042236,0.0990896,4597609446,9.66253207640454,2.995732273553991,0.19205870962102548,0.26192637516215,0.2692877587386353,0.3707417779097797
aliabdaal,adult,1375,3683,10.08350444900753,2.6133586749932123,11.200108607113766,1.1313194444444443,9.963791848617175,228.1708333333333,1.8585731740429,1.3019480931705174,1.368821292775665,3.8593155893536126,181.94444444444449,110.0,0.08,9.0,4.0,1.0,3.0,-0.018047377,0.07381991,539294020,8.73182560460969,2.302585092994046,0.2086431025941593,0.27285805623862924,0.2570106113449384,0.25142794109212363
andrewdavila,family,3,278,0.7611225188227242,0.0755395683453237,0.3237410071942446,139.00648726851853,1.1111111111111112,0.0555555555555555,0.0059952038369304,0.0041966426858513,0.1007194244604316,0.0503597122302158,-50.0,0.0,0.0,0.0,1.0,1.0,0.0,0.19846207,0.15994117,254,2.404833716619938,0.0,0.0,0.03973654064580166,0.0,0.2588184570596687
andymation,adult,187,7363,20.15879534565366,0.1777807958712481,0.7619176965910635,14.127662037037036,9.578673835125448,29.69388888888889,0.1209855584227443,0.0851452128899851,0.0418364574843792,0.3137734311328443,650.0,26.0,0.1397849462365591,16.0,0.0,0.0,0.0,0.0064717894,0.06997228,1031127606,9.013312414218905,2.833213344056216,0.12535662704505643,0.2418941244350962,0.10400554093057562,0.1661946723773876
besteverfoods,adult,898,3786,10.365503080082137,1.6603275224511358,7.115689381933439,3.989363425925926,18.745118782479587,280.5519444444444,2.223074044726184,1.5561518313083291,1.4939249867934494,1.826730058108822,22.277227722772285,81.0,0.1035805626598465,114.0,3.0,1.0,2.0,-0.030510237,0.07432163,3158255822,9.499447305400944,4.74493212836325,0.2924627909390054,0.34093366047216944,0.31027177714852855,0.2845473421898653
bonniehoellein,family,2723,4263,11.671457905544148,4.471264367816092,19.16256157635468,1.0000694444444445,10.84170033051781,492.0325,3.4625791695988744,2.4238054187192115,4.6381980290943225,4.306428906616612,-7.152974504249314,381.0,0.1403831982313927,264.0,2.0,2.0,0.0,0.027402466,0.09417515,901690159,8.955057329833268,5.579729825986222,0.35061063946304555,0.37570174267534984,0.38188519366598783,0.3798877666837107
bratayley,family,2614,3255,8.91170431211499,5.621505376344086,24.092165898617512,1.0,15.617629799719351,680.1477777777778,6.268643113159243,4.389729494243697,5.218807621389059,6.027658266748617,15.49876339653751,12.0,0.0045906656465187,153.0,2.0,2.0,0.0,-0.011111078,0.046617698,4104304655,9.61323959018239,5.0369526024136295,0.3688504316313269,0.3487973379459863,0.5399563527566313,0.46204970422544067
brentrivera,family,884,5105,13.976728268309378,1.212144955925563,5.194906953966699,6.174953703703704,5.379402872260015,79.07722222222222,0.4647045380346066,0.3260308028750732,0.8036833855799373,1.6210815047021945,101.70648464163824,28.0,0.0503597122302158,77.0,8.0,5.0,3.0,0.088715486,0.087851316,12885477793,10.11010052680747,4.356708826689592,0.5731990756820394,0.49021404186524375,0.11199524501517831,0.2415943746472979
caseyneistat,adult,1127,5905,16.16700889801506,1.335986452159187,5.7256562235393735,1.04921875,8.208873114463177,154.19,0.7833530906011854,0.5483471634208298,2.0772357723577235,0.595189701897019,-71.34703196347031,20.0,0.0179856115107913,12.0,0.0,0.0,0.0,0.06677231,0.07778164,3247497058,9.511548766305514,2.5649493574615367,0.14759424518430805,0.22059697466659553,0.1541802966628077,0.253642693071344
cocomelon,family,1983,7178,19.652292950034223,1.933825578155475,8.287823906380607,1.9594039351851853,13.267876954109934,438.5033333333333,1.8326971301198105,1.2828879910838673,0.2906101978266927,3.577040958484257,1130.8724832214764,3.0,0.0015128593040847,2012.0,0.0,0.0,0.0,0.036362484,0.06816832,220284115025,11.342983180738054,7.607381425639791,0.35763679518173097,0.3697127121055119,0.2559824051224243,0.3017590525396609
colinfurze,adult,412,7016,19.208761122518823,0.4110604332953249,1.7616875712656783,7.000046296296296,7.232605177993528,49.66388888888889,0.2123598441657164,0.1486518909160015,0.2953249714937286,0.5267958950969213,78.37837837837837,44.0,0.11,19.0,1.0,0.0,1.0,0.02181755,0.0796397,1847144181,9.266500796127199,2.995732273553991,0.1509653166664026,0.2529962103095783,0.09167400373017381,0.16965824972333968
dailybumps,family,3082,4818,13.190965092402465,4.477791614777916,19.19053549190536,1.0000462962962964,13.00649442097281,667.0163888888889,4.153277639407777,2.91201858279439,6.363636363636363,2.5919468659194687,-59.26940639269406,117.0,0.0392222594703318,450.0,3.0,3.0,0.0,0.07884773,0.088639855,4181250299,9.621306166168173,6.111467339502679,0.46550146421357874,0.41728730805892855,0.41516756761480733,0.45120118897236355
daviddobrik,adult,564,4089,11.19507186858316,0.9655172413793104,4.137931034482759,2.9039236111111117,4.45735815602837,41.899166666666666,0.3074040107605771,0.215182807532404,1.7671232876712328,0.1643835616438356,-90.69767441860466,34.0,0.0608228980322003,52.0,4.0,2.0,2.0,0.14413612,0.08701485,7534296874,9.87704272871565,3.970291913552122,0.34629065682720045,0.35968197026688353,0.0851563063104051,0.2715321551811013
drewbinsky,adult,1255,5023,13.752224503764545,1.748954807883735,7.495520605216006,1.206417824074074,7.274813928761299,152.04361111111112,0.908084478067556,0.6361660398583318,1.3353245718837117,2.1632815611310234,62.00417536534446,274.0,0.2450805008944543,15.0,3.0,2.0,1.0,0.0018546677,0.07495199,1469308190,9.167112899383355,2.772588722239781,0.24819427575502287,0.34882886622051795,0.16948135364347083,0.20584741170486764
dude_perfect,adult,510,6225,17.04312114989733,0.5734939759036145,2.4578313253012047,13.885462962962963,8.472450980392157,72.01583333333333,0.3470642570281124,0.2429449799196787,0.362146529562982,0.785025706940874,116.77018633540372,107.0,0.2655086848635236,525.0,1.0,1.0,0.0,0.051226124,0.07374674,20473407788,10.31119013676831,6.26530121273771,0.3097882003742563,0.4110103625029127,0.11336668553425672,0.21169270128860196
ehbee,family,1150,4452,12.188911704312115,1.808176100628931,7.749326145552561,2.20787037037037,7.426269219611256,142.21305555555554,0.958308999700509,0.6714001259868668,2.3553459119496853,1.2610062893081762,-46.46194926568757,70.0,0.0713557594291539,1074.0,0.0,0.0,0.0,0.039864797,0.09215324,3342241526,9.524037830841305,6.980075940561763,0.2902649591444551,0.3307102140077839,0.17300133951014587,0.24215441533169427
emmachamberlain,adult,308,3097,8.479123887748118,0.6961575718437197,2.9835324507587986,6.014421296296296,15.429533116178067,78.94777777777777,0.7647508341405661,0.5370693154420393,1.2073643410852712,0.1854005167958656,-84.6441947565543,50.0,0.1633986928104575,17.0,2.0,1.0,1.0,0.054839015,0.08860855,1712802534,9.23370729680238,2.8903717578961645,0.20271132621817037,0.2983683733017744,0.19905135576323196,0.2794730479683699
everleighrose,family,159,2662,7.288158795345653,0.418106686701728,1.7918858001502629,7.051440972222222,9.516771488469605,25.219444444444445,0.2842161282243927,0.1989512897570749,0.4943651389932381,0.3418482344102179,-30.85106382978723,26.0,0.1635220125786163,41.0,3.0,3.0,0.0,0.0491338,0.06997644,466388130,8.668747488704001,3.7376696182833684,0.34346136956805756,0.37027458209616537,0.11576832439372366,0.21222596526549542
familyfizz,family,1457,3434,9.401779603011637,2.970005824111823,12.72859638905067,1.0000694444444445,14.263459335624283,345.8888888888889,3.021743350805669,2.1181278649393134,3.603960396039604,2.336051252184042,-35.18099547511312,1134.0,0.9257142857142856,45.0,0.0,0.0,0.0,0.04680512,0.083273284,1170661117,9.068431193691518,3.828641396489095,0.015513144456919037,0.43507373658110476,0.3371335177359259,0.3689804421612683
familyfunpack,family,3447,5316,14.55441478439425,4.538939051918735,19.45259593679458,1.0000462962962964,9.635417271056957,553.5547222222223,3.123897980938049,2.186728586656633,4.066215199398044,5.0116629044394285,23.251295336787575,488.0,0.1534591194968553,1470.0,1.0,1.0,0.0,0.022700174,0.103137806,15943850728,10.202593219692094,7.293697720601438,0.3640013046164098,0.40730482825091413,0.3665176590500592,0.36364188787423735
grahamstephan,adult,1510,3378,9.24845995893224,3.12907045589106,13.410301953818829,1.999988425925926,9.932008830022074,249.95555555555555,2.2198539569765146,1.55389776988356,2.7519242155121373,3.5062166962699823,27.40963855421688,1097.0,0.7402159244264508,52.0,5.0,1.0,4.0,0.028773554,0.06969302,1386170514,9.1418166564911,3.970291913552122,0.16154814676188656,0.470007836926036,0.2856211152097818,0.3129274160939808
gregdoucette,adult,4348,6713,18.379192334017795,4.533889468196037,19.430954863697306,0.6676620370370371,13.52811254216498,980.3372222222222,4.381069069963751,3.0667483489746266,0.4275923718712753,8.641537544696066,1920.975609756097,13.0,0.0031011450381679,17.0,2.0,2.0,0.0,-0.02631567,0.07193924,1230450345,9.090064092376391,2.8903717578961645,0.2856342740287246,0.2891389647519704,0.43231622317000573,0.3704077400011665
halfasinteresting,adult,561,3155,8.63791923340178,1.244690966719493,5.334389857369255,5.975017361111111,6.368894830659536,59.549166666666665,0.5662361331220285,0.39636529318542,1.2650602409638554,1.225110970196576,-3.1578947368420938,75.0,0.1344086021505376,0.0,0.0,0.0,0.0,0.026669472,0.085867696,789766060,8.897498466104205,0.0,0.026525092435028874,0.17509351530687756,0.1286114035147537,0.1988319753991203
itsyeboi,family,587,3703,10.13826146475017,1.1096408317580342,4.755603564677289,3.083246527777778,16.107536973833902,157.31694444444443,1.2745094067872895,0.8936790362609169,1.9475958941112916,0.2722852512155592,-86.01941747572816,33.0,0.0564102564102564,164.0,1.0,1.0,0.0,0.07997827,0.082997635,396433023,8.598169824191958,5.10594547390058,0.2775006257793091,0.3022327573974588,0.23397499804087568,0.32691365742275513
jacksepticeye,adult,5309,4900,13.415468856947296,7.584285714285714,32.50408163265306,0.8749768518518518,31.813325797538308,2814.418888888889,17.231136054421768,12.064067618509348,11.957142857142856,3.2114285714285717,-73.14217443249701,40.0,0.0075614366729678,301.0,3.0,1.0,2.0,0.08392441,0.08267651,17584352989,10.24512639321159,5.71042701737487,0.35696414524995135,0.3581355517089094,0.9999999999999999,0.8924096378205011
jakepaul,adult,1605,4394,12.030116358658454,2.5568957669549386,10.958124715521166,0.9998958333333334,10.887819314641742,291.24916666666667,1.988501365498407,1.3919509558488845,2.708238507055075,2.4055530268548018,-11.1764705882353,18.0,0.0144,343.0,3.0,2.0,1.0,0.089301944,0.087390885,7993314240,9.90272688666128,5.840641657373398,0.4099182047580897,0.38353075388677904,0.2612324304025156,0.3505101428551038
jamescharles,adult,698,3703,10.13826146475017,1.3194706994328922,5.654874426140967,4.003391203703703,17.084361549497846,198.4633333333333,1.6078584931136917,1.1271157241540166,1.3047001620745542,1.334954078876283,2.318840579710149,331.0,0.5498338870431894,35.0,3.0,3.0,0.0,0.08713207,0.08301742,4749417340,9.676640333510324,3.58351893845611,0.2849763700518777,0.4725379936794717,0.2599224711646643,0.3522580266424858
jeffnippard,adult,617,4228,11.575633127994523,1.0215231788079469,4.377956480605487,5.001556712962962,12.632036736898977,129.89944444444444,0.9217084515925577,0.6451959161147902,1.3245033112582782,0.7185430463576159,-45.75,320.0,0.5263157894736842,35.0,2.0,0.0,2.0,-0.023513315,0.07570423,1985398460,9.297847680677494,3.58351893845611,0.10483633670393502,0.36505344998664296,0.1920154397529476,0.20316729270339617
jeffreestar,adult,436,5918,16.202600958247775,0.5157147685028727,2.210206150726597,3.967743055555556,18.17656727828746,132.08305555555555,0.669566013292779,0.4686962093049454,0.425819533626225,0.6056100033795201,42.22222222222223,46.0,0.1055045871559633,87.0,1.0,0.0,1.0,0.07938191,0.07422481,2616257806,9.417680537131805,4.477336814478207,0.20563371799435926,0.2883492680072177,0.21604035735527158,0.3148476617755672
jordanmatter,family,571,5917,16.199863107460644,0.6755112388034478,2.8950481663004903,6.999780092592593,15.493228254524226,147.4438888888889,0.7475607008055885,0.5232924905639119,0.1680189317106152,1.183231913455037,604.225352112676,27.0,0.0486486486486486,77.0,10.0,6.0,4.0,0.11646177,0.097146004,14053265859,10.147777262299748,4.356708826689592,0.649962064980215,0.5359135806505082,0.19545419576136652,0.3317028233977731
kara_and_nate,adult,1046,3757,10.286105407255304,1.948895395262177,8.352408836837903,2.0226967592592597,15.66146232439336,272.50944444444445,2.176013663383906,1.5261275903541145,2.855165069222577,1.0436634717784878,-63.44647519582245,138.0,0.1386934673366834,11.0,1.0,1.0,0.0,-0.0786229,0.072544776,1010972058,9.004739152401969,2.4849066497880004,0.17922455197620413,0.27061856139394225,0.29343006491097656,0.22780133110900452
kkandbabyj,family,2345,4008,10.97330595482546,4.0955588822355296,17.55239520958084,1.033443287037037,15.026886993603412,587.3008333333333,4.395964321357286,3.0771750249501006,5.864770459081837,2.3263473053892216,-60.33353186420488,234.0,0.1016066000868432,136.0,0.0,0.0,0.0,0.08174845,0.09356071,618720598,8.791494574479401,4.919980925828125,0.20039016396853654,0.27521653822977105,0.4222361542103208,0.46074682082514506
kurzgesagt,adult,357,4672,12.791238877481176,0.5348886986301369,2.292380136986301,7.0600000000000005,6.9328197945845,41.250277777777775,0.2648776398401826,0.1854143478881278,0.3176369863013699,0.752140410958904,136.79245283018864,37.0,0.103641456582633,15.0,0.0,0.0,0.0,0.027623048,0.08400073,3675791154,9.56535082827393,2.772588722239781,0.13990574051756866,0.24491299183156395,0.09513860880434444,0.1769899457746204
labrantfam,family,3,55,0.1505817932922655,0.3818181818181818,1.6363636363636362,27.99178240740741,0.5444444444444445,0.0272222222222222,0.0148484848484848,0.0103939393939393,0.2592592592592592,0.5185185185185185,100.0,0.0,0.0,0.0,2.0,2.0,0.0,0.06241623,0.081683286,189,2.2764618041732443,0.0,0.06351916047143447,0.0738095238095238,0.015253204392474712,0.14800342438644523
linustechtips,adult,7168,6362,17.418206707734427,7.886828041496385,33.80069160641308,0.9632291666666668,21.887190582542345,2613.330555555556,12.323155716231794,8.631025421798528,8.324740647595096,7.448915435397674,-10.520750726936292,1385.0,0.1943041526374859,520.0,3.0,1.0,2.0,0.021618629,0.06749936,9474649073,9.976563133312188,6.255750041753367,0.3364330949702824,0.4046990713768768,0.8233473276377647,0.699688268470053
markiplier,adult,5719,5084,13.919233401779604,7.874311565696303,33.74704956726987,0.8229224537037036,25.288235979946368,2409.968888888889,14.220902176763705,9.956372452647454,12.053107789142407,3.695515342250197,-69.3397304089559,49.0,0.0085724282715185,391.0,2.0,1.0,1.0,0.10329395,0.07933686,23461940641,10.3703639316849,5.971261839790462,0.3581049309089517,0.35859102441446855,0.8892959729677135,0.8232955944020018
markwiens,adult,1597,6291,17.22381930184805,1.7769829915752662,7.615641392465426,3.0001793981481484,20.92350240033396,556.9138888888889,2.6557648492555503,1.859035394478885,1.731637519872814,1.8228934817170117,5.269922879177384,276.0,0.1730407523510971,172.0,3.0,1.0,2.0,-0.09400187,0.05547017,3197741112,9.504843300504337,5.153291594497779,0.29381625921830257,0.36515204956093605,0.3494519074748269,0.25740290002688765
mattdavella,adult,467,5362,14.680355920602327,0.6096605744125326,2.6128310331965685,4.993674768518519,21.638412017167383,168.05833333333334,0.9402741514360314,0.6596043349880657,0.6344647519582245,0.5848563968668408,-7.8189300411522495,110.0,0.2360515021459227,8.0,2.0,1.0,1.0,0.044088483,0.08770472,329954142,8.518453584543733,2.1972245773362196,0.1524702321277062,0.2828534531953789,0.2631726404029789,0.3188458438044393
mkbhd,adult,1813,6600,18.069815195071868,1.922878787878788,8.240909090909092,2.9814872685185185,7.881576526857985,238.0236111111111,1.081925505050505,0.7577658159269295,1.909090909090909,1.9366666666666668,1.4444444444444566,45.0,0.0252383623107122,18.0,4.0,2.0,2.0,0.057590213,0.065321065,5323482627,9.726195841100683,2.9444389791664403,0.3147533808019503,0.325824766471844,0.184623473406184,0.266344957277282
mrbeast,adult,970,5180,14.182067077344286,1.3108108108108107,5.617760617760617,3.0,15.616477468180252,252.2061111111111,1.4606531531531532,1.0235123746037058,1.5891891891891894,1.0324324324324323,-35.03401360544219,45.0,0.055079559363525,123.0,9.0,3.0,6.0,0.08724281,0.09143215,119409838903,11.077040112431856,4.820281565605037,0.5038909433200833,0.4740760344156115,0.24152020403379054,0.33839345240945523
mrwhosetheboss,adult,1900,5483,15.011635865845312,2.4256793726062376,10.39576873974102,1.9909027777777777,7.183359662980516,227.35333333333327,1.2439540397592557,0.8712263680251766,2.707041225829989,2.1452024808464065,-20.75471698113208,169.0,0.0912034538586076,111.0,5.0,1.0,4.0,0.053891353,0.07513425,8531256575,9.931013003429728,4.718498871295094,0.32148812246880637,0.36385768197937873,0.20442283431968628,0.27613964432509963
natacha_oceane,adult,230,2863,7.838466803559206,0.5623471882640586,2.410059378274537,7.928472222222222,16.22768115942029,62.20611111111111,0.6518279194318314,0.4562795436022819,0.8560447239692524,0.2690426275331936,-68.57142857142857,148.0,0.6434782608695652,16.0,0.0,0.0,0.0,-0.063578725,0.08654174,162803782,8.211664489512964,2.833213344056216,0.017845280457909285,0.33303306066106514,0.20444702107516466,0.1785641674398014
nikkietutorials,adult,944,6497,17.78781656399726,1.0170848083730952,4.358934893027551,4.802025462962963,11.1170197740113,174.90777777777777,0.8076394233235852,0.5653475963265097,1.271551724137931,0.7629310344827587,-40.0,295.0,0.3379152348224513,55.0,0.0,0.0,0.0,0.06972487,0.07017946,2432019293,9.385967015835156,4.02535169073515,0.1366081982756771,0.31946464233990224,0.16954976933113483,0.26916563076088545
peterMcKinnon,adult,818,3433,9.399041752224504,1.6679289251383629,7.148266822021555,3.041261574074074,10.374908200734394,141.27166666666668,1.234532478881445,0.8652304741830054,2.157925407925408,1.1789044289044288,-45.3686200378072,31.0,0.038130381303813,11.0,1.0,0.0,1.0,0.035312638,0.072656386,648518668,8.811922482027962,2.4849066497880004,0.13841474813511342,0.21606716309693058,0.2023094065733461,0.2609626971058613
pewdiepie,adult,4617,5681,15.553730321697468,5.688963210702341,24.381270903010037,0.9294212962962962,16.255338964695692,1250.8483333333334,6.605430381975005,4.623801267382504,8.545422535211268,2.834507042253521,-66.83011248918373,892.0,0.194166303874619,564.0,3.0,0.0,3.0,0.10138449,0.07674301,29426565295,10.468739573670115,6.336825731146441,0.29223332945342945,0.38876009817535706,0.5506589796647865,0.5702325378025362
piersonwodzynski,family,656,2598,7.112936344969199,1.767513471901463,7.575057736720555,2.017326388888889,5.633282520325204,61.590555555555554,0.7112073389787016,0.4978451372850911,0.74364896073903,2.7913779830638954,275.36231884057975,20.0,0.074074074074074,49.0,3.0,2.0,1.0,0.06880883,0.0915517,2623855517,9.418939916870842,3.912023005428146,0.32363367945471233,0.34280875953752404,0.14648850929063317,0.2479081191336043
piperrockelle,family,816,3236,8.85968514715948,1.7651421508034608,7.564894932014832,2.0003587962962963,15.32433537832311,208.1555555555556,1.9297486608982284,1.352481515466341,1.6353522867737948,1.8949320148331277,15.873015873015875,3.0,0.0039011703511053,52.0,3.0,3.0,0.0,0.11603965,0.07893938,3600922243,9.556413743476082,3.970291913552122,0.3969928944317224,0.36054934983324893,0.267404089133639,0.38207140349058727
prestonplayz,adult,1179,2835,7.761806981519507,2.9111111111111114,12.476190476190476,2.009751157407408,0.0,0.0,0.0,0.0,3.324629498941426,2.499647141848977,-24.814264487369982,147.0,0.1246819338422391,1287.0,2.0,0.0,2.0,0.054081526,0.08974852,8223793566,9.915072200110307,7.160845906664299,0.3135697015711353,0.37154888591849883,0.12980097482763187,0.21733497332288274
rebeccazamolo,family,1171,4342,11.887748117727584,1.8878397052049745,8.090741593735606,3.0305092592592597,0.0,0.0,0.0,0.0,1.9410409949332104,1.834638415476739,-5.481727574750826,10.0,0.0085910652920962,860.0,7.0,6.0,1.0,0.12400141,0.08310593,10248513077,10.01066085960666,6.7580945044277305,0.7079325755513806,0.5527037129946739,0.07791342000294449,0.24435316258120704
roomieofficial,adult,869,5643,15.449691991786448,1.077972709551657,4.619883040935672,1.194716435185185,0.0,0.0,0.0,0.0,0.3076923076923077,1.8486352357320104,500.8064516129033,63.0,0.0727482678983833,53.0,2.0,1.0,1.0,0.090723135,0.07949172,1597347103,9.203399298441523,3.9889840465642745,0.2568068212534981,0.3025765229504878,0.04103703831186187,0.18998692217616703
ryansworld,family,3685,4058,11.110198494182066,6.35657959586003,27.24248398225727,1.0,0.0,0.0,0.0,0.0,6.065056678166584,6.648102513553474,9.613196814561997,24.0,0.0068046498440601,3970.0,24.0,7.0,17.0,0.008769434,0.07093088,63339132568,10.801672111396003,8.286773231131251,1.0,0.7740424529373592,0.2955230539060089,0.2888740064760362
simoneGiertz,adult,196,4227,11.572895277207392,0.3245800804352969,1.3910574875798438,12.041770833333333,0.0,0.0,0.0,0.0,0.3014671083767156,0.3478466635115949,15.384615384615374,56.0,0.3218390804597701,7.0,1.0,0.0,1.0,0.026304668,0.09393548,227173798,8.35635823883373,2.0794415416798357,0.06379861076106721,0.2582847991044165,0.008314249602782403,0.11080931145100578
smartereveryday,adult,395,7034,19.2580424366872,0.3930907023030992,1.6846744384418535,13.764010416666666,0.0,0.0,0.0,0.0,0.4717088427637191,0.3144725618424793,-33.33333333333334,33.0,0.0835443037974683,10.0,1.0,0.0,1.0,0.006472549,0.090485275,1270748522,9.104059613249722,2.3978952727983707,0.1322972928848632,0.2303857234770487,0.012504615287715987,0.09604937236809752
sonnysidevlog,adult,898,3786,10.365503080082137,1.6603275224511358,7.115689381933439,3.989363425925926,18.745118782479587,280.5519444444444,2.223074044726184,1.5561518313083291,1.4939249867934494,1.826730058108822,22.277227722772285,81.0,0.1035805626598465,114.0,3.0,1.0,2.0,-0.030510237,0.07432163,3158255781,9.499447299762998,4.74493212836325,0.29246279083724347,0.34093366034780104,0.31027177714852855,0.2845473421898653
tannerites,family,1409,3900,10.677618069815194,2.528974358974359,10.838461538461535,2.1171527777777777,0.0,0.0,0.0,0.0,3.55025641025641,1.5076923076923077,-57.532861476238615,54.0,0.038543897216274,669.0,0.0,0.0,0.0,0.025291169,0.09198335,7380570138,9.868089911717814,6.507277712385012,0.28622630813184224,0.3206834177449662,0.11301963452162006,0.18049452391151757
theleray,family,1896,3753,10.275154004106776,3.536370903277378,15.155875299760192,1.6895949074074077,0.0,0.0,0.0,0.0,3.2723880597014925,3.802238805970149,16.19156214367161,968.0,0.5975308641975309,53.0,0.0,0.0,0.0,0.013517691,0.07796102,562240718,8.749922294423978,3.9889840465642745,0.07591729715056894,0.36071405419688984,0.16140421799349317,0.20267217079806693
thesacconejolys,family,2852,5812,15.912388774811772,3.434962147281486,14.721266345492086,1.000011574074074,0.0,0.0,0.0,0.0,5.439091534755677,1.4308327598072952,-73.69353410097432,375.0,0.1316251316251316,59.0,0.0,0.0,0.0,0.07350996,0.09311728,747905603,8.87384678679058,4.0943445622221,0.1678504907228281,0.2651350365103676,0.15375309947460464,0.25070835300693334
thesuperherobuddy,family,4121,5202,14.242299794661191,5.545367166474433,23.765859284890425,0.9999768518518518,0.0,0.0,0.0,0.0,7.126489811610919,3.964244521337947,-44.37311178247735,16.0,0.003883495145631,7960.0,1.0,1.0,0.0,0.043195426,0.07261508,8526307939,9.930761013719676,8.982309899088579,0.44497463511764274,0.4065913298601257,0.25538159499276536,0.29233873521482096
theweisslife,family,1818,4307,11.79192334017796,2.954724866496401,12.66310657069886,1.9132638888888889,0.0,0.0,0.0,0.0,2.861124013005109,3.049698095680446,6.5909090909090935,611.0,0.3383167220376523,231.0,0.0,0.0,0.0,0.050955676,0.09016216,754804768,8.877834634881275,5.44673737166631,0.17639450324116845,0.3399909570786289,0.1320194107355351,0.21605883388246533
tomscott,adult,737,7264,19.887748117727583,0.7102147577092511,3.0437775330396475,6.999849537037037,0.0,0.0,0.0,0.0,0.5454295154185022,0.875,60.42402826855125,37.0,0.0502035278154681,11.0,1.0,0.0,1.0,0.01578655,0.09324461,1906898820,9.280327650003827,2.4849066497880004,0.14463906959734332,0.2290081914656116,0.027120247535467712,0.11416058223193708
twosetviolin,adult,1692,4456,12.199863107460644,2.6579892280071813,11.391382405745064,1.0690625,0.0,0.0,0.0,0.0,2.287253141831239,3.028725314183124,32.417582417582395,2.0,0.0013937282229965,10.0,0.0,0.0,0.0,-0.009620571,0.082426414,1528859866,9.184367680172292,2.3978952727983707,0.1389909611768189,0.20607533886545032,0.12079554116336588,0.1547808669496782
unspeakable,adult,1115,3156,8.640657084188911,2.473067173637516,10.598859315589356,2.083333333333333,0.0,0.0,0.0,0.0,2.781368821292776,2.164765525982256,-22.16905901116428,51.0,0.0461121157323689,1051.0,0.0,0.0,0.0,0.1580086,0.07151026,12218823871,10.087029404685838,6.9584483932976555,0.3043435959048274,0.33719391246051983,0.1040901835561486,0.2921529042761745
veritasium,adult,499,5733,15.696098562628336,0.6092796092796092,2.61119832548404,8.168171296296297,0.0,0.0,0.0,0.0,0.5812979762735521,0.6374738311235171,9.663865546218467,104.0,0.2092555331991951,12.0,4.0,0.0,4.0,0.00846663,0.0783744,4224457504,9.625770945677088,2.5649493574615367,0.15404727750979824,0.2977737037872075,0.022674276496349927,0.10467304325241011
vladandniki,family,1014,2919,7.991786447638604,2.431654676258993,10.421377183967111,2.978263888888889,0.0,0.0,0.0,0.0,2.130226182316655,2.73474982864976,28.378378378378397,146.0,0.1442687747035573,188.0,1.0,0.0,1.0,0.043409448,0.07888328,120679537857,11.081633638372862,5.241747015059643,0.2548757204507919,0.35045003078800396,0.10754254237411033,0.19286742894148046
wendover,adult,277,3881,10.625598904859686,0.4996135016748261,2.1412007214635405,13.999988425925926,0.0,0.0,0.0,0.0,0.4871134020618557,0.5123711340206186,5.18518518518519,18.0,0.0649819494584837,6.0,1.0,0.0,1.0,0.022392131,0.07944324,814189660,8.910725582649794,1.9459101490553132,0.11664490758998497,0.21204665355662908,0.01680925966419544,0.11306678862371874
