channel,classification
acefamily,kid_centric
aforadley,kid_centric
annierose,kid_centric
babybus,adult_centric
ballingerfamily,kid_centric
blippi,adult_centric
bonniehoellein,adult_centric
bratayley,kid_centric
brentrivera,adult_centric
brockandboston,kid_centric
crazygorilla,adult_centric
dailybumps,kid_centric
ehbee,kid_centric
ethangamer,kid_centric
everleighrose,kid_centric
family5vlogs,adult_centric
familyfizz,kid_centric
familyfudge,kid_centric
familyfuneveryday,kid_centric
familyfunpack,kid_centric
famoustubefamily,kid_centric
fgteev,kid_centric
funsquadfamily,kid_centric
gavinmagnus,adult_centric
hayleyleblanc,kid_centric
inghamfamily,kid_centric
itsjudyslife,adult_centric
itsrucka,adult_centric
itsyeboi,adult_centric
jacyandkacy,kid_centric
jasonvlogs,kid_centric
jesssfam,adult_centric
jhousevlogs,kid_centric
jillianandaddie,kid_centric
johnsonsfam,kid_centric
jordanmatter,adult_centric
jordynjones,adult_centric
karinakurzawa,kid_centric
kidsdianashow,kid_centric
kidssongs,adult_centric
kkandbabyj,kid_centric
lifewithbrothers,kid_centric
likenastya,kid_centric
mccluretwins,kid_centric
meetthemillers,adult_centric
ninjakidztv,kid_centric
norrisnuts,kid_centric
ohanaadventure,kid_centric
ohanaboys,kid_centric
onyxfamily,kid_centric
ourfamilynest,kid_centric
piersonwodzynski,adult_centric
piperrockelle,kid_centric
piperrockellesquad,kid_centric
rebeccazamolo,adult_centric
ronaldomg,adult_centric
royaltyfamily,kid_centric
ryansworld,kid_centric
salishmatter,adult_centric
samandnia,adult_centric
sawyersharbino,kid_centric
shotofyeagers,kid_centric
smellybellytv,kid_centric
tannerites,kid_centric
thatyoutub3family,kid_centric
theadventurers,kid_centric
thebramfam,adult_centric
thedashleys,adult_centric
theleray,kid_centric
thesacconejolys,kid_centric
theskorys,kid_centric
theweisslife,kid_centric
tictactoy,kid_centric
trinityandbeyond,kid_centric
txunamy,kid_centric
tydustalbott,kid_centric
vladandniki,kid_centric
wearethedavises,kid_centric
yawivlogs,adult_centric
