content_type,target_audience,emotional_tone,commercialization,exploitation_risk,video_id
storytime,family,dramatic,low,medium,GBnDOueMKJ0
vlog,family,mysterious,medium,medium,OFVPbFQ0QWE
storytime,family,urgent,low,medium,kO5pNNTh9IU
reaction,young_child,happy,high,low,0KngJfBoN7Q
vlog,toddler,happy,low,low,zhiAa-QB5G8
challenge,family,excited,low,medium,5L_1dEukGeU
music,family,happy,medium,low,hT9YmV6ccwE
prank,teen,excited,low,low,5Tbri1Nh42Y
prank,teen,dramatic,low,high,cIwO_6jHPq0
prank,family,excited,low,medium,_aKnXtK8F40
prank,teen,excited,low,high,jovpzWECNIk
storytime,family,dramatic,low,high,gJMyBTkZZdg
other,general,mysterious,low,medium,fo95Y2hadaw
storytime,family,happy,low,medium,Ksk_K5PgMZM
storytime,family,dramatic,medium,high,SVdFMZnHgEU
other,general,happy,medium,low,3orYB7_7OTI
vlog,family,happy,low,low,HajrYXDEDFc
challenge,teen,excited,low,low,KA3d8pSiQJE
vlog,tween,happy,low,low,jzWag9MsAx4
storytime,family,sad,low,high,A3gKtM0bsIw
storytime,family,happy,low,low,_U2DvVpfDSA
storytime,family,happy,low,low,l3_sEhYBErw
prank,teen,excited,low,low,PXi9sVgImLI
other,general,neutral,low,low,9h51ML21wQs
storytime,family,emotional,low,medium,yJ-6k8VZIAQ
storytime,family,happy,low,medium,5JoMNyynQqQ
other,family,neutral,low,low,QXY8H9iZrfo
lifestyle,family,neutral,medium,low,MbmD5ZJGzGs
storytime,family,dramatic,low,medium,RsdGGeDWl_Q
storytime,family,dramatic,low,high,ZTpZZE--XXU
storytime,family,sad,low,medium,TBYKtkBUHJU
storytime,family,happy,low,medium,ARlIjH0ij7c
vlog,family,happy,low,low,-Ze43SjmR9w
storytime,family,dramatic,low,medium,IqQLkftZTT4
storytime,family,sad,low,medium,IC87dy1Nj5Q
challenge,tween,excited,low,low,Ij0fI5kCWv8
other,general,neutral,none,low,9zMxb17DMUM
other,general,neutral,none,low,Zbot8he4ZCc
other,general,neutral,none,low,puxjOc92kG8
other,general,neutral,none,low,myBCVyhq-6Y
other,general,neutral,none,low,2wmJOZNzeDE
other,general,neutral,none,low,nRbuVaOlUhE
other,general,neutral,none,low,1gIowbZK3Fg
other,general,neutral,none,low,eFJtAfo05DA
other,general,neutral,none,low,QFjDUpMQPRM
other,general,neutral,none,low,N1PXjVdmMs4
other,general,neutral,none,low,H9RcqVHvjxM
other,general,neutral,none,low,f7InPXfPsV8
other,general,neutral,none,low,Hvd8RNd2rwU
other,general,neutral,none,low,Z4ljzJuLhxQ
prank,family,excited,low,medium,CUdONzxaTu8
reaction,family,dramatic,low,high,AmtrhZPo7No
challenge,family,excited,low,medium,piCb5fGIZHM
storytime,family,dramatic,low,high,G2lLBiyZxKs
prank,family,excited,low,medium,3Qw5o5uTfYo
other,general,mysterious,none,low,TgmcVK5Z2JI
vlog,general,excited,medium,low,C9GanXviuds
vlog,general,happy,medium,low,7xuGI7xO_cQ
music,family,happy,low,low,ESlMhwK_yK8
other,general,happy,none,low,-jmfIrbo-rc
vlog,family,happy,high,medium,ey_yThwa9zs
challenge,family,excited,low,low,BG_V4bN7LdM
lifestyle,general,excited,medium,low,p79w-7iSs8g
storytime,family,dramatic,medium,medium,fdP2qcKGiUw
lifestyle,family,dramatic,medium,medium,y33_PFRM86w
storytime,family,dramatic,medium,medium,OCET05T4PBM
other,general,happy,low,low,rpHXOgCWibo
prank,family,excited,low,medium,Vgp7_hMrOd4
other,general,neutral,none,medium,f16wIBp_uFc
lifestyle,family,excited,low,low,pwkC8NiLHbw
toy_play,family,happy,medium,medium,2QbIK-3dcUs
vlog,family,happy,low,low,nxBbHkSlXHk
lifestyle,family,happy,low,low,sFx3bc6TyVY
other,general,neutral,none,low,qGvFATT_SYA
other,general,neutral,none,high,iSPVv0YaKZY
prank,family,happy,low,medium,1gNUnNbwcOQ
challenge,family,excited,low,low,P7Pba2-j5AQ
toy_play,family,happy,medium,high,LbCAJZpWwFE
vlog,family,happy,low,low,Ziqow5hBwW8
game,toddler,happy,low,low,H3TvSP30lrM
other,general,neutral,none,low,g7mzGOfdVLQ
lifestyle,family,neutral,low,low,O6VON2LNNik
storytime,family,neutral,low,high,OPZrTetean8
educational,family,neutral,low,high,1sZE5qyiADI
storytime,general,dramatic,low,medium,r6pMuptW2NM
drama,general,dramatic,none,low,YBbgO2jR9EM
lifestyle,family,happy,low,low,9Bt2vgj-x2w
vlog,general,neutral,low,low,p7uCni_gplQ
vlog,family,neutral,low,low,2n3m9CnzYIE
other,family,neutral,low,low,wP0Qdb0RdQk
toy_play,family,happy,low,low,G1OIePCg1XQ
lifestyle,family,neutral,low,low,FGAseF35rr8
storytime,family,happy,low,low,_30qOKlwZbA
mukbang,general,dramatic,medium,low,MbfZ3DFbqDU
vlog,general,neutral,medium,low,e8uDjt6TDwA
religious,general,neutral,low,low,cbb7ewKomig
game,family,excited,low,low,XjZv_kzQ_H0
game,family,excited,low,low,ZUYRjlxC6-8
vlog,general,neutral,low,low,hVP1rWcJlco
educational,teen,urgent,low,low,pniYvnvmdiY
other,general,neutral,none,low,eWjRmHvhihg
other,general,neutral,none,low,7UQIGW6iltY
other,general,neutral,none,low,2Zkq8pLg0lA
other,general,neutral,none,low,viR_0wlYWe0
other,general,neutral,none,low,KPu1nGJqEQA
other,general,neutral,none,low,2PSTi1pRsq8
other,general,neutral,none,low,-wyneUl95cU
other,general,neutral,none,low,4uwLhl3xZoQ
other,general,neutral,none,low,AmZ7kCfQ1ok
other,general,neutral,none,low,X-UQRwZI6xU
other,general,neutral,none,low,GhMdgMgvpJo
other,general,neutral,none,low,i2mcX2NaepQ
other,general,neutral,none,low,sGYAJmdJglE
other,general,neutral,none,low,9KBP8ZETpkQ
other,general,neutral,none,low,36r-8ccojbY
other,general,neutral,none,low,pJmrlvXJeHc
other,general,neutral,none,low,DBM1sCIOspA
other,general,neutral,none,low,DmesSbzmoMs
other,general,neutral,none,low,E0BVFjfDm3c
other,general,neutral,none,low,Vd6JyxxpcWs
other,general,neutral,none,low,4JUXK3YGGmI
other,general,neutral,none,low,vo4Hp1yRoak
other,general,neutral,none,low,k-7pvtiRGpE
other,general,neutral,none,low,V3pqVGUVZ_g
other,general,neutral,none,low,FykDiZB04Zs
other,general,neutral,none,low,O4EqFMBndmw
other,general,neutral,none,low,Mau6YPR57_M
other,general,neutral,none,low,J44jQ-FswOA
other,general,neutral,none,low,uA0jE78e-zo
other,general,neutral,none,low,CtRhieRj4Vs
other,general,neutral,none,low,YY8MNOnE8bg
other,general,neutral,none,low,l6-WOb5hyQs
other,general,neutral,none,low,k9kBQc9nFew
other,general,neutral,none,low,9UBXRBjuyY0
other,general,neutral,none,low,tWNgoctbhWc
other,general,neutral,none,low,d4vM7EaHfUs
other,general,neutral,none,low,gKCliTxAA_Q
other,general,neutral,none,low,BTvFFV71pI8
other,general,neutral,none,low,qaGQHO8GV04
other,general,neutral,none,low,ivJDFJhPWKI
other,general,neutral,none,low,M1niyUJeYtk
other,general,neutral,none,low,Dm2jvR4Qcrk
other,general,neutral,none,low,GeyjL1ZlRp0
other,general,neutral,none,low,kDIwI5PSTm8
other,general,neutral,none,low,AkWwD12z1Z8
other,general,neutral,none,low,LgYhKngvzCw
other,general,neutral,none,low,5H6HHW7QTzw
other,general,neutral,none,low,NJwI_e2tDbk
other,general,neutral,none,low,z3-1UuIubVQ
other,general,neutral,none,low,uu1h0z1NlrQ
other,general,neutral,none,low,PYMws6g63zc
other,general,neutral,none,low,usrs7WbTcWQ
other,general,neutral,none,low,9HrKHa4d3fM
other,general,neutral,none,low,1FM5KgMiYks
other,general,neutral,none,low,H9ihWtVnQ6U
other,general,neutral,none,low,Qeb-CfhgnSg
other,general,neutral,none,low,zCsHZsLsj7A
other,general,neutral,none,low,O3Fe20Vxpcw
other,general,neutral,none,low,2TkyRlh-nw0
other,general,neutral,none,low,gOxCJHsrBzs
other,general,neutral,none,low,3SbnVzg9aN0
other,general,neutral,none,low,UqseX952tYA
other,general,neutral,none,low,fNdBrNz-uCk
other,general,neutral,none,low,ZylCVd0Loxg
other,general,neutral,none,low,vRgQLNqqRiM
other,general,neutral,none,low,8ZcvSpaJq7Y
other,general,neutral,none,low,g8yc6KnQQT4
other,general,neutral,none,low,r4UvCKfG5_A
other,general,neutral,none,low,yXKJVa7ueFs
other,general,neutral,none,low,x_8Pyg5ASrw
other,general,neutral,none,low,1SlslrMCbWA
other,general,neutral,none,low,FYOm8X8s9Qs
other,general,neutral,none,low,4LQriHW4bTw
other,general,neutral,none,low,MpsYvXCguSU
other,general,neutral,none,low,17ILDiFwG28
other,general,neutral,none,low,3YKx2MvLgXw
other,general,neutral,none,low,A-QkKraNM2Q
other,general,neutral,none,low,YGOVM2mHFdc
other,general,neutral,none,low,HBRDbrVTZdg
other,general,neutral,none,low,tcKW9Bb-pTQ
other,general,neutral,none,low,f-llqtsHIsc
other,general,neutral,none,low,B_aa5VokVXA
other,general,neutral,none,low,WtRjnWDf1LI
other,general,neutral,none,low,QNkoiHtS8nU
other,general,neutral,none,low,7HgN6RanSAM
other,general,neutral,none,low,KyZEVrNf0UY
other,general,neutral,none,low,vls0l7DhkF4
other,general,neutral,none,low,SkJvBXKdf8o
other,general,neutral,none,low,6TsPrCOCnkY
other,general,neutral,none,low,dL-SbE8ZZ8I
other,general,neutral,none,low,LERBoLHMq04
other,general,neutral,none,low,RGcs7zVH5U4
other,general,neutral,none,low,6vmWw0NlmK0
other,general,neutral,none,low,60AFYb3Rhyg
other,general,neutral,none,low,DxApaesUFxo
other,general,neutral,none,low,HcQsHrRQRtU
other,general,neutral,none,low,RyjFIGmgyjg
other,general,neutral,none,low,qSwSfUmFp3k
other,general,neutral,none,low,5hx_53fOJrs
other,general,neutral,none,low,7upvrvwMduY
lifestyle,family,happy,low,low,B7LYcwN9RXE
storytime,family,neutral,low,low,_Q-W0GjlZoA
mukbang,family,happy,low,low,O5hptG47iO8
storytime,family,happy,low,low,pmlvfBBklBw
mukbang,family,excited,low,low,xODCXlojGwc
prank,family,happy,low,medium,wquIgyUjrZo
drama,teen,dramatic,low,medium,c5KNAXBhvtc
storytime,family,dramatic,low,medium,NrxceDr-Oig
mukbang,family,neutral,low,low,LuxFXcvPp2w
lifestyle,tween,happy,high,low,k21xL8UMKFU
vlog,family,happy,low,low,QgMCO2Z9ISE
announcement,family,excited,low,low,Nz0BdSwBCNY
storytime,family,dramatic,low,medium,SyPFepqAycM
roleplay,tween,happy,low,low,sN2yRaJXloc
lifestyle,family,happy,low,low,Hlu_oNT_-sc
vlog,family,happy,low,low,-vdk165jb-8
drama,teen,dramatic,low,medium,O6AejRkl4OM
drama,teen,dramatic,low,medium,29kk-E7Tv0Q
music,family,happy,low,low,9zN7Jj7Jipc
event,family,happy,medium,low,hWFpNB_64gw
lifestyle,family,neutral,low,low,vCcG6StyUIs
vlog,young_child,happy,low,low,-86Mp2yFwaw
drama,teen,dramatic,low,high,x8-EenKQr28
educational,family,neutral,low,low,G2FRlRXpIDs
drama,teen,dramatic,low,high,4O9vZiiTMA8
lifestyle,family,happy,low,low,Ecga87tmWxc
prank,family,happy,low,medium,yba6i2oxgGk
drama,teen,dramatic,low,medium,yRTntNmZQIM
lifestyle,family,happy,low,low,kPUfI88xhCs
drama,teen,dramatic,low,medium,cSTJystrU88
family,family,happy,low,low,cqx-AhK0g4A
drama,teen,dramatic,low,medium,AEwLr1UXAXc
storytime,family,neutral,low,low,l6Tyrw1Gkns
other,family,mysterious,low,low,nNtK1j6XhBw
lifestyle,family,happy,medium,low,itpgnkwLYuE
vlog,family,neutral,low,low,tNomQo9F9To
drama,teen,dramatic,low,high,qWuoiCwIv_E
challenge,tween,excited,medium,low,pkRqLxIugL4
lifestyle,tween,happy,high,low,fW2KD3-Xdb4
other,general,neutral,none,low,R2ltjVZcSB8
other,general,neutral,none,low,02GzfcoO_L4
other,general,neutral,none,low,f-AqskeVxXE
other,general,neutral,none,low,mUszdnOFbA4
other,general,neutral,none,low,ODMzxpnHB3U
other,general,neutral,none,low,-nF12qPMaaw
other,general,neutral,none,low,Eo_gRBNrW_8
other,general,neutral,none,low,bED4x7jl8JI
other,general,neutral,none,low,9_S6EDJtkdI
other,general,neutral,none,low,-Vi3eP8_yaY
other,general,neutral,none,low,-cQs6_9xdBQ
other,general,mysterious,none,low,G0vdSLAeOYc
other,general,neutral,none,low,GhdR_mcMFQs
drama,tween,dramatic,medium,medium,iWkpM_EnAvk
storytime,tween,happy,low,low,dcD_VAykrkw
drama,tween,dramatic,medium,medium,ce1SrpT59L0
prank,tween,urgent,medium,medium,uPZtcdaZO_E
drama,tween,dramatic,medium,medium,b0RBWMgazYU
storytime,tween,dramatic,low,low,Qo6m8KIy1-c
drama,tween,dramatic,medium,medium,9AsCJzMXh3Q
challenge,tween,excited,medium,medium,B6RLoLRm4uA
drama,tween,urgent,medium,high,AXZcCNc7ffk
drama,tween,sad,low,high,tfgeyLiY55A
challenge,tween,excited,medium,medium,_pBD87M7pg4
other,tween,happy,low,low,xN4WNi3xcGw
lifestyle,tween,excited,medium,low,Jsdoa1DlM7o
drama,tween,dramatic,medium,medium,cDJ2XYK2LBo
drama,tween,dramatic,medium,medium,I-kyGxahgho
challenge,tween,neutral,low,low,YEPYuwwcu2A
storytime,tween,happy,low,low,9kFnqF3s6to
storytime,general,neutral,low,low,xvz0w6ofxBQ
reaction,tween,happy,low,low,GFnzbfB--dw
lifestyle,general,dramatic,medium,low,8odoPmaNZUY
lifestyle,tween,happy,medium,low,nhxyOm6JkGo
storytime,tween,neutral,medium,low,q1S0g4Tr5-s
mukbang,tween,happy,medium,low,FovXJf83Nj8
storytime,tween,sad,low,low,LWppaJo2oDg
challenge,tween,happy,medium,low,i9QonsVeFxg
other,general,happy,low,low,uqsAtKs03O8
lifestyle,general,neutral,low,low,awgGSL0MfEk
reaction,general,happy,low,low,PlJXXDNijpI
tutorial,tween,neutral,low,low,n2Jyfr7mvV0
drama,tween,dramatic,medium,medium,7bJR-kjBK0U
storytime,tween,dramatic,medium,medium,_NKsy8LzzLk
roleplay,tween,neutral,medium,medium,6E7nxP3iD4c
storytime,general,dramatic,medium,medium,vCCNymSCacA
lifestyle,family,happy,medium,low,X6cdhaZdVkE
educational,tween,neutral,low,low,GoE1ZdDi7CE
lifestyle,tween,neutral,medium,low,BH440mnes_g
game,tween,happy,medium,low,_ezmceSGPew
challenge,tween,happy,medium,low,S3benV-TojY
lifestyle,tween,dramatic,medium,low,vab2QOHSukU
challenge,tween,happy,medium,medium,feRWlvv0Cas
lifestyle,family,dramatic,medium,low,SJGbxtSBJc0
other,general,happy,none,low,8emNe2tDQh4
prank,tween,excited,medium,medium,ns6Hu9zlEug
other,general,neutral,none,low,0T7hDz-lN_M
other,general,neutral,none,low,DkCh1rt08BU
other,general,neutral,none,low,SR1pKCbu6sI
other,general,neutral,none,low,hJMe3wbmQWU
other,general,neutral,none,low,MnbK81zJexg
other,general,neutral,none,low,bAf-2cI6D8Q
other,general,neutral,none,low,WBuhKEBpMvg
other,general,neutral,none,low,HbEvXigEf4g
other,general,neutral,none,low,D8SuSM0Mrig
other,general,neutral,none,low,3q3d-Bi5L2s
other,general,neutral,none,low,f79TEfv33yQ
other,general,neutral,none,low,T-KJaZ1lmqM
other,general,neutral,none,low,sae_R6iZxhE
other,general,neutral,none,low,jwQt32yPmHI
other,general,neutral,none,low,gX_SbqyTPfU
other,general,neutral,none,low,xA1ffQGAsT0
other,general,neutral,none,low,N6vrlgmSIrE
other,general,neutral,none,low,EtixPzvI3sg
other,general,neutral,none,low,ARMYSLO2kiU
other,general,neutral,none,low,HpfAV69DycA
other,general,neutral,none,low,dNEf0MjuQIs
other,general,neutral,none,low,eyfAvrpK9h8
other,general,neutral,none,low,L4_1QUDpJM0
other,general,neutral,none,low,JcU_2diW090
other,general,neutral,none,low,CJ-dVdW8hbM
other,general,neutral,none,low,0uqutaUyGOg
other,general,neutral,none,low,PLqo32dv1vk
other,general,neutral,none,low,2q-ElKeOp5s
other,general,neutral,none,low,0sXw2hIEsGo
other,general,neutral,none,low,6II8oDdIblQ
other,general,neutral,none,low,eSVd5qi4dfc
other,general,neutral,none,low,KMZonb0vIxc
other,general,neutral,none,low,wJHjcqAfhpI
other,general,neutral,none,low,UZ4LF99rDM4
other,general,neutral,none,low,qzv2CJd0Ly0
other,general,neutral,none,low,W36yNCjKgaw
other,general,neutral,none,low,KTOwPz-zMWY
other,general,neutral,none,low,WRVsOCh907o
other,general,neutral,none,low,3qVJ8PzzZV4
other,general,neutral,none,low,PVxPg-5GEAQ
other,general,neutral,none,low,serHdZPjDPw
other,general,neutral,none,low,Pc_LPWl6HM8
other,general,neutral,none,low,Vek5OvtYu0E
other,general,neutral,none,low,QB37KhyEIOw
other,general,neutral,none,low,uI05ZB78-vw
other,general,neutral,none,low,CSZXNpCJDDQ
other,general,neutral,none,low,2-r2jsXlsR4
other,general,neutral,none,low,h5EOvWV1uQo
other,general,neutral,none,low,gPOKVaO7YYY
other,general,neutral,none,low,Z3_hO999i2w
other,general,neutral,none,low,p7vgpA23eCY
other,general,neutral,none,low,3Mh3Y9Y_jpM
other,general,neutral,none,low,dPmiGRcbmC0
other,general,neutral,none,low,qYNHPInzqko
other,general,neutral,none,low,ojr9a039_xQ
other,general,neutral,none,low,61cH5RhLjzY
other,general,neutral,none,low,xaUX8RzAF4Y
other,general,neutral,none,low,4e07TnTjH0s
other,general,neutral,none,low,wV3N-wCRL2k
other,general,neutral,none,low,KFhswSHpc7w
other,general,neutral,none,low,q_bwOfVzQK0
other,general,neutral,none,low,6ob4yKfaxZk
other,general,neutral,none,low,P8UGRgncqMA
other,general,neutral,none,low,ljHGusbX7Bk
other,general,neutral,none,low,QzY1I-h6k58
other,general,neutral,none,low,NG2fvs2Qf9c
other,general,neutral,none,low,xqkGPgtFHR4
other,general,neutral,none,low,pivktB6BFuw
other,general,neutral,none,low,a8RFwb4XA_s
other,general,neutral,none,low,wiA-zuAq5-s
other,general,neutral,none,low,aBXRYuezlMw
other,general,neutral,none,low,9qHqG6FgkI8
other,general,neutral,none,low,s9YxssKcPY0
other,general,neutral,none,low,E8OYFtH2OVk
other,general,neutral,none,low,03-viTXzNig
other,general,neutral,none,low,2TS6e2Lb5V0
other,general,neutral,none,low,o0ZwLaZzorw
other,general,neutral,none,low,-ReMkbABWGU
other,general,neutral,none,low,f2cRB8faeuw
other,general,neutral,none,low,z6T2P_hZ4qY
other,general,neutral,none,low,Wwye_hGRulA
other,general,neutral,none,low,oic8q54F78c
other,general,neutral,none,low,Aj7FrvupKWE
other,general,neutral,none,low,fKJi4DYorzc
other,general,neutral,none,low,WZhrG63LRpc
other,general,neutral,none,low,9YtDeJPjIRI
other,general,neutral,none,low,G443nXE6YDU
other,general,neutral,none,low,P-QMwp9RkVs
other,general,neutral,none,low,MGEelVrBDWc
other,general,neutral,none,low,q8XqCMByW_Q
other,general,neutral,none,low,g7BD49c31Cc
other,general,neutral,none,low,oX3IAEPXDQ4
other,general,neutral,none,low,lC9r6gYoSPI
other,general,neutral,none,low,hw5bRjkGTdo
other,general,neutral,none,low,GKwQEChaygw
other,general,neutral,none,low,hoo6cRernC0
other,general,neutral,none,low,JOPNp_AMd64
other,general,neutral,none,low,9RxK3VLio4U
other,general,neutral,none,low,sP9yiM1htqQ
other,general,neutral,none,low,PjDPIUCtxQ8
other,general,neutral,none,low,uOMaaCSHa5E
other,general,neutral,none,low,xHhdn4RX7as
other,general,neutral,none,low,QIgqLYUGjdw
other,general,neutral,none,low,63_4A18uk-Y
other,general,neutral,none,low,53YI-5pzlME
toy_play,toddler,happy,high,medium,E6CArmgMYo8
tutorial,young_child,happy,low,low,le8X8oQBIhI
music,toddler,happy,high,low,AvForttnBmE
vlog,family,happy,medium,medium,9cn1NnY7Rsg
vlog,family,excited,high,medium,WZQUrpeNME4
storytime,family,happy,medium,medium,X-tT1Yr5fiM
vlog,family,sad,low,medium,ui966lLf_OM
other,family,dramatic,low,medium,3CIw1QuW_Qs
storytime,family,neutral,low,medium,lNWudgOq5Cc
prank,family,urgent,low,medium,2Bqz8FgZFQk
drama,family,dramatic,low,high,nd0GVB7pPyU
drama,family,sad,low,high,LDyfwamel_g
challenge,family,excited,low,medium,6uNDz32wIeQ
storytime,family,dramatic,low,medium,H2b24DOj7sQ
vlog,family,happy,low,low,PG9eOvpeLFo
storytime,toddler,happy,low,medium,RKQWFGo3VQU
educational,young_child,happy,low,low,xg3Ic_fS0oc
lifestyle,family,happy,low,medium,4Tx2uMAhsPM
vlog,family,happy,low,medium,rIoMDDmn4tU
vlog,family,excited,medium,medium,DqcmQDPfaTE
challenge,family,excited,medium,medium,r5VazUPLG4s
prank,family,happy,low,medium,9QCM_c338A0
toy_play,toddler,happy,medium,medium,PJZQoyHRMjQ
storytime,family,neutral,low,medium,xEsnypfTaBU
storytime,toddler,happy,low,medium,RY2re4VImKU
lifestyle,family,neutral,low,low,NuIq0YIqdvM
lifestyle,family,happy,low,low,sngkRsfaFY8
toy_play,young_child,happy,medium,medium,HdI94BnjafM
vlog,family,excited,medium,medium,L_gK0LNGI88
toy_play,young_child,happy,medium,medium,x8lVlA6RQYA
lifestyle,family,happy,low,low,bsf6BRlTT8o
mukbang,family,happy,low,medium,8QiipKeIJSw
lifestyle,family,neutral,low,low,avVjlX0vvEk
vlog,family,excited,medium,medium,r6AqfPCiiXY
challenge,family,excited,medium,medium,LSxkhiQWNnk
toy_play,young_child,excited,medium,medium,DSouswLxzZU
drama,family,mysterious,low,medium,MsxVIAZuxI4
storytime,young_child,happy,low,medium,20YNkNvrGYA
drama,family,urgent,low,high,n26hKNn8Tn8
lifestyle,family,neutral,low,low,SPChTyyF5so
other,family,happy,medium,medium,xoC2RrfD6zc
other,general,neutral,none,low,DKHpktbPbZs
other,general,neutral,none,low,cTtWT2sldo0
other,general,neutral,none,low,m9BMzVzWWaU
other,general,neutral,none,low,-5K-LRTzRFI
other,general,neutral,none,low,Hsch3I-jpTg
other,general,neutral,none,low,SBSwMnU6q3Q
other,general,neutral,none,low,N0ePUE-xovc
other,general,neutral,none,low,5rdegfemyAY
other,general,neutral,none,low,r_A2Mi-anFk
storytime,family,sad,low,medium,5gh9qvmsXss
prank,family,happy,low,medium,BcoVASvLE7c
vlog,family,happy,low,low,RF8wfWIbuKY
game,young_child,excited,medium,low,h57ts1Ld4fs
other,family,dramatic,low,medium,5IhIPXymrgc
storytime,family,dramatic,low,medium,CE33Z9GkSvU
vlog,family,happy,low,low,u1edxb9zR3Y
storytime,family,dramatic,medium,medium,lCoQCY5r7iA
vlog,family,neutral,low,low,DJLKAW09cPU
vlog,family,happy,low,low,YMZAGHg1SNg
other,family,dramatic,low,medium,YHHnmsXzDo8
reaction,family,happy,medium,low,8StkE0Dq-UY
vlog,young_child,happy,low,low,x-aqkCkMfdo
other,family,dramatic,low,medium,5tWllkNpDOE
mukbang,family,neutral,medium,low,QD7LZd3VL0g
drama,family,urgent,low,medium,jT-ilwrszkQ
vlog,family,happy,low,low,okMwAFpkI3A
lifestyle,family,happy,low,low,sczVL00Oj0g
vlog,family,excited,medium,low,RY3K74Cd6Tw
challenge,family,excited,medium,low,sozKEwca53Y
other,family,urgent,low,medium,7Q2MlQ2X5_4
vlog,family,happy,low,low,USH6TWocLp8
vlog,family,happy,low,low,0ERMkUGGI74
challenge,family,excited,medium,low,AhOgNSJDHoc
roleplay,tween,happy,low,medium,Hnx7yVsvM54
lifestyle,tween,happy,low,low,xoQy0-XD-EE
toy_play,young_child,happy,medium,low,k6qtTtldGMk
storytime,family,dramatic,low,medium,ZwrsoBWgGGM
storytime,family,neutral,low,medium,8veIc6W-lbk
vlog,family,happy,medium,low,MGaGn8PMCQg
vlog,family,excited,medium,low,zk11-4Tfhak
vlog,family,neutral,low,low,0PMszwiARBg
tutorial,teen,excited,medium,low,lQ6PY1FPyxA
other,general,neutral,low,low,QW-G28BhjXI
vlog,family,happy,low,low,07Pcgi6xT9E
storytime,tween,dramatic,low,medium,ptKIYFgDCfw
vlog,family,happy,medium,low,FzyJQIheCTw
reaction,family,dramatic,medium,medium,IA9LkSl-kFk
drama,family,dramatic,low,medium,XujSr5VVmzY
lifestyle,family,happy,low,low,Wk9BwBRwAJk
drama,family,dramatic,low,medium,I1SMMdAooj8
lifestyle,family,neutral,medium,low,3jmUiNVOvzo
storytime,family,dramatic,low,medium,qxIPXibZxWQ
other,general,neutral,none,low,EGsAo4tljaM
other,general,neutral,none,low,2sGxX07P6nE
other,general,neutral,none,low,v6K-LgcyEl4
other,general,neutral,none,low,GM038ihfr3A
other,general,neutral,none,low,NdRULNAxuao
other,general,neutral,none,low,Zs5Tq3o8I1k
other,general,neutral,none,low,43elTNKlVdM
other,general,neutral,none,low,Wb8mu9GT33Y
other,general,neutral,none,low,DbqWY60KjBo
other,general,neutral,none,low,rnKzGBwoVV8
other,general,neutral,none,low,bndiXyksmTM
other,general,neutral,none,low,zAsPFQzA2qo
other,general,neutral,none,low,ILLDClEY5sc
other,general,neutral,none,low,_D2Mr6HIO5c
other,general,neutral,none,low,ZzlSkyII3uM
other,general,neutral,none,low,rwAxvdQO_Y4
other,general,neutral,none,low,rxhGiV1--fU
other,general,neutral,none,low,YYasabDWA8o
other,general,neutral,none,low,OgJWT4j4tDo
other,general,neutral,none,low,1-oZvjKuCOs
other,general,neutral,none,low,abr9-2zOKj4
other,general,neutral,none,low,wxp6peJKOkY
other,general,neutral,none,low,2gPBPPTSW3g
other,general,neutral,none,low,3uCK2C2H8LY
other,general,neutral,none,low,h7SgKwu4nww
other,general,neutral,none,low,Sjnk2JSkmwA
other,general,neutral,none,low,X1cmBizrYcg
other,general,neutral,none,low,cDtIJO1vJyk
other,general,neutral,none,low,pyTaQeOeqps
other,general,neutral,none,low,gB9Q3rGA280
other,general,neutral,none,low,3qEVNfhNgVI
other,general,neutral,none,low,BhZjIpGvQeE
other,general,neutral,none,low,-ku6z_yGa68
other,general,neutral,none,low,FmTEcdjQhSA
other,general,neutral,none,low,QiZZf13KWaY
other,general,neutral,none,low,m91kF-nk-1U
other,general,neutral,none,low,0VBdWi_OmcI
other,general,neutral,none,low,jyjx4TzAtaM
other,general,neutral,none,low,L462aWPcoW8
other,general,neutral,none,low,gCEvnhHRCsM
other,general,neutral,none,low,eApdwBUDHHw
other,general,neutral,none,low,kdGKeg3mJAI
other,general,neutral,none,low,gktHroK26ao
other,general,neutral,none,low,Lk3oZ2W_300
other,general,neutral,none,low,xnWv_tXtDds
other,general,neutral,none,low,B2nVl1imBNc
other,general,neutral,none,low,eokuAILVULY
other,general,neutral,none,low,FgMncyesZYk
other,general,neutral,none,low,I4KLaFQZNPA
other,general,neutral,none,low,fGGajQyPaG4
other,general,neutral,none,low,l6KypIE_DQk
other,general,neutral,none,low,hACuyMtBJiA
other,general,neutral,none,low,WeJxbGOUJIY
other,general,neutral,none,low,8CflZF6r3YA
other,general,neutral,none,low,FaQaXwVoB8U
other,general,neutral,none,low,S4fquwtMYiY
other,general,neutral,none,low,qkUwIJc2tcs
other,general,neutral,none,low,38-tB7AgPGA
other,general,neutral,none,low,skUXbvWVVxo
other,general,neutral,none,low,tUBRKHo6Olo
other,general,neutral,none,low,KljjTQj0nO4
other,general,neutral,none,low,Y1QDsEOzeUU
other,general,neutral,none,low,IBZ7yzZqyJI
other,general,neutral,none,low,LZPGxuI0CFM
other,general,neutral,none,low,suEuGLTSecY
other,general,neutral,none,low,5Hc-p-sDhSQ
other,general,neutral,none,low,MoZ0vP9j8IA
other,general,neutral,none,low,2Itsr-pJMuI
other,general,neutral,none,low,-zZ2MCuQ_do
other,general,neutral,none,low,k3D5zKVjSnk
other,general,neutral,none,low,nypmlqXvAqY
other,general,neutral,none,low,MzgczMjQ-Uw
other,general,neutral,none,low,nfNpDV7sBBo
other,general,neutral,none,low,3GSn2zoIHrc
other,general,neutral,none,low,vaIE0MkalZI
other,general,neutral,none,low,jbKIAO2tlfA
other,general,neutral,none,low,ul-YvfAfsvw
other,general,neutral,none,low,UkgqM1j3qBs
other,general,neutral,none,low,L9__AYV1wOE
other,general,neutral,none,low,hPgSQfsCtZo
other,general,neutral,none,low,UtFtqHd6Z3g
other,general,neutral,none,low,J-b9i0tNEPQ
other,general,neutral,none,low,ncEYHiiYvk4
other,general,neutral,none,low,246XtiyIKm0
other,general,neutral,none,low,o-VfZWfmzLQ
other,general,neutral,none,low,y-3sri2fsqc
other,general,neutral,none,low,_8mKKYl9PWw
other,general,neutral,none,low,KkdkmRUjMFM
other,general,neutral,none,low,TD3RXRptpIU
other,general,neutral,none,low,EhtkGtBBFCU
other,general,neutral,none,low,EXvWW2E6xpo
other,general,neutral,none,low,k0y9e0_KgGg
other,general,neutral,none,low,LllZitK8nns
other,general,neutral,none,low,uQ7ocxHsaxE
other,general,neutral,none,low,j9OkEQ7hw10
other,general,neutral,none,low,3Ct78X-CwKY
other,general,neutral,none,low,2ReiG0mVnrM
other,general,neutral,none,low,R2dpkxPn8b0
other,general,neutral,none,low,mMgp4T4WjvE
other,general,neutral,none,low,cGoACJpiVKY
other,general,neutral,none,low,D3gTHpkv7kE
other,general,neutral,none,low,1HEcqladzMY
other,general,neutral,none,low,8VfKv3loGw4
other,general,neutral,none,low,3QPc_d2WR0g
other,general,neutral,none,low,3tUPgxTlL4Q
other,general,neutral,none,low,L5JLbsPYUZQ
other,general,neutral,none,low,7yBrC_A6M7E
reaction,family,happy,medium,low,OrNVImqW86Y
challenge,family,excited,medium,low,gNG6QQNu584
tutorial,family,happy,medium,low,1kLrLzVhL0Y
vlog,family,mysterious,low,low,VGYxZ9eQd-0
roleplay,toddler,happy,medium,medium,6WKKpWVGOsc
vlog,family,excited,medium,low,jV_ChTwnpA4
vlog,family,neutral,medium,medium,UGuR3qJ7es0
storytime,family,happy,low,low,sTrXSTi51q4
challenge,family,excited,low,low,p0VoRUmPMP4
toy_play,tween,mysterious,high,medium,65ACpeHxjrk
challenge,family,excited,medium,medium,48_ME-7XzTY
other,family,excited,high,medium,Uc7aO7oupY0
vlog,family,happy,low,medium,x98mkSVak7U
reaction,family,happy,high,medium,BjSY0YqaGDQ
vlog,family,happy,medium,medium,7yfgGn3KJFw
roleplay,toddler,happy,medium,medium,X5Ft1ABsA7M
roleplay,toddler,happy,medium,medium,AtER-q70aF4
other,family,excited,medium,medium,aasf3Y8AcvU
toy_play,young_child,happy,high,medium,kPOrpfR2u_Q
lifestyle,family,neutral,medium,low,uNqK7yQjgjI
challenge,family,excited,low,medium,mPDHn85qbhI
vlog,family,happy,low,medium,UsN0-UAQ91c
vlog,family,excited,medium,medium,uBFQ4Gc59_o
vlog,family,mysterious,medium,medium,imEANdyOgEs
other,family,excited,medium,medium,SvWVo6YmCuY
reaction,family,happy,medium,medium,eKNWQ2bDztc
roleplay,toddler,happy,medium,medium,h6lnfmG1ZpA
vlog,family,neutral,medium,medium,G6F6Ey798gI
challenge,family,happy,medium,medium,BAPDDZh1bjI
challenge,family,excited,low,medium,ZHiOxqfGonA
challenge,family,excited,medium,medium,B9laZCbLYFY
challenge,family,happy,low,medium,5XUhvNGoSd4
roleplay,family,happy,medium,medium,XhOrxp1KqU4
challenge,family,happy,medium,medium,LhuvPgUGb-Q
roleplay,family,happy,medium,medium,flxZ9igq0jc
challenge,family,excited,medium,medium,51FdgDgog_Y
challenge,family,excited,low,medium,xSCj8_w87Js
challenge,family,happy,medium,medium,QjdIphboqrs
game,family,neutral,medium,low,aQfvEVcWzgA
challenge,family,excited,low,medium,ro7ujvly1XE
challenge,family,excited,medium,medium,YM1LBHhSQM4
other,family,excited,medium,medium,9xe1XW4C7X4
other,family,happy,medium,medium,VpWahPUKI7k
vlog,family,neutral,low,low,aZ4fLhWZvNc
other,general,neutral,none,low,ErbTIEV9-vo
other,general,neutral,none,low,DbWz3llRjCE
other,general,neutral,none,low,EgLZ9tHsVaI
other,general,neutral,none,low,Pw6uG2g3LnA
other,general,neutral,none,low,2VosMoh-iD0
other,general,neutral,none,low,A2mx5Jtc1Vk
other,general,neutral,none,low,OzEHVPo6w9o
other,general,neutral,none,low,cAoTZ8jtN6c
other,general,neutral,none,low,IDLfBp57ym0
other,general,neutral,none,low,Oy_IN4a9tMA
other,general,neutral,none,low,gJTylrn2mkY
other,general,neutral,none,low,DwopArb0Y04
other,general,neutral,none,low,3Q23nUNstpc
other,general,neutral,none,low,C4R6hDowwcE
other,general,neutral,none,low,aiq5408M79U
other,general,neutral,none,low,7pZX2IJjmJU
other,general,neutral,none,low,pmezVzroUNY
other,general,neutral,none,low,y3-2A_aI5FA
other,general,neutral,none,low,JpImU1yoRYE
other,general,neutral,none,low,YrLlbu9QSLg
other,general,neutral,none,low,Ak6pSTpRfII
other,general,neutral,none,low,JT0w0XadA74
other,general,neutral,none,low,5tNxOiPwqcQ
other,general,neutral,none,low,qYnZUWCNUA0
other,general,neutral,none,low,_BDkYRCiPxI
other,general,neutral,none,low,7N6eoKxrsW4
other,general,neutral,none,low,iCmAYvyoQ88
other,general,neutral,none,low,QXf5fiEYAmg
other,general,neutral,none,low,mxogJG_xkfU
other,general,neutral,none,low,6R6F371Hj3k
other,general,neutral,none,low,v3xwXBTdh0c
other,general,neutral,none,low,QJf_GPbdOhQ
other,general,neutral,none,low,M4vB2o8Q450
other,general,neutral,none,low,5J86oUxO8os
other,general,neutral,none,low,yXWE5w8So-k
other,general,neutral,none,low,hUci5oAJfZM
other,general,neutral,none,low,aPvVY3f8QX8
other,general,neutral,none,low,9hz8TPER1SU
other,general,neutral,none,low,fns54LfXzI4
other,general,neutral,none,low,K15nbVwNRBU
other,general,neutral,none,low,rzEV7orZe1M
other,general,neutral,none,low,9Q7O1DcqosA
other,general,neutral,none,low,lpzchjL5KZE
other,general,neutral,none,low,R2wwURvtKGQ
other,general,neutral,none,low,RmyJO2N1aiQ
other,general,neutral,none,low,GzoYctrYgRo
other,general,neutral,none,low,CstJBEVmloY
other,general,neutral,none,low,puNyD3WS7dI
other,general,neutral,none,low,Xdx3zRYXilU
other,general,neutral,none,low,BVUU9OHH3nM
other,general,neutral,none,low,GyUbokffXtg
other,general,neutral,none,low,PixiSLAkexk
other,general,neutral,none,low,Cud3x4TQ_0M
other,general,neutral,none,low,m4o2CCB2Fcw
other,general,neutral,none,low,98T5qXFMq-s
other,general,neutral,none,low,W4geBDBDK8I
other,family,excited,low,medium,-Z2fluVs5VI
storytime,family,happy,low,low,wSJ8-3B5e1c
reaction,family,dramatic,low,medium,ZWWf8i_LV44
vlog,family,neutral,low,low,ubXoU_3wqEw
challenge,family,excited,low,medium,dZWo7c5FEXA
challenge,family,mysterious,low,medium,_TGCmpDccD8
toy_play,family,happy,medium,low,q9-FWfnz1kk
drama,family,sad,low,high,SwNnvwbOhpk
music,family,happy,low,low,8OU2sNYWuvM
drama,family,dramatic,low,high,6TvjPjdco-c
vlog,family,excited,medium,low,aF9aM-rIpjc
storytime,family,dramatic,low,medium,fQWR2NidRQo
toy_play,tween,neutral,medium,low,YbTmCALNurc
vlog,family,excited,medium,low,vhS9ztcjrKs
challenge,family,neutral,low,medium,rXfOkO04RZc
vlog,family,happy,medium,low,c9r_2J1MePQ
vlog,family,excited,medium,low,p8Moji13aGc
tutorial,family,neutral,medium,low,l-BGalDQ_qc
storytime,family,neutral,low,medium,XFQTKU3T-ck
challenge,family,excited,low,medium,UJaiO_KuREg
game,family,excited,low,medium,e1ej-3WIaV0
challenge,family,excited,low,medium,hv5Wkl0RVEo
challenge,tween,excited,low,medium,FE4_PReBqGQ
music,tween,happy,low,low,gV5k5GA8QQ0
other,general,neutral,low,low,r0XkU_8LEfQ
lifestyle,family,neutral,medium,low,tkc7ZvlgMlo
prank,family,excited,low,medium,CuGrVpdgx9E
storytime,family,urgent,low,high,Iy1t0b2uegM
storytime,family,happy,low,low,yfVW-r5gYDk
unboxing,family,excited,high,low,5AzcVGjPTUI
drama,family,dramatic,low,high,AWO60UHe86M
storytime,family,dramatic,low,medium,FS1iKDX3waI
toy_play,young_child,happy,medium,low,x30xqTly4Lw
vlog,family,happy,low,low,xtVKbflA-6A
lifestyle,family,neutral,low,low,0wIKqbvMMLA
educational,family,neutral,low,low,wozz1YaQX84
lifestyle,family,happy,low,low,eG7A3AgmjqY
music,teen,happy,low,low,1cW-XF3DMKo
tutorial,family,happy,low,low,Y0uBoEeFBRs
other,general,neutral,none,low,c-pIQij6t-M
other,general,neutral,none,low,-xS9RbOyFHk
other,general,neutral,none,low,pCVHT4pUhXQ
other,general,neutral,none,low,Ir4P_-0zZUw
other,general,neutral,none,low,doOaEYbUkZQ
other,general,neutral,none,low,do8y54Uo9xw
other,general,neutral,none,low,sJIXqhXMFvQ
other,general,neutral,none,low,CeCLuWQdFZ4
other,general,neutral,none,low,jchnXu_GjFU
other,general,neutral,none,low,7MwWVk-6-R8
other,general,neutral,none,low,gVEN5uUAa2M
other,general,mysterious,low,low,ZiChaWnH7zE
vlog,general,neutral,none,low,EmHyUTl4Fds
vlog,family,neutral,low,medium,X2Vjb_W9DfU
toy_play,young_child,happy,medium,medium,9QGNElKNf-g
challenge,family,excited,low,medium,QzVzYNrVkxw
mukbang,family,excited,high,low,bItqSS8LYaE
toy_play,family,happy,high,medium,rwbozf1GJ-M
storytime,family,dramatic,low,medium,1ll3pMEHswU
vlog,family,dramatic,low,medium,unzAmyHdXJQ
storytime,family,happy,medium,medium,PJlAPx4Horw
storytime,toddler,happy,low,high,JIf5FXfuGv4
vlog,family,happy,low,medium,shGkowjL0iI
drama,family,dramatic,low,medium,B43WUkSYQew
vlog,family,neutral,low,medium,pGX5rWtr7nA
toy_play,young_child,happy,medium,medium,bzQTorsZlKE
haul,family,happy,high,medium,EKW_unvOhn0
reaction,family,happy,low,low,a8uF_2RxihQ
vlog,family,neutral,low,low,pLjXwTz4yus
storytime,family,dramatic,low,medium,d7Bi22N1jvo
toy_play,young_child,happy,medium,medium,xPLqh_fFOKU
storytime,family,dramatic,medium,medium,HLPKKvlqqo4
vlog,family,neutral,medium,medium,n1TGCocBLCk
storytime,family,happy,low,medium,WBsYThORtug
toy_play,young_child,happy,medium,medium,9qqqeo9l-3o
lifestyle,family,happy,low,medium,q1KD0KonRwo
vlog,family,neutral,low,medium,RhOGbHu8i2Y
storytime,family,dramatic,low,medium,Wfwn0ywVjzA
vlog,family,happy,low,medium,P0DdaDG4jmM
storytime,family,sad,low,high,FxUfjie00C4
drama,family,dramatic,low,medium,HnYnJqyoIxc
toy_play,young_child,happy,medium,medium,rMavSkf3yio
vlog,family,excited,medium,medium,oV4egHXL3No
storytime,family,dramatic,low,medium,JACmb-TxM4k
lifestyle,young_child,happy,low,low,UlioSkbYapQ
reaction,family,neutral,low,low,MfGpbPBY0eU
vlog,general,neutral,none,low,odXvXBBkLY0
drama,family,urgent,low,high,Ag5EtYiYutw
vlog,family,happy,low,medium,rtwxd63V9i4
challenge,family,excited,low,medium,oorpqvK6ZuU
toy_play,young_child,happy,medium,medium,sQ1P3V6mIrI
lifestyle,family,happy,medium,medium,pG3ql60CkDI
toy_play,young_child,happy,medium,medium,o2LPcX33S3o
reaction,family,happy,low,low,gZtFADiLRe4
vlog,general,excited,low,low,P6zaS_2_K4I
storytime,family,urgent,low,high,lh597W1mqlA
lifestyle,toddler,happy,low,low,8ZjzJu3Kg78
other,general,neutral,none,low,Q-tghfrMxaI
other,general,neutral,none,low,S9MV2Dry5B4
other,general,neutral,none,low,WAN-Yxsmb3U
other,general,neutral,none,low,V11E2tFxYgk
other,general,neutral,none,low,74Epq_m-Ii4
other,general,neutral,none,low,FV_VuwjxPxs
other,general,neutral,none,low,Vq9-ynfU1KM
other,general,neutral,none,low,cCbLEIfHa4s
other,general,neutral,none,low,_Nv1EzMnRpk
other,general,neutral,none,low,jiFD0wxTPoc
other,general,neutral,none,low,MuClE_GnxMM
other,general,neutral,none,low,PJPopXo2JNc
other,general,neutral,none,low,KLO0WXru-yI
other,general,neutral,none,low,CbJWLbn3_-E
other,general,neutral,none,low,Ib5pvJ9s8qM
other,general,neutral,none,low,i1ncbGXpC7o
other,general,neutral,none,low,rzYe6jdSJbE
other,general,neutral,none,low,j3lFg6TItQs
other,general,neutral,none,low,SjNjUCtXB5A
other,general,neutral,none,low,8SmxKXT9_Ww
other,general,neutral,none,low,zMPm5Ybnw6M
other,general,neutral,none,low,RZirObOhzSk
other,general,neutral,none,low,5KeOJgBrVdE
other,general,neutral,none,low,hQpHozkPu6I
other,general,neutral,none,low,m9MmngQecog
other,general,neutral,none,low,uM-CMVMCAWQ
other,general,neutral,none,low,E2COdEnqRhc
other,general,neutral,none,low,62PYfTXB3FU
other,general,neutral,none,low,1Zjx4ITQUE0
other,general,neutral,none,low,pAy7mI3s4Uw
other,general,neutral,none,low,263fAaOMzSU
other,general,neutral,none,low,NnnXziRO0YM
other,general,neutral,none,low,UvyjsYC8utM
other,general,neutral,none,low,P2FtCX1Jyp8
other,general,neutral,none,low,uYYHTwTWuCY
other,general,neutral,none,low,LGfuWpb8KBs
other,general,neutral,none,low,tM-1l0uYNtA
other,general,neutral,none,low,RxbmSXxp-k0
other,general,neutral,none,low,GgTwMDX6kEg
other,general,neutral,none,low,ZXlwf4fRYxU
other,general,neutral,none,low,8cCN2NNGzyQ
other,general,neutral,none,low,L-ty96YVx1E
other,general,neutral,none,low,90ap_6pukz8
other,general,neutral,none,low,n1im2gPYoBk
other,general,neutral,none,low,V7IVHKEa1T8
other,general,neutral,none,low,1kRtcoaw3J8
other,general,neutral,none,low,L5gG4HIUxJA
other,general,neutral,none,low,bRZwIE5G-sk
other,general,neutral,none,low,NTYQ1VnUUkQ
other,general,neutral,none,low,-2ZhvwO1Uw0
other,general,neutral,none,low,t-nQKe3a2wM
other,general,neutral,none,low,dEo0mGg7HA4
other,general,neutral,none,low,gKyif-XFNLQ
other,general,neutral,none,low,WLyYKildEes
mukbang,general,excited,medium,low,H1oXlZVU3Wg
unboxing,teen,excited,high,low,VeiKrzUsHTc
storytime,teen,dramatic,low,low,fgKgybCcTBs
unboxing,teen,excited,medium,low,FIxQP8vA6EA
prank,teen,happy,low,medium,GsjAQvRMPIE
unboxing,teen,excited,medium,low,F_UkRjs4Mpg
tutorial,teen,excited,low,low,S748cvd8lcQ
challenge,teen,dramatic,low,medium,8v_fyu4SWzk
challenge,teen,excited,low,medium,aGntDKgM-v0
reaction,teen,neutral,medium,low,oXg5TKvCBhM
unboxing,teen,excited,high,low,cxP7NYUwgO8
game,general,excited,medium,low,x686igAcYoo
tutorial,teen,excited,low,low,RC-ipbX2ID4
unboxing,teen,excited,high,low,_Y9FuxgUy5Q
challenge,teen,dramatic,low,medium,29M_8vm8Xz8
vlog,teen,excited,low,low,hYYsQIqrDa4
unboxing,teen,excited,high,low,Tj7R7AJnixk
unboxing,teen,excited,high,low,G9BACywYX1w
unboxing,teen,excited,medium,low,FMDihkFpUTc
reaction,teen,dramatic,medium,low,U-jYItX_Yvg
mukbang,general,neutral,low,low,2NFBNTDOAi8
mukbang,general,neutral,low,low,IUuAZs-Q6TY
unboxing,teen,mysterious,medium,low,0sMQWxXSH_4
tutorial,teen,excited,low,low,uHwDnY9EKHc
storytime,general,dramatic,medium,medium,y6p0WSQF57U
vlog,teen,excited,low,medium,F11Gg5-nBfY
unboxing,teen,excited,high,low,LkC3hdx6sKY
challenge,teen,excited,low,low,lpKPWIsM0cw
challenge,teen,excited,low,medium,4-vqDAQ32FE
vlog,general,happy,low,medium,S1G3RIjc_l8
unboxing,teen,excited,high,low,gbiFfxgVVSo
unboxing,teen,excited,high,low,T2CFfCKzctw
challenge,teen,excited,medium,low,dSpTRBgu8X0
challenge,teen,excited,medium,low,IR5g9U5EZCo
challenge,teen,excited,medium,low,P-jE6P8iBQg
other,general,neutral,low,medium,ilvh7PShS9c
storytime,family,dramatic,low,high,Vrv8JmHvSbA
challenge,teen,urgent,low,medium,KDSzCGkhSkM
drama,teen,dramatic,low,medium,6dYiRlbWwy8
game,family,excited,low,low,JYI95jCLBPk
game,family,happy,low,low,SaWRKSpMurY
vlog,family,excited,low,medium,Q7YTUdvGaT8
challenge,general,happy,low,low,Bpz-vM7UW9U
challenge,family,happy,low,medium,CTqNWDlt7PM
challenge,family,happy,low,low,MRF1vY6RNqY
challenge,tween,happy,low,low,SxSA-a7zVhI
other,general,neutral,none,low,c65wnT5hM5w
other,general,neutral,none,low,o4x8A04EozY
other,general,neutral,none,low,9SAi_DX3ZVY
other,general,neutral,none,low,zgYs2Qnk3sY
challenge,family,excited,medium,medium,pfLM6dtAM0g
unboxing,family,excited,high,low,p81SjnAFxps
roleplay,family,happy,medium,medium,sR0DLq2lMzU
storytime,teen,dramatic,low,medium,N8Kgz2wn6f4
vlog,family,neutral,low,medium,JNMGrbHYUUM
behind_the_scenes,family,neutral,low,low,Wfg-ucn4AbY
prank,family,happy,low,high,HhPY-QjxtHQ
roleplay,family,happy,medium,medium,dph7FUCjvLM
challenge,family,excited,medium,medium,u-n28E_MHf8
vlog,family,dramatic,low,medium,EXUuKYHyXPY
music,family,happy,low,low,Eg8OvSxmEIM
challenge,family,excited,high,low,rWK-xy4tq4k
vlog,family,dramatic,low,medium,-z8LgaxZEdM
challenge,family,excited,medium,medium,8s3G77tC28w
challenge,family,excited,medium,medium,BqbaDMNjCtY
challenge,family,excited,medium,medium,ahhe_Q210bs
educational,family,mysterious,low,low,aVzVjrpmmJI
challenge,family,excited,medium,medium,9eE0GTSsNrk
vlog,family,neutral,low,high,F8rhHf-Q23c
educational,family,neutral,medium,low,Dr1-Jhr22jc
drama,family,dramatic,low,medium,YRzZEXlkdMQ
challenge,family,excited,medium,medium,Ld4VQrUYd08
lifestyle,family,happy,medium,medium,Zf23JqCZxlU
challenge,family,happy,medium,medium,fT3Q00EPJ9c
drama,general,dramatic,high,high,7hneK7fOIWA
prank,family,excited,low,medium,C6aKA3C5Ow8
vlog,family,happy,medium,medium,EVavaq5bIQw
roleplay,family,happy,medium,medium,WSNPvVFV3JA
challenge,family,excited,medium,medium,dARtcG5DFkY
music,family,happy,low,low,uQDzZp3g3kY
storytime,family,sad,low,high,-AUuDeSALFc
challenge,family,excited,medium,medium,IQKsK8HvgN8
drama,family,dramatic,medium,medium,IHbM6f9u-q0
challenge,family,excited,medium,medium,grdLycdY0Z0
drama,family,excited,medium,medium,cEB9Y3rAC4E
vlog,general,neutral,medium,medium,3VGhDJiQRkA
challenge,family,excited,medium,medium,gdpFwSpq1Ac
challenge,family,excited,medium,medium,FjOgvbIH5Vk
game,family,happy,medium,medium,zsJea1H9PFk
other,general,neutral,none,low,uoVZkYVGpXk
other,general,neutral,none,low,4Xzw3WjqsG4
other,general,neutral,none,low,sic_A9CZxzw
other,general,neutral,none,low,WJ1GkCtuMQg
other,general,neutral,none,low,YnDNN1HkRSQ
other,general,neutral,none,low,1FPJxGYElBo
other,general,neutral,none,low,Aw6Lkc-m304
other,general,neutral,none,low,fdbgsx38_Xg
other,general,neutral,none,low,41W2u25eRAU
other,general,neutral,none,low,_gvYCiw4vh4
other,general,neutral,none,low,SGvZJ1fulPQ
other,general,neutral,none,low,HQ7J1kVYPmw
other,general,neutral,none,low,1MnD8z4n63k
other,general,neutral,none,low,TdW3eMUymPo
other,general,neutral,none,low,phgSrIr0jG0
other,general,neutral,none,low,2G87uyT2cwY
other,general,neutral,none,low,41BiVtY58i8
other,general,neutral,none,low,k5WJTvWpeRc
other,general,neutral,none,low,n4xyz3Fc4jI
other,general,neutral,none,low,ury4LPrMM9s
other,general,neutral,none,low,K2lGZw62i00
other,general,neutral,none,low,0v_o5A5uVhU
other,general,neutral,none,low,Ccl_qdxMYN4
other,general,neutral,none,low,pDPE0X29g-k
other,general,neutral,none,low,0ECiqci-Tdw
other,general,neutral,none,low,cxGJKP88hE8
other,general,neutral,none,low,ztsoFB9i5Ko
other,general,neutral,none,low,EJjS4urp18o
other,general,neutral,none,low,ClByqa4EOcs
other,general,neutral,none,low,t37_FN77JPU
other,general,neutral,none,low,52g5nzKO-e8
other,general,neutral,none,low,zwWylxGTlOk
other,general,neutral,none,low,PcusZbBuBig
other,general,neutral,none,low,qmAhBP3hx2g
other,general,neutral,none,low,m4iDAxiTOYA
other,general,neutral,none,low,WyB4NVtonTs
other,general,neutral,none,low,J6kj021vKw4
other,general,neutral,none,low,_wlj8rECGsY
other,general,neutral,none,low,S3PziU6vaJ4
other,general,neutral,none,low,16LtaND9038
other,general,neutral,none,low,ZQYJcVAlQdI
other,general,neutral,none,low,F3DTNnamtI0
other,general,neutral,none,low,LuCGb5ZXlDA
other,general,neutral,none,low,IR5CH_zbUtw
other,general,neutral,none,low,OGSAGYbsP5E
other,general,neutral,none,low,PSkcC7CG51U
other,general,neutral,none,low,dXuMMMtMgLI
other,general,neutral,none,low,o5NeRoFojxw
other,general,neutral,none,low,cxxmBiAIXGI
other,general,neutral,none,low,GyHSDeuiOlc
other,general,neutral,none,low,TvknIbIIu50
other,general,neutral,none,low,JStnNunJog0
other,general,neutral,none,low,uBu6nQHYBjY
other,general,neutral,none,low,ICHv_00h0_8
other,general,neutral,none,low,P1NM2FM5WcY
other,general,neutral,none,low,lKw2YtGrcrM
other,general,neutral,none,low,dZNZE00beLQ
other,general,neutral,none,low,vhbyTTqVAjE
other,general,neutral,none,low,BHg8w49lHfQ
other,general,neutral,none,low,3qUpyUeskHI
other,general,neutral,none,low,EiqA-xhTJbU
vlog,family,happy,low,medium,vWKxg7nSmFc
vlog,family,excited,medium,low,2YPQrG1lsJw
drama,family,dramatic,low,medium,cQmsSfN4SHI
shopping,family,happy,medium,low,onGhtv4Ez70
storytime,family,dramatic,low,medium,HOZbtzHz5tI
storytime,family,dramatic,low,medium,hSM9ju-DjxM
drama,family,urgent,low,medium,FFs9bQeaic4
shopping,family,excited,medium,low,pMVvoEgYkZI
vlog,teen,excited,low,low,nAk-mLphCbQ
drama,family,dramatic,low,medium,LSp2_2XX6F4
vlog,family,happy,low,medium,DugUutp96ys
storytime,family,neutral,low,medium,TVAsYVAjisg
unboxing,family,excited,high,medium,3VpP6UNqmII
vlog,family,neutral,low,medium,lEkPx5x9HAY
drama,family,sad,low,high,cj7ZNfkiYQ4
storytime,family,sad,low,high,XThvsN0SB2k
toy_play,toddler,happy,medium,medium,dubw90a_Ybk
vlog,family,neutral,low,medium,x9whfoArD0M
vlog,family,neutral,low,medium,fBc8-cnVwJE
lifestyle,family,happy,medium,medium,2ByqPEJENAA
other,family,happy,high,medium,yhB7gwiigbU
unboxing,family,excited,high,medium,3n-2KnBkrRA
vlog,family,dramatic,low,medium,PmoaIuS13eE
lifestyle,family,neutral,low,medium,-lsmCY7Kft8
drama,family,dramatic,low,medium,2DaJfqT53lI
vlog,family,neutral,low,medium,fQSDDlKuEHY
vlog,family,happy,low,medium,YW-DMkfN40Q
storytime,family,dramatic,low,high,c-UtJbhP3Sg
vlog,family,neutral,low,medium,wYlXjn02MjA
vlog,family,sad,low,high,xSiF-nitpS0
toy_play,toddler,happy,medium,medium,aAL0U9RSXLg
storytime,family,neutral,low,medium,uJKln2ilH-E
roleplay,young_child,neutral,low,medium,wP7NN6nV2EQ
challenge,teen,excited,low,low,pW5slv5p81A
storytime,teen,dramatic,low,medium,veIOue2FlFk
challenge,general,dramatic,low,medium,-Gm2_GwSWf0
vlog,tween,neutral,low,low,TDFKau7sA_o
other,general,neutral,none,low,LRGJs7D6hNc
other,general,neutral,none,low,Sb9NeWhUzbI
other,general,neutral,none,low,U3sDVUJ54II
other,general,neutral,none,low,7EHod52Xz_Q
other,general,neutral,none,low,ed2XAqQOcEE
other,general,neutral,none,low,-rbC2zPyv5o
other,general,neutral,none,low,axHot1FvcYc
other,general,neutral,none,low,75VHfV3Y8Bk
other,general,neutral,none,low,8LWobFWuGbc
other,general,neutral,none,low,cKgdE0wQxfg
other,general,neutral,none,low,9CJENT77Ly8
other,general,neutral,none,low,ybX1LDsp2rM
other,general,neutral,none,low,DixOr9Nt_c0
vlog,teen,excited,low,low,-YajYIC3YUY
storytime,teen,happy,none,low,IRBvyABP1ho
lifestyle,teen,happy,medium,low,sZKMyRyIE-M
mukbang,general,neutral,low,low,TNykw23SJUY
toy_play,family,happy,high,low,r5fLlgOT7ZM
vlog,teen,excited,medium,low,LaobYnrojQg
vlog,family,excited,low,low,hZzqnyr_Ev0
vlog,teen,excited,medium,low,2apY0ISBM9I
vlog,teen,happy,low,low,omRWTM-YJaA
roleplay,tween,happy,low,low,E_0Jz2-5S3c
challenge,family,excited,low,low,Nm5MkpjsI3o
vlog,teen,excited,low,low,KFyDhIydSR8
toy_play,family,happy,high,low,EcmrRZiVmFc
storytime,teen,happy,low,low,BTK3U2E3-DE
storytime,family,happy,low,low,ca9KC8Lrw14
roleplay,tween,excited,low,low,ADmLf0NWJUk
unboxing,family,excited,medium,low,KgAqPvazCjo
vlog,teen,excited,low,low,PXcTsewQQe0
storytime,teen,excited,low,low,BJ7Phbv8pDI
storytime,teen,happy,low,low,SDFoXX8aRkE
challenge,family,excited,low,low,dqSLL-3PKuE
game,teen,excited,medium,low,_9N3kFyIXKU
challenge,teen,excited,low,low,dLTefTlJdfI
lifestyle,teen,happy,medium,low,uEeEjoz8BYo
educational,teen,mysterious,low,low,ElnSyyt6LnU
toy_play,family,happy,high,low,gGnnn5lf4Rk
lifestyle,family,happy,medium,low,eeB3cC3KSo0
vlog,teen,neutral,low,low,xzxhRLm5hNU
storytime,teen,dramatic,low,medium,WPhc56zX4tI
storytime,teen,dramatic,low,medium,ZdFEWNBsQcE
vlog,teen,happy,medium,low,BYNidm_kkaQ
vlog,family,happy,low,low,yX64ngLtBZg
educational,teen,mysterious,low,low,WnkTVXw9Cm8
storytime,teen,excited,low,low,XUYi6S18SHo
challenge,family,excited,low,medium,oZGv7qKRef0
educational,teen,dramatic,low,low,RTH1oCit03I
storytime,teen,sad,low,medium,SEMjDCd8Cm8
storytime,teen,sad,low,medium,7H8RL5jZT08
tutorial,teen,neutral,low,low,BJLgMF-zYtM
storytime,teen,dramatic,low,medium,PwxSlxSDKnc
vlog,teen,neutral,low,low,1dpXGuLlNAE
storytime,family,happy,low,low,wujAEGPVVuA
vlog,general,neutral,medium,low,Cya2YaDxqak
other,general,neutral,none,low,YA1nsR-TiGI
other,general,neutral,none,low,Vd6IZW-_yOU
other,general,neutral,none,low,46ZK78f-PLk
other,general,neutral,none,low,kMdTAfGH54Q
other,general,neutral,none,low,-8bMxIkv2SA
other,general,neutral,none,low,ZsFlLiJms9w
other,general,neutral,none,low,Wf1Z8D25f68
other,general,neutral,none,low,tMEauWOPiUY
other,general,neutral,none,low,M2Oy1OI8-9w
other,general,neutral,none,low,BOcjLijaVhU
other,general,neutral,none,low,tqkBkSqAYoM
other,general,neutral,none,low,BWpI4U5hbj0
other,general,neutral,none,low,7XEPuB1QYfI
other,general,neutral,none,low,Nld0NDBKYfA
other,general,neutral,none,low,s6LNY0-cMAA
other,general,neutral,none,low,-V8yuIq7p2g
other,general,neutral,none,low,IelhMwMTVqA
other,general,neutral,none,low,BBM_73kDdL4
other,general,neutral,none,low,MM6KRPlioaw
other,general,neutral,none,low,LyEES4S_Dr8
other,general,neutral,none,low,wVyPKIvBu8Y
other,general,neutral,none,low,bp7l25po9TQ
other,general,neutral,none,low,fRdloDL6Tew
other,general,neutral,none,low,zAuwLWm1Vn0
other,general,neutral,none,low,6DseGICgZxc
other,general,neutral,none,low,yMNaUyDrbRc
other,general,neutral,none,low,jOjY6cJNBD4
other,general,neutral,none,low,7dpqtDRECzo
other,general,neutral,none,low,gWgCqU_Y_rM
other,general,neutral,none,low,7xPkRNcocqI
other,general,neutral,none,low,ihj67P7oBEk
other,general,neutral,none,low,CrySuNFqPpg
other,general,neutral,none,low,O1uPiL-szPw
other,general,neutral,none,low,lrXX7jpEe4s
other,general,neutral,none,low,ej02JvXA6Go
other,general,neutral,none,low,SkF8_jxE16M
other,general,neutral,none,low,X3bl4PDqd4I
other,general,neutral,none,low,1blsZCxIQok
other,general,neutral,none,low,ndZwmfmOcow
other,general,neutral,none,low,THZXtCZdx2M
other,general,neutral,none,low,cpk0yaxNlxU
other,general,neutral,none,low,pwMTs2Zauzk
other,general,neutral,none,low,mOedSOzTBVc
other,general,neutral,none,low,72fFMxXq2TM
other,general,neutral,none,low,Dppe9DGE04o
other,general,neutral,none,low,SDEiYWCcWlg
other,general,neutral,none,low,Ew-ONQOUTFc
other,general,neutral,none,low,JzJNrwAaj2U
other,general,neutral,none,low,iRZb7XTxUQY
other,general,neutral,none,low,_LOOJwIUpNw
other,general,neutral,none,low,cTU-tozjI0Y
other,general,neutral,none,low,HZS2jWEFPuk
other,general,neutral,none,low,PecoV5zxLIw
other,general,neutral,none,low,5uRlQYhZS2A
other,general,neutral,none,low,G-NGMWly-E4
other,general,neutral,none,low,JbRENIaw5y8
other,general,neutral,none,low,sRhc98zpvUU
prank,tween,excited,low,medium,ytwgADBqOdc
prank,tween,dramatic,low,high,z0539CmZXpU
reaction,tween,happy,medium,low,g9WIU4aiIn0
challenge,tween,excited,low,low,3g0WPHCiz-0
lifestyle,teen,neutral,low,low,zSzShoxAx8w
storytime,teen,sad,low,medium,aUoKM0EKfjk
challenge,general,excited,high,medium,gPHDWFyexlU
storytime,teen,dramatic,low,high,KcuTN0dj-4s
challenge,tween,excited,low,medium,oJbZyq6i8zE
prank,tween,excited,low,medium,6bNCQdZDMes
challenge,tween,happy,medium,medium,h2Ax6VbmfBw
storytime,teen,sad,low,medium,-6T4DlnPuV4
reaction,tween,dramatic,low,low,sxULarKeNpk
storytime,tween,sad,medium,medium,_444EmK8KyM
lifestyle,teen,happy,low,low,lf5AzUTD44A
music,tween,happy,high,low,fkgTVsGLdws
vlog,teen,happy,low,low,tIhu1fsIw3g
prank,tween,dramatic,medium,medium,iw94Scw2xEo
drama,tween,dramatic,medium,medium,cIOieRgBsFQ
unboxing,tween,happy,medium,low,mXyKT_iQgmI
prank,tween,excited,medium,medium,vkx-fY5M1CE
storytime,teen,happy,low,low,iRr64f_BBVg
challenge,tween,excited,medium,medium,mhszVpqPF-k
challenge,tween,happy,medium,medium,Q6em8p1kQU4
challenge,tween,excited,medium,medium,ZG99xcwVZWo
reaction,tween,happy,medium,medium,waC8cmiOzLI
behind_the_scenes,tween,neutral,medium,low,97pw2pl2qpg
challenge,tween,excited,medium,medium,Q3cMRaBF2i0
challenge,tween,happy,medium,medium,MZyx7oJInL8
challenge,tween,happy,medium,medium,LhsxOq9LVNI
prank,tween,excited,medium,medium,-K_GAp8Np1g
game,tween,happy,low,low,7s0FAw-lPlw
challenge,general,excited,medium,medium,6KHlTcf0e4s
storytime,tween,dramatic,low,medium,6FmxL228VMM
challenge,tween,excited,medium,medium,Gybuuk1dISo
storytime,teen,dramatic,low,medium,cIZgj-pdzhI
challenge,tween,happy,medium,medium,NcDCsVbfjhU
game,tween,happy,medium,low,1_e-fLTx7PM
reaction,tween,happy,medium,medium,bM14HTRvoWg
prank,family,happy,low,low,ZPRc0vsCd4Q
drama,teen,dramatic,low,medium,Z0TYgRV0C1E
challenge,tween,excited,medium,medium,FBz2zZkEdRA
storytime,tween,dramatic,medium,medium,B5oy4MopiGM
challenge,tween,excited,medium,medium,0Q3879ngY78
toy_play,young_child,happy,medium,low,n4CnvzWiirw
challenge,tween,happy,medium,medium,Nw0VnjJ9h58
roleplay,tween,happy,medium,low,vjVKBa4OK6Y
mukbang,general,happy,low,low,NmubuvoKRjw
other,general,neutral,none,low,Q2q_EPnM1wQ
other,general,neutral,none,low,gsySdIn0dEs
challenge,tween,excited,low,medium,7cVy2LsqKeQ
storytime,teen,dramatic,low,medium,n1ILaInOqPQ
storytime,teen,sad,low,medium,uM85iu4jKUo
tutorial,general,neutral,low,low,XZPqTI5sSMo
lifestyle,family,happy,medium,low,yrGrD9DBruo
prank,tween,dramatic,medium,medium,CrsVZFbOvDs
prank,family,excited,medium,medium,mgU87cZhUMA
toy_play,young_child,happy,medium,low,Sf1T4sjQmxA
lifestyle,family,excited,high,low,S9YGSzcGjNQ
roleplay,young_child,happy,low,low,ynhEk6ci6Kw
lifestyle,family,happy,low,low,1UxnAU5tu-8
music,general,excited,low,low,vDslTFOd_H8
roleplay,tween,mysterious,medium,medium,9BBPwQsWr20
challenge,family,happy,low,low,LWk1kzDqTkQ
drama,tween,dramatic,low,high,gQILZcKSOsw
drama,family,dramatic,low,medium,-BR-1Lrrh28
challenge,family,happy,low,low,XUA0x4L-hfA
toy_play,young_child,happy,medium,low,Q5LS_XAj2sM
challenge,family,happy,medium,low,JUSDbqFWvIU
tutorial,tween,excited,low,low,uFIDct9rQ7M
challenge,family,excited,low,low,cKPeVyHOAl0
challenge,family,excited,medium,low,GAFuli2kHCk
challenge,family,happy,medium,low,vUOjidhNSUo
drama,family,dramatic,low,high,27j0tPJh99w
lifestyle,general,happy,low,low,sKkFDNYyqF0
mukbang,general,neutral,low,low,hyIdVn85K1A
mukbang,general,neutral,low,low,CcnL-1VSZE8
drama,family,mysterious,low,medium,TgG9SZPsy6A
prank,family,excited,medium,medium,BbGFiaLRt_4
toy_play,young_child,happy,medium,low,IOv4ZsL1UUc
roleplay,tween,mysterious,medium,medium,Mj3hMXIQsoc
drama,family,dramatic,medium,medium,LaqDa3h_9ls
storytime,family,happy,medium,low,ZXkCB72XUXs
roleplay,family,excited,medium,low,6LPBXUQvs7s
challenge,family,excited,high,medium,zuHZjBUjHGg
challenge,family,excited,medium,medium,MZLRhxnbtVo
challenge,family,excited,medium,medium,lySrFFZYJGY
storytime,family,dramatic,low,high,3UkDEBd_MxA
lifestyle,family,happy,medium,low,T7tkoksunmM
drama,family,dramatic,medium,medium,4HD7h9aRF98
prank,tween,excited,medium,medium,x7PhO7_pB6o
toy_play,young_child,happy,medium,low,HExFR4l8RUM
drama,family,mysterious,medium,medium,P2KwAZNGwGY
drama,family,dramatic,low,high,hwdWxp8V9zE
tutorial,tween,excited,low,low,SMyZL-mwh0k
challenge,family,excited,medium,medium,UiCCh3LYuwI
challenge,family,dramatic,medium,medium,0kSTMc1ZAV8
drama,general,happy,low,low,5PrJb-j27ek
drama,tween,dramatic,low,medium,kuCFQmJdHNs
other,general,neutral,none,low,JkpR2SdfcF4
lifestyle,family,happy,low,low,79a8sRjEp7M
storytime,family,dramatic,low,medium,i6B1qmRgQQo
challenge,family,happy,low,low,TBDO2N0jjPU
challenge,family,urgent,low,medium,pg7uRkPDaUs
challenge,family,excited,medium,low,scmWlWtFp7A
challenge,family,excited,medium,low,krY9At6Heto
lifestyle,family,mysterious,low,low,igC9HYMly3Q
challenge,family,happy,high,medium,RqM_n4D0UPw
mukbang,family,excited,low,low,ole-B9iOgGc
storytime,family,dramatic,low,medium,qyTMJ6mQO_U
game,family,excited,low,low,4dVDWgmJAZA
storytime,family,dramatic,low,high,PbDI7apvRvc
music,family,excited,high,medium,xv3ImvBFf8U
storytime,family,dramatic,medium,medium,rOxaBq77tvY
toy_play,family,happy,medium,low,OmDhjTy2KA8
prank,family,excited,low,medium,ojVkPJLGoYA
music,family,happy,medium,low,HGD6W5rxGPo
roleplay,family,excited,medium,low,7jSf4CEjOO8
lifestyle,general,neutral,high,low,IXjOfjP95HE
challenge,family,urgent,medium,medium,u2IeUu6YVyk
challenge,family,mysterious,medium,medium,lU7oYEaebfg
challenge,family,happy,medium,low,r1ARdmVYiEc
lifestyle,family,sad,low,high,5EJo1CJk6gk
lifestyle,general,happy,low,low,6AnEsmHYBuY
storytime,family,happy,low,high,K82oj0HyEWE
prank,family,excited,low,high,4frVImONvwk
drama,family,dramatic,low,high,apetyGSD_RQ
game,family,mysterious,low,medium,bi0YIRWRyxM
challenge,family,excited,medium,low,Ew3ex8Liiko
challenge,family,excited,low,medium,OHWxc0mMc-c
game,family,happy,low,low,IhCX5itvDiA
educational,family,neutral,low,low,dCB12GWhsNo
other,general,mysterious,low,low,aiQBJITnB58
roleplay,toddler,happy,medium,low,QVT-zn20PGQ
game,family,happy,medium,low,Y-YK3VbwKWs
game,family,happy,medium,low,7i-koAUigrI
toy_play,toddler,happy,high,low,5hdA0RrL-qw
toy_play,toddler,happy,high,low,CdtkJZljmWA
roleplay,toddler,happy,medium,low,xdKQTdENk7s
storytime,toddler,happy,medium,low,MXVRTa4rJ9M
educational,toddler,neutral,medium,low,s4M_xA-VwhI
music,toddler,happy,high,low,VrycJg-kItw
lifestyle,toddler,happy,medium,low,I1fPoGWxyok
challenge,toddler,excited,medium,low,-M82ukAIp28
challenge,toddler,excited,medium,low,ySXOmx1lIsI
toy_play,toddler,happy,high,low,U2NDxNBYARY
toy_play,toddler,happy,high,low,NM_NjOlu3qs
tutorial,toddler,happy,medium,low,1eKSU9UcnTo
educational,toddler,neutral,medium,low,tJEMVjPpQik
other,general,neutral,none,low,yC6hcPat6BI
challenge,family,excited,medium,medium,hb9XDlpt0l0
tutorial,family,happy,low,low,wprVvIOtYec
game,family,dramatic,low,medium,kMjHSooxdyE
tutorial,family,happy,high,low,OF_4T2QIRFQ
vlog,family,happy,high,medium,VkwHLOlHxgY
music,tween,happy,medium,low,BYcCgb4JFv8
toy_play,young_child,excited,high,medium,TkAyIiXAI9I
educational,family,happy,low,low,3bHF8f0DiDI
roleplay,young_child,excited,high,medium,UpsLFF47_KE
game,young_child,happy,medium,low,7GMo2dFP_wg
challenge,family,excited,medium,medium,Y979ciRSuaI
educational,family,neutral,high,low,jP4SKI9I4w4
challenge,family,happy,medium,low,JBbmwQm3AeI
vlog,family,happy,high,medium,69WF4mHn3GU
tutorial,family,happy,low,low,Fskvvja5E3Y
educational,family,happy,low,low,zC9lzGYl9hM
other,toddler,happy,medium,high,PK8KMpJSoXY
roleplay,family,happy,low,medium,eLmGoqdRKDg
toy_play,young_child,excited,high,medium,MQUmbE-4-q8
vlog,family,happy,high,medium,NH6Y4xBrKzc
challenge,family,excited,medium,medium,1tkPBB2KhVc
challenge,family,excited,medium,medium,zqwtNz1V-8o
toy_play,young_child,excited,high,medium,bzRG598geus
challenge,family,excited,medium,medium,PMXPw5KowTs
toy_play,young_child,happy,high,medium,pA2USjDRVcY
game,young_child,happy,high,medium,42_65qPfENQ
toy_play,young_child,excited,high,medium,uuzigraGdjc
vlog,family,happy,high,medium,CoQMww5TULo
challenge,family,excited,medium,medium,Yvc5lKk4XzM
other,family,dramatic,low,medium,wi24QJ8cTw0
challenge,family,excited,medium,medium,_BNzxHPhcgg
educational,family,neutral,low,low,oSxOH80VCfk
vlog,general,mysterious,low,high,-CD5yoNbaw0
other,tween,mysterious,low,medium,97vBm9-rjzg
challenge,family,excited,medium,medium,5TvSVnRD4WU
roleplay,young_child,happy,high,medium,-eni4zyImxA
roleplay,young_child,happy,high,medium,_FM_pbOCR5U
educational,family,happy,low,low,9I0mHo51WbQ
educational,family,happy,low,low,caHszMmOog4
other,tween,mysterious,low,medium,F2c4t1_7VCs
challenge,family,excited,medium,medium,YpacD3gbWzE
other,family,excited,high,medium,w1jz2Np06sM
challenge,family,excited,medium,medium,aX4P63PeWV0
toy_play,young_child,excited,high,medium,OiqesdTO_TM
game,family,happy,medium,medium,CeeBmrShl9c
challenge,family,excited,medium,medium,b73YMgm-7dY
toy_play,young_child,happy,high,medium,c3U0stee1xI
other,general,neutral,none,low,cXjhA8aphaY
other,general,neutral,none,low,wvM0wqKPRKA
other,general,neutral,none,low,_7P0guVErkU
other,general,neutral,none,low,3lfulcGfy3E
other,general,neutral,none,low,Wor5Nf7iw4k
other,general,neutral,none,low,8w-pGTKRzBk
other,general,neutral,none,low,7utai0JKjDg
other,general,neutral,none,low,HT12_LiYVQc
other,general,neutral,none,low,u9h5ZIGgh2o
other,general,neutral,none,low,pXCpx7bzDdM
other,general,neutral,none,low,yZMHyZhtliw
other,general,neutral,none,low,hcnGbbSJCYw
other,general,neutral,none,low,Q8C9taKRPCM
other,general,neutral,none,low,ng9o5iU4fGQ
other,general,neutral,none,low,F9aBcHIdPsc
other,general,neutral,none,low,-ooag6bdLrY
other,general,neutral,none,low,eFNBx5bAhM0
other,general,neutral,none,low,vRvvCgg-Q2c
other,general,neutral,none,low,OEzE3BJkv90
other,general,neutral,none,low,6-Jt0s_zYgI
other,general,neutral,none,low,aq1Pukc0nE4
other,general,neutral,none,low,AWbdIeue9GU
other,general,neutral,none,low,bm8qS0OdcmE
other,general,neutral,none,low,Xjl8mIjIwOk
other,general,neutral,none,low,p8mK0AvixUA
other,general,neutral,none,low,8nL4iJSgmoA
other,general,neutral,none,low,O0cm0t4RhCg
other,general,neutral,none,low,QsPd-34-YiA
other,general,neutral,none,low,0jVXtuvwQSg
other,general,neutral,none,low,P4yUk_hueWY
other,general,neutral,none,low,fkyVji6VKcU
other,general,neutral,none,low,I68w4k7K5NM
other,general,neutral,none,low,oELaNMfqxXk
other,general,neutral,none,low,oRzEkEouOpU
other,general,neutral,none,low,jLe6-MBYvR8
other,general,neutral,none,low,2j5tcKABoxk
other,general,neutral,none,low,xp9zeI0PbZE
other,general,neutral,none,low,4GB8it4kX24
other,general,neutral,none,low,dwJKih8onTc
other,general,neutral,none,low,Eazaew0wRh0
other,general,neutral,none,low,E6MVZ4kUt_Q
other,general,neutral,none,low,p5P94-WSuXw
other,general,neutral,none,low,r0NtJxtKnbQ
other,general,neutral,none,low,sK7Vh2y1QtI
other,general,neutral,none,low,vr3hKK9qPn8
other,general,neutral,none,low,FKykYpwNP0Y
other,general,neutral,none,low,kGv14hcHRuA
other,general,neutral,none,low,vK_zBlQ1ka0
other,general,neutral,none,low,eBGlOkyw-vI
other,general,neutral,none,low,q_MuNU-N83I
other,general,neutral,none,low,vuMZtz4R2Oo
other,general,neutral,none,low,-gF4hJcuciI
other,general,neutral,none,low,vk8064tnNC4
educational,family,neutral,low,low,WpBXmShQukw
challenge,family,excited,medium,medium,kYpMRvva5p4
lifestyle,tween,excited,medium,low,Vjek_Wh-LJE
challenge,family,excited,high,medium,6OQYsmUZY24
educational,toddler,happy,low,low,5ZmPKvS0tcQ
roleplay,tween,mysterious,low,low,PISf6H5EP6Y
storytime,general,neutral,low,low,PK85W8t9WP4
storytime,general,neutral,low,low,fg9pTsbRU-Y
storytime,teen,sad,low,medium,m-AXCHZK6Is
vlog,family,happy,medium,low,gRN3fVFpsoo
mukbang,family,happy,low,low,p3wnZhhhydg
toy_play,toddler,happy,medium,low,Xl0JhNSikiM
roleplay,tween,urgent,low,medium,9gm0-XgrX10
vlog,general,neutral,low,low,apqDLOJHeaA
vlog,general,happy,low,low,b3txWHyRyA8
prank,family,excited,low,medium,1ASbN_Tqw6U
prank,family,dramatic,low,medium,pZG7tRA8yEE
lifestyle,general,happy,medium,low,U29cvDAd3Ls
lifestyle,family,happy,low,low,Qiy5k-wBgQA
storytime,family,sad,low,medium,TaDym6qFvGg
other,family,happy,low,low,EuAHA07W-7c
vlog,family,happy,low,low,IvwmddY6n2s
lifestyle,family,happy,low,low,6JWanZzus3g
vlog,family,happy,low,low,UszujhmXt80
lifestyle,tween,excited,low,low,PvQwhpX1uYk
game,general,happy,low,low,3Stxgwg7sPw
roleplay,family,urgent,low,medium,bpoT-3l1GSU
other,family,curious,low,low,XL26NzS9WU4
music,tween,neutral,low,low,F1p7ioM_ms8
lifestyle,teen,excited,low,low,ruAcG6F6xgU
lifestyle,family,excited,medium,low,7e7fY72tbrQ
educational,tween,urgent,low,medium,CW3_cBHVdMo
roleplay,family,neutral,low,medium,ZZcgcRxrEzk
game,family,excited,high,medium,S-CmzxhZIWE
drama,family,dramatic,medium,medium,B913HzgufyY
challenge,family,happy,medium,medium,tJxZZkWetiU
storytime,family,dramatic,low,medium,IiJEwYWy5vE
roleplay,family,happy,low,medium,THixdigsaX4
drama,family,dramatic,low,medium,gwBC7RHNB7I
game,family,excited,medium,medium,yVCjWO67qfM
drama,family,dramatic,low,medium,HCQ5Z0_5h_I
lifestyle,tween,excited,low,low,lWyb-UvjmQg
reaction,family,happy,medium,low,NFkW20HadM8
other,general,neutral,none,low,q1VxHuhUwyA
other,general,neutral,none,low,ubYySxtkBbQ
other,general,neutral,none,low,VUd_o0aPDeU
other,general,neutral,none,low,mHCDM0b6Yt8
other,general,neutral,none,low,6bpKTWAxqS4
other,general,neutral,none,low,qpiQEPB-QCM
other,general,neutral,none,low,6B8SJCiVI4Q
other,general,neutral,none,low,08OoYu25aK4
other,general,neutral,none,low,iFBmLbDiE0Q
other,general,neutral,none,low,CTNMyZFp1SU
other,general,neutral,none,low,fJnpbBYZAjs
other,general,neutral,none,low,GRf5OPDTiqo
other,general,neutral,none,low,bO1_NxOj2Z0
other,general,neutral,none,low,EULgWfGnJFI
other,general,neutral,none,low,iY4Yju4Kl90
other,general,neutral,none,low,Y0LFx9a1-nk
other,general,neutral,none,low,wyTMyAZMwms
other,general,neutral,none,low,oZ3w2cvPyzw
other,general,neutral,none,low,TYKgRhwQx4Q
other,general,neutral,none,low,TN--673xwbY
other,general,neutral,none,low,6o6jDDlqzMs
other,general,neutral,none,low,cjIPFMfq8OQ
other,general,neutral,none,low,QQ95Ri-MCyY
other,general,neutral,none,low,N_xSwdteRfE
other,general,neutral,none,low,ZupHTfAwAHQ
other,general,neutral,none,low,RKu5J4gVYjM
other,general,neutral,none,low,1-XcqBRsC48
other,general,neutral,none,low,QTHOl_vZt94
other,general,neutral,none,low,WAuSgQEhUCo
other,general,neutral,none,low,kiHwk5En7s8
other,general,neutral,none,low,4QNsEFWLteQ
other,general,neutral,none,low,0t_pvVaho5I
other,general,neutral,none,low,PQsJbLulSsQ
other,general,neutral,none,low,98dF7LK9VTQ
other,general,neutral,none,low,Oz35-yv6x-E
other,general,neutral,none,low,btuR-q1bX2Y
other,general,neutral,none,low,gby5ILlh3Gw
other,general,neutral,none,low,8YZorIGZQGw
other,general,neutral,none,low,kMXbF2UFdao
other,general,neutral,none,low,audACEuizfs
other,general,neutral,none,low,K9XTQsHI9Ig
other,general,neutral,none,low,bXDackR9W0w
other,general,neutral,none,low,NAHdiuxCPpE
other,general,neutral,none,low,DGbQ50mCUIw
other,general,neutral,none,low,2EqpTtPb92Q
other,general,neutral,none,low,EuH-NVHBSqM
other,general,neutral,none,low,dMQ6QX-WeGw
other,general,neutral,none,low,t8A7kx8G1wM
other,general,neutral,none,low,u4Dlh7QS4GY
other,general,neutral,none,low,UIsq54opvg8
other,general,neutral,none,low,pqjIGupku_g
other,general,neutral,none,low,UiuYt2vQ3EE
other,general,neutral,none,low,qEckM3VuIXo
other,general,neutral,none,low,h2D7ywJlK7s
other,general,neutral,none,low,NVe3BCMQMLM
other,general,neutral,none,low,VvBBkQ8cMCY
other,general,neutral,none,low,7ZkF5nfmbZU
other,general,neutral,none,low,qQ3LjOMHZvk
other,general,neutral,none,low,ORGV8xyOsWU
other,general,neutral,none,low,QV_9gS9ISoE
other,general,neutral,none,low,u-LK-2wy0yk
other,general,neutral,none,low,w9_3P9C3YkQ
other,general,neutral,none,low,VPfUJ3LjjdM
other,general,neutral,none,low,Mjs_T9sqLho
other,general,neutral,none,low,8V8eiaZC9UA
other,general,neutral,none,low,MWWpVzPst3w
other,general,neutral,none,low,V-V64Lam0yE
other,general,neutral,none,low,Op5UE88FmgU
other,general,neutral,none,low,IVL8lRD8EfY
other,general,neutral,none,low,52k7Vl9KvEc
other,general,neutral,none,low,XrYSbmuEDDw
other,general,neutral,none,low,bso9V4pwnAI
other,general,neutral,none,low,Lq8RBqaTNho
other,general,neutral,none,low,cEQCzLEnRjs
other,general,neutral,none,low,Fz-wLyZ-TlI
other,general,neutral,none,low,7jaSvkGhNYk
other,general,neutral,none,low,wi5jdrSxQQc
other,general,neutral,none,low,GCQ5zGY5p5g
other,general,neutral,none,low,pxk5zwLOqXs
other,general,neutral,none,low,uJEBTpHT6G8
other,general,neutral,none,low,k1awtokDHXI
other,general,neutral,none,low,xCET_Rftu9Q
other,general,neutral,none,low,La2TyeB5DCY
other,general,neutral,none,low,heQsq0YesHY
other,general,neutral,none,low,YloFS2a6LU4
other,general,neutral,none,low,ZTfFmYpXouQ
other,general,neutral,none,low,joISoz849Tc
other,general,neutral,none,low,OP9M5GwCf6k
other,general,neutral,none,low,ZASAeUd2s0c
other,general,neutral,none,low,7ZOXZs-LkTE
other,general,neutral,none,low,LNG7KlB8bUg
other,general,neutral,none,low,V5P9SeFHPhg
other,general,neutral,none,low,pQBLpwEKBp0
other,general,neutral,none,low,vWVaBj4wPBY
other,general,neutral,none,low,ZUF5XxLWM5c
other,general,neutral,none,low,9TvQTXkV7ZA
other,general,neutral,none,low,D3Eq8lPvXP0
other,general,neutral,none,low,JHdHC_K_Vmg
other,general,neutral,none,low,h5269TSdGZs
other,general,neutral,none,low,NYZQsXzOd7c
other,general,neutral,none,low,oZpvV2SAdKc
other,general,neutral,none,low,KrJNy3GYsJk
other,general,neutral,none,low,3QZ-xgQkzFM
other,general,neutral,none,low,xbTD7Hd4SiA
other,general,neutral,none,low,ViHztZunGFc
other,general,neutral,none,low,V74JOYq4Yck
other,general,neutral,none,low,Hfl2DxrZ38g
other,general,neutral,none,low,OC8tYJWSWcY
other,general,neutral,none,low,jln1sr-PYU8
other,general,neutral,none,low,7OJooIf_Ai4
other,general,neutral,none,low,DnbQ3GMiT98
other,general,neutral,none,low,_fIgWVxp9Ts
other,general,neutral,none,low,xFvEMdbfnr8
other,general,neutral,none,low,c83JDkg7xnQ
other,general,neutral,none,low,7YpgXjEToa0
other,general,neutral,none,low,3XUnNEoJS80
other,general,neutral,none,low,-Vo44OXsp9U
other,general,neutral,none,low,3Us8TbDnlOM
other,general,neutral,none,low,GRqehg_RXso
other,general,neutral,none,low,sexNjvK_Tk4
other,general,neutral,none,low,hYEbI6VEJOo
other,general,neutral,none,low,efBZfUx4OMk
other,general,neutral,none,low,6sRwnQElEus
other,general,neutral,none,low,v3YkjBKaYDA
other,general,neutral,none,low,R5ExBQCvcVI
other,general,neutral,none,low,cAEPDXFxXww
other,general,neutral,none,low,b5SjTr-0vj0
other,general,neutral,none,low,D3-xe1G24zQ
other,general,neutral,none,low,VZnPP2EJrvM
other,general,neutral,none,low,Qk0QJUAuagQ
other,general,neutral,none,low,rOlSy-VqKSE
other,general,neutral,none,low,dyh5Vb59fbY
other,general,neutral,none,low,4pbP8qjK6HQ
other,general,neutral,none,low,ILaBKOqo_t4
other,general,neutral,none,low,Vrw_JKpVR8Y
other,general,neutral,none,low,JbrK8RU8oEY
other,general,neutral,none,low,ekz2mz9fvTI
other,general,neutral,none,low,1tC-ChQHmzQ
other,general,neutral,none,low,ZR_9eWlSaqU
other,general,neutral,none,low,vSpLyzt2v7o
other,general,neutral,none,low,5UWQlAVN3lY
other,general,neutral,none,low,x_BAXcwVDOw
other,general,neutral,none,low,thb2oO0YjZs
other,general,neutral,none,low,oShRSAQ3jlY
other,general,neutral,none,low,ZG9RfJGTJEQ
other,general,neutral,none,low,vQcjg56ER9A
other,general,neutral,none,low,sdQ4XLDl3GA
other,general,neutral,none,low,9UNzyvYJxhY
other,general,neutral,none,low,aplHYkIHC8s
other,general,neutral,none,low,mK_ZvR2hRC0
other,general,neutral,none,low,EY--kPMDnC8
other,general,neutral,none,low,Hid6xaQRP8I
other,general,neutral,none,low,hZlzsWlJFgE
other,general,neutral,none,low,GD7prE44UHg
other,general,neutral,none,low,IwDv5c9kgpQ
other,general,neutral,none,low,Ri51imd0Sz4
other,general,neutral,none,low,3TJ2bQVbipQ
lifestyle,family,dramatic,low,medium,zSJrSB-A7aw
storytime,family,urgent,low,medium,Rg9dXFmJMlg
storytime,family,neutral,low,medium,ALI0jEvY2FM
challenge,family,excited,low,medium,R3PmpMfhfKI
educational,young_child,happy,low,low,LBfo_0axwQQ
other,young_child,neutral,low,low,GzRqsXadHb8
unboxing,young_child,excited,high,medium,KRniZBe4aVI
roleplay,tween,excited,medium,low,7Pv7afI9ojk
roleplay,tween,excited,medium,low,h_gnl2lZoLw
toy_play,young_child,happy,medium,low,uODSRa6umKQ
storytime,young_child,happy,medium,low,wjkoAADWeu0
challenge,family,happy,medium,medium,exhtV2osxv0
reaction,young_child,happy,medium,low,Se8alAMhAFY
game,young_child,happy,medium,low,uHZI9UHb28M
storytime,young_child,happy,medium,low,lrq15Nbpmnk
roleplay,young_child,happy,medium,low,Qvtp7ATYS3A
roleplay,young_child,excited,medium,low,3spY1uoiLLg
game,young_child,excited,medium,low,KqKi0WRJSzg
vlog,family,happy,high,medium,mr98FClDpP0
unboxing,young_child,excited,high,medium,k3By1quurLs
roleplay,young_child,happy,medium,low,N8OgFN8mbiQ
unboxing,young_child,excited,high,medium,tKx5m0imI6Q
toy_play,young_child,happy,high,low,aEAfyov7594
toy_play,young_child,happy,high,low,ZyObHU-5Ha4
unboxing,young_child,excited,high,medium,__Gmmn7nrEw
unboxing,young_child,excited,high,medium,IQUqdtYLr0A
vlog,family,happy,medium,medium,gLS-faFzSmk
challenge,family,happy,medium,medium,6u_d0NcW0OM
vlog,family,excited,medium,medium,x3JU5DdhL64
toy_play,young_child,happy,high,low,w9HtA39FIuA
toy_play,young_child,happy,high,low,im66gREOGtc
reaction,tween,excited,medium,low,Q1AH3q7C71c
roleplay,young_child,happy,medium,low,EI9nLOl79m0
toy_play,young_child,happy,medium,low,LCGVQLpg8BI
vlog,family,happy,medium,medium,tOnrCgS8Jrc
prank,young_child,dramatic,medium,high,_rDpih3L8yo
roleplay,young_child,mysterious,medium,low,qLMrvlGe_pQ
game,tween,neutral,medium,low,vbqMrkuW-KU
toy_play,young_child,happy,medium,low,oqlEwvYpPA4
music,young_child,happy,medium,low,kCyCgPhoDWk
challenge,family,excited,low,medium,3ZFjN9kwcf4
other,general,neutral,none,low,ueh0Ww9IjZY
other,general,neutral,none,low,-qOiug0P6cs
other,general,neutral,none,low,AzDT2hUEPXA
other,general,neutral,none,low,1x5izMQt0cs
other,general,neutral,none,low,6tZt9upAoTw
other,general,neutral,none,low,ihSWaRGVnic
other,general,neutral,none,low,0BxT7xhcq6Y
other,general,neutral,none,low,5oPf_GchJh0
other,general,neutral,none,low,JEgUexoQpFM
tutorial,family,happy,low,low,ADFSS6zLEmc
roleplay,young_child,happy,medium,medium,7sBZIzvVDF4
toy_play,young_child,happy,high,medium,drHzW9fDll8
educational,family,neutral,low,low,EBPvLRXBJi0
roleplay,young_child,excited,medium,medium,KlMA7BoMj2E
challenge,young_child,excited,medium,medium,4agcL37t0Xw
educational,young_child,happy,medium,medium,icvoSIeBh_A
roleplay,young_child,happy,medium,medium,nfM0c5_QE94
lifestyle,family,happy,medium,low,VkRvLHwl6pE
toy_play,young_child,happy,medium,medium,h191iGR59Xw
unboxing,young_child,excited,high,medium,ras9Ew5Os-E
vlog,family,happy,low,low,Ir1uTeyLBL8
roleplay,young_child,excited,medium,medium,iE4e8laMjDc
vlog,family,happy,low,low,hZPu50-V9ww
vlog,family,excited,low,low,_cqlmzh16kw
roleplay,young_child,happy,high,medium,5wGRZBnuAzE
toy_play,young_child,happy,medium,medium,HiUU-cAmjBI
lifestyle,family,happy,medium,low,oV1mkKChGn4
toy_play,young_child,happy,medium,medium,YpSdXhtIcKk
storytime,family,neutral,low,low,m1j8dKocwmk
toy_play,young_child,happy,medium,medium,jjV0d1VjRZU
vlog,family,neutral,medium,low,WL4KtObLRcQ
vlog,family,happy,low,low,amv4fWnD22Y
toy_play,young_child,happy,high,medium,qyMtoFw9O6w
toy_play,young_child,happy,medium,medium,GQpQW4Z4QA4
toy_play,young_child,happy,medium,medium,O7mZ1iOPHHs
other,family,neutral,low,low,chHKxoH7aNU
lifestyle,family,urgent,low,low,Lp-qR6MPP8Q
storytime,family,happy,low,low,IurFhu15FFg
lifestyle,family,excited,medium,low,Mq7VoGqNEt4
lifestyle,family,urgent,medium,medium,xQunXrGI1ho
other,family,neutral,low,low,NJRfUAaDkq4
lifestyle,family,happy,medium,low,1GvxByfxchA
lifestyle,family,urgent,medium,medium,qj9VK4kuNIA
lifestyle,family,happy,medium,medium,Jx9SDQUIabk
lifestyle,family,dramatic,medium,medium,ygFWSOF4jO8
lifestyle,family,happy,low,low,W7g5vMlagsE
lifestyle,family,happy,low,low,p6iPkm_kwjw
lifestyle,tween,happy,low,low,RpYDcbvitDI
other,general,neutral,none,low,RFzF-sfY3Eo
other,general,neutral,none,low,PJNgE7_XF7I
other,general,neutral,none,low,y59cNLpnIRc
other,general,neutral,none,low,dsXKnFutkjI
other,general,neutral,none,low,7vRz3a0dZCQ
other,general,neutral,none,low,Nhh8jlpAwqg
other,general,neutral,none,low,cpLqFDHkSjg
other,general,neutral,none,low,Ce49ZFLI7HQ
other,general,neutral,none,low,CRVbVEIBmYM
other,general,neutral,none,low,-8yEiFj6xBs
other,general,neutral,none,low,xqUbmjSSQ-s
other,general,happy,low,low,VM2_29apftc
challenge,family,excited,high,medium,-8nXIF-vQos
prank,family,happy,low,medium,ZnhWdA0WK8E
vlog,family,excited,low,medium,wdjU_fqB-yc
unboxing,family,happy,medium,low,hSlKFGpzpSQ
drama,family,dramatic,low,high,vm9vTss3iYA
music,tween,happy,low,low,Nixoo8xeddE
lifestyle,family,neutral,medium,medium,XLZ_MnxSQxA
toy_play,young_child,happy,high,medium,JNdFE2EgQT0
unboxing,family,happy,medium,low,4A9NGMwrcDc
other,general,neutral,high,low,5tulVAl-EQE
lifestyle,family,happy,low,low,u6aiyvavAaU
vlog,family,happy,low,medium,Z4HhQlI1JCw
storytime,family,neutral,low,low,xqvpAtD3iXA
storytime,family,dramatic,low,medium,tELR7ajIKpw
lifestyle,general,neutral,low,low,X6zAypJ3j70
roleplay,teen,happy,low,low,jli6oCaHVYQ
lifestyle,family,neutral,low,low,Tm4tUNV2HkA
storytime,family,dramatic,low,medium,htkN1omIt0w
vlog,family,happy,low,medium,Dqo89D5bGgY
vlog,family,happy,low,medium,qXCuNws12b4
prank,family,happy,low,medium,Z7-0_RthPHg
other,family,neutral,low,low,lxC7TPpuCoU
other,family,happy,low,low,NiffFg2Bpco
challenge,teen,excited,low,low,yvfhjVtDPyM
lifestyle,teen,neutral,medium,medium,MVk0qFtT1nk
storytime,family,dramatic,low,medium,HoGrFF6g81Y
lifestyle,family,happy,medium,medium,iUDqykMVGgc
lifestyle,young_child,happy,medium,medium,XpmQqWRnv_U
vlog,family,neutral,low,medium,loZmp3QgDz8
unboxing,young_child,happy,high,medium,PEOa3hZDFhg
storytime,family,neutral,low,medium,NGHqEASWZSc
other,general,neutral,low,low,sexzBogcKSM
vlog,family,happy,low,medium,jUjRJZiM7co
unboxing,family,happy,medium,low,abUau-7hW4Y
educational,family,neutral,low,low,OYaMSbKYVWM
lifestyle,teen,happy,medium,medium,LjWX7pldO1g
unboxing,family,happy,medium,low,7ZS8cLALYXU
tutorial,teen,neutral,low,medium,zVgl_kI5018
lifestyle,family,neutral,low,low,wk306d4RyWQ
lifestyle,family,neutral,low,medium,nGfnzYC85hI
vlog,family,neutral,low,medium,ZHZ5l9QXUdI
unboxing,family,happy,medium,low,xRApVuNPKdQ
other,general,neutral,low,low,VmPeAT4XO9Q
other,general,neutral,none,low,PeBL20i3buo
other,general,neutral,none,low,E3ivniRweSg
other,general,neutral,none,low,0W2PZ4us0dg
other,general,neutral,none,low,95QIOppc8zI
other,general,neutral,none,low,p87ZXOH-db0
other,general,neutral,none,low,XfrGgdu2hN0
drama,general,dramatic,low,medium,jKAaRyl8_0o
challenge,family,excited,low,medium,MLBaJn8ID3s
music,toddler,happy,none,low,G8EKMffYiV0
vlog,family,happy,low,medium,tZFIPTvGAG0
vlog,family,dramatic,low,medium,QzyBgjEo7Io
vlog,teen,happy,medium,low,-yPLQmPI2To
vlog,family,happy,low,medium,hptzuXnaOmg
vlog,family,happy,low,medium,26Q2zVaAMzA
unboxing,family,excited,medium,low,3B9W4mL3f-k
lifestyle,family,happy,medium,low,R9RihrIgFDo
lifestyle,family,happy,medium,low,J4h7H7f5kas
lifestyle,family,neutral,medium,low,hjXl30y2ipY
lifestyle,family,happy,medium,low,MbIF3Ggv4ic
challenge,family,excited,medium,medium,tHZ39SQltbA
challenge,family,happy,low,medium,P3jjreODXl0
game,young_child,excited,low,low,P1TU5D72x7o
roleplay,toddler,happy,low,low,YinVcByjoxw
educational,tween,neutral,low,low,VxJV_or1Btw
educational,young_child,happy,low,low,_0JBnokwNWk
roleplay,young_child,happy,low,low,KXjFpvry2w8
toy_play,toddler,happy,medium,low,4b71hhDr_mE
toy_play,toddler,happy,medium,low,yYux5fRuZhI
roleplay,toddler,happy,low,low,Ow_vlWsLVmk
storytime,young_child,happy,low,low,hvICc3KWHag
toy_play,toddler,mysterious,low,low,wTJRh_Puv7o
toy_play,toddler,excited,medium,low,0SojzC_4mrM
toy_play,toddler,happy,medium,low,qiJ6KZCy55c
game,young_child,excited,medium,low,gc7tpjKz-ro
vlog,young_child,neutral,low,low,IR2O462DTt8
vlog,young_child,happy,low,low,9N8Zio00xc0
vlog,family,happy,low,low,TmjOaBid9kM
roleplay,toddler,happy,low,low,0y157LDbBlo
toy_play,toddler,happy,medium,low,7rMxLC5tEqk
educational,tween,neutral,medium,low,b9ehRN1_04o
toy_play,toddler,happy,medium,low,D1e7EXHh8tg
challenge,family,excited,low,medium,8fglMs4pDtk
educational,young_child,neutral,low,low,LdCDC2-gkX4
storytime,young_child,happy,low,low,36Gx1BdOBvY
educational,young_child,neutral,low,low,6zdbmO3dp6c
roleplay,toddler,happy,low,low,dL_Trq-5qaE
toy_play,toddler,happy,medium,low,Bs19syRKGBY
other,young_child,happy,low,medium,DEsQs2jLEOg
educational,young_child,neutral,low,low,GCT8GhrYREw
other,general,neutral,none,low,JdkMIZb4uhU
other,general,neutral,none,low,qF9nr0ESj78
other,general,neutral,none,low,unAYb8hEVsU
other,general,neutral,none,low,0Q-PFTUs_oc
other,general,neutral,none,low,AdhGlXVvPMI
other,general,neutral,none,low,dFP-7w30IOs
other,general,neutral,none,low,x5LVcmIFHWY
educational,young_child,happy,low,low,DcCiYdIZnNw
toy_play,young_child,happy,medium,medium,jH9y04ZGwO8
roleplay,young_child,excited,medium,medium,dKT1ybM37P4
toy_play,tween,happy,medium,low,yTN1J6askvc
storytime,young_child,happy,low,low,SFVxTRmGWeo
toy_play,young_child,happy,medium,medium,ZHrG8X43p4w
music,young_child,excited,medium,medium,ayBCU1jC8Jc
toy_play,young_child,happy,medium,medium,aNBaGOLb8n0
storytime,young_child,happy,medium,medium,rGLkT_MrRuY
challenge,young_child,excited,medium,high,FOCiUvFfeG0
educational,young_child,happy,low,low,Z0YYGUM6vYQ
storytime,young_child,mysterious,low,low,1ESlSrQ5l6E
vlog,family,happy,medium,medium,jEe0VqWZKo4
toy_play,young_child,happy,medium,medium,nIXZIS9aVl4
roleplay,young_child,excited,medium,medium,upA6CaMVhQ8
educational,young_child,happy,low,low,cFmDtXdQ0w8
toy_play,young_child,happy,medium,medium,660tRy99ARU
challenge,young_child,excited,medium,high,IlxNW58_5w0
challenge,young_child,excited,medium,high,XyOIWA79WL4
prank,young_child,happy,medium,high,hRBPKMVghmQ
educational,young_child,neutral,low,low,HF4z8ZKhdvg
challenge,young_child,excited,medium,high,HcO9uSNKw4g
roleplay,young_child,happy,medium,medium,2fd0aBOaJyE
vlog,family,happy,medium,medium,rBEZcxI3Uz8
toy_play,young_child,happy,medium,medium,8hhU-jyUxCo
storytime,tween,happy,low,low,XEeHDJm6Q4Y
educational,young_child,happy,low,low,0Ug4qD9FsgA
lifestyle,family,happy,medium,medium,fuAwp5FF3Yk
educational,young_child,happy,low,low,3FoiieFMvvk
game,young_child,excited,medium,medium,KKqe5vP2oEs
toy_play,young_child,happy,high,high,WChHF6bpuUs
storytime,young_child,happy,low,low,1uPh2S0WEmc
vlog,family,happy,medium,medium,Kq60BP40axA
toy_play,young_child,happy,medium,medium,IWVuEhIWYdY
storytime,young_child,happy,low,low,D5HALUwaWJA
roleplay,young_child,happy,medium,medium,vgElUWA-Jp0
storytime,young_child,happy,low,low,_l928dd288Q
educational,young_child,happy,low,low,GF2Si9xztHA
educational,young_child,neutral,low,low,a_OJ_Ok8o90
challenge,young_child,excited,high,high,vS0kJhR92_k
storytime,young_child,happy,low,low,eHb33AkEgdU
vlog,family,happy,medium,medium,aEL-LRmCq2U
vlog,family,happy,medium,medium,OnlCX1ZKFK4
toy_play,young_child,happy,high,high,TmTmfuWDfvQ
storytime,young_child,happy,low,low,fjCBBZxagXw
storytime,young_child,happy,low,low,45_2wXiYJw0
