child_visible,child_count,child_emotion,adult_visible,adult_emotion,scene_type,is_animated,has_text_overlay,emotional_tone,exploitation_concern,brief_description,id,title,channel
True,1,happy,True,happy,outdoor,False,False,positive,1,A happy family posing outdoors with a modern house in the background during twilight.,ebiHgUlEXy4,WE FOUND A NEW HOME! (HOUSE TOUR),acefamily
False,0,none,True,neutral,studio,False,False,dramatic,0,"Two adults are sitting against a plain background, one holding a phone while the other shrugs.",H1K80A59xaI,EXPOSING THE TRUTH ABOUT CATHERINE!!!,acefamily
True,2,happy,True,happy,indoor,False,True,positive,1,Two children and one adult in Christmas-themed attire smiling indoors with a 'MERRY CHRISTMAS' text overlay.,TXeje0ZDrAs,Our first video back on youtube...,acefamily
False,0,none,True,neutral,indoor,False,False,dramatic,1,Two adults wearing boxing gloves posing in a boxing ring.,bS4blcjlALc,CATHERINE WANTS TO FIGHT SOMEONE SEPTEMBER 10TH!!!,acefamily
True,2,happy,True,happy,indoor,False,False,positive,1,An adult and two children smiling while surrounded by numerous red and white roses and Valentine's Day decorations indoors.,8Qeq35EMcUk,SURPRISING MY GIRLS FOR VALENTINE'S DAY!!!,acefamily
True,2,neutral,True,happy,outdoor,False,False,negative,2,"An adult and two children in front of a Disney castle, with the children dressed in princess costumes and one child wearing a sun-themed shirt.",t9_jSnxAyBE,DISNEYLAND ALMOST RUINED ALAIA'S 4TH BIRTHDAY... **VERY SAD**,acefamily
True,1,neutral,False,none,studio,False,True,exciting,1,"A child dressed as Wednesday from the Netflix show, shown in two poses with an arrow between them and the Netflix logo above.",buDUHXHTvrM,ELLE TRANSFORMS INTO WEDNESDAY **VIRAL NETFLIX SHOW**,acefamily
True,1,neutral,False,none,indoor,False,True,positive,1,"A child in pajamas is sitting on a bed reading a book, with playful colorful ABC letters and stars added as overlays.",A4NaqspB0z8,A DAY IN A LIFE WITH ELLE!!!,acefamily
True,2,excited,True,happy,outdoor,False,True,exciting,1,"Two adults hold a child performing a split in midair while another child sits on the grass holding their face, all outdoors in front of a house.",4KLqQ2IEb2Y,EXTREME FAMILY YOGA CHALLENGE!!! **HILARIOUS**,acefamily
False,0,none,True,neutral,indoor,False,False,neutral,0,"Two adults sitting closely together indoors against a plain background, with neutral facial expressions.",dt3i38qZ5y8,OUR FIRST FIGHT!!! (COULD HAVE CHANGED EVERYTHING),acefamily
True,1,neutral,False,none,indoor,False,False,neutral,1,"A young child sits on a white chair next to a light-colored puppy, with an arrow pointing to a box near a window in the background.",G2lLBiyZxKs,SOMEONE LEFT A PUPPY AT OUR DOORSTEP!!! **SHOCKING**,acefamily
False,0,none,True,neutral,studio,False,True,exciting,1,"Two adults stand in front of a map showing a move from LA to Dubai, with text indicating the relocation.",Ol-IcdEM69s,MOVING TO DUBAI!!! **GOODBYE LA**,acefamily
False,0,none,True,neutral,indoor,False,False,neutral,0,Two adults sitting on a couch indoors with neutral expressions.,xqU3p6fPYmo,Happy New Years!!,bonniehoellein
False,0,none,False,none,indoor,False,False,neutral,0,An Elf on the Shelf doll and toy cows set up on a table with toy teacups and a teapot for a pretend tea party.,YFCBkhdO_Mc,Elf on the Shelf Day 16,bonniehoellein
True,1,neutral,True,neutral,outdoor,False,True,neutral,0,A person holds a paper plate with a burger and chips while people stand around a picnic table in an outdoor setting.,pZJlSDNat_A,Dinners We Ate While Camping,bonniehoellein
True,2,neutral,True,neutral,outdoor,False,True,neutral,1,"An adult is carrying a child while another child rides a bike nearby, with baby-themed graphics and text overlay.",TJNSW0B-orw,Some Babies Never Grow Up,bonniehoellein
True,1,excited,False,none,outdoor,False,False,positive,0,"A child outdoors showing a large shark tooth, likely a megalodon tooth, looking excited.",q3HHTAnVcWw,Shark Tooth Hunting with @fretours #megalodon,bonniehoellein
True,2,neutral,False,none,indoor,False,False,neutral,1,"Two children sitting on a bed, one child looking into an orange container.",TiiofThzE4E,Hey Jimmy Kimmel I told my kid I ate all their Halloween candy,bonniehoellein
False,0,none,True,neutral,indoor,False,True,neutral,0,An adult woman making a chef's kiss gesture in a modern indoor room with decorative furniture and the text 'Chef's Kiss' overlayed.,yrKF6yciNSg,Design the ENTRY of My House With Me - Episode 13,bonniehoellein
False,0,none,True,neutral,indoor,False,True,dramatic,1,An adult woman is giving a thumbs-up in a medical setting with bold text expressing surprise about an unexpected finding.,RmmN7yGYKOc,OB/GYN DISASTER Story Time!,bonniehoellein
True,1,neutral,False,none,indoor,False,False,neutral,0,A child with messy dark hair is shown indoors with a floral mannequin and decorative boxes in the background.,KdG8GslBluQ,Sugar Skull / Two Face,bonniehoellein
True,1,neutral,False,none,indoor,False,True,negative,1,A child holding a small dog indoors with the text 'BAD PUPPY' displayed prominently.,WKPHhdI_mH4,Not Everybody Loves Doggy Kisses! + 11 Week  Hair Transplant Postop,bonniehoellein
True,2,excited,False,none,outdoor,False,True,positive,1,Two children enjoying BBQ outdoors with text overlay reading 'BBQ Heaven'.,q4G0HiebqZg,Southern Comfort Food Tour / MISSISSIPPI TRAVEL VLOG,bonniehoellein
False,0,none,True,neutral,indoor,False,True,neutral,0,An adult is installing tile flooring indoors with the text 'Auto Pilot' overlaid on the image.,Zjq8R5LMW28,First Steps to Attempting Normalcy,bonniehoellein
True,1,neutral,False,none,indoor,False,True,positive,0,A young girl is captured mid-handstand indoors with a text overlay showing the channel name Bratayley.,3cvVqsmmy6c,Hayley's First Kick Over! (WK 193.2) | Bratayley,bratayley
True,2,neutral,False,none,indoor,False,True,exciting,1,Two children are indoors with an oversized animated phone graphic and bold text indicating an iPhone prank.,HQMom1HD8ko,iPhone Prank 📱 (WK 393.4) | Bratayley,bratayley
True,2,happy,False,none,indoor,False,True,positive,1,Two children smiling indoors with text saying 'WE GOT A HOUSE' overlaid.,4w0gm8HuF0M,We Got a House (WK 410.6) | Bratayley,bratayley
True,1,neutral,False,none,indoor,False,True,positive,0,"Child sitting in a colorful, decorated bedroom with a bed and stuffed animals visible.",pVISl30hFpc,Annie's Room Tour | The BIG Reveal | Bratayley,bratayley
True,1,neutral,True,neutral,outdoor,False,True,neutral,1,A child and an adult are sitting outdoors with a text overlay of the channel name Bratayley.,_6ZcZMQd6d0,Inspect Your Babies (WK 231.7) | Bratayley,bratayley
True,2,happy,False,none,indoor,False,False,positive,0,"Two children indoors, happily eating slices of pizza.",kn1RI6N1q0s,First Dinner at Our New House (WK 219.4) | Bratayley,bratayley
True,1,neutral,False,none,indoor,False,True,neutral,0,A child looking out a window at a cityscape with a Canadian flag and the text 'CANADIAN TOURISTS' overlaid.,mM__S5kwHk4,Being Canadian Tourists 🇨🇦 (WK 345.5) | Bratayley,bratayley
True,1,neutral,False,none,indoor,False,False,neutral,0,"A young girl with long hair and a hat is sitting inside a car, looking at the camera with a neutral expression.",s65qSRr13xM,She Has Musical.ly Block (WK 303.5) | Bratayley,bratayley
True,1,excited,False,none,outdoor,False,True,positive,0,"A child outdoors with arms raised, water pouring over their head, against a grassy field background.",BfT_MZP9Qdg,Like a Wet Dog! (WK 126.5),bratayley
True,1,excited,False,none,studio,False,True,positive,1,A child jumping in a studio setting with colorful backdrops and a heart-eyes emoji alongside bold text promoting new shows.,qocfAA3qnls,Annie & Hayley's New Shows Sneak Peek 😍  (WK 384.3) | Bratayley,bratayley
True,3,neutral,False,none,outdoor,False,True,exciting,1,"Three children are playing outdoors on a grassy area, with one child pouring water over another's head while holding plastic bags.",MTEfSuyhves,Annie's Revenge! (WK 188.5) | Bratayley,bratayley
True,1,none,False,none,outdoor,False,True,neutral,1,A child is falling off a swing in a wooded backyard area with text overlay 'BRATAYLEY'.,VQh1bgssVhI,Falling out of Swings (WK 174.6) | Bratayley,bratayley
True,1,neutral,False,none,outdoor,False,False,dramatic,1,"A child in snorkel gear is shown in the water near a large rusted object with radiation hazard symbols, with a Google Maps logo in the corner.",87giYgGKcwc,Exploring Dangerous Locations I Found on Google Maps!,brentrivera
True,2,happy,False,none,outdoor,False,False,positive,1,Two children dressed as a bride and groom smiling outdoors with a floral arch in the background.,94JBhbeTiMI,I GOT MARRIED TO MY BEST FRIEND FOR 24 HOURS!!,brentrivera
True,1,neutral,True,neutral,outdoor,False,False,neutral,1,"An outdoor snapshot showing one child and one adult, both with neutral expressions, with the child in the background and the adult in the foreground.",KhdJqAQR16M,MY SISTER’S BIRTHDAY SURPRISE!!,brentrivera
True,1,neutral,False,none,indoor,False,False,neutral,0,A child sitting at a table in a fast food restaurant with food trays in front of them.,rbGFHtkPfW4,Her reaction was priceless 😂,brentrivera
True,1,excited,True,happy,indoor,False,True,positive,1,A young person and two adults in a kitchen setting appear to be reacting excitedly to TikTok content shown alongside a woman holding a tablet.,4dfC67Ba7yQ,MOM REACTS TO TIKTOK TRENDS! | Brent Rivera,brentrivera
True,2,happy,False,none,indoor,False,False,positive,0,"Two children sitting inside a car, both smiling and appearing joyful.",FvRyUrVpn4E,Hahaha😂😂,brentrivera
True,2,neutral,False,none,indoor,False,True,neutral,0,Two children sitting indoors with text overlay comparing 'My Summer' versus 'Everyone Else's'.,AErLowQ5ac0,My Summer VS Everyone Else's (w/ MyLifeAsEva) | Brent Rivera,brentrivera
False,0,none,True,happy,outdoor,False,False,exciting,0,"Two adults are shown side by side, one with a normal body and the other wearing a fake muscle suit, with a woman playfully touching the muscular figure in an outdoor setting.",8gern7qe678,FAKE MUSCLE SUIT PRANK ON FRIENDS!!,brentrivera
True,4,excited,False,none,outdoor,False,False,exciting,0,"Four children on a soccer field with one jumping on a trampoline attempting to hit a soccer ball, with an eagle in the foreground.",sae_R6iZxhE,Can you jump as high as Cristiano Ronaldo??,brentrivera
True,1,happy,True,neutral,indoor,False,True,positive,0,"A child dressed formally is standing behind a table with a cake and stacked glasses, smiling with text overlay reading 'Me at any public event:'",6VDh1BO-0bI,😫😂,brentrivera
True,4,neutral,False,none,outdoor,False,True,neutral,1,Four boys standing outside divided into two groups labeled as new friends and old friends.,nDLOujSULTs,NEW FRIENDS VS OLD FRIENDS! | Brent Rivera,brentrivera
True,1,distressed,True,neutral,indoor,False,False,dramatic,2,Three people sitting inside a car with one person appearing to be distressed as another reaches towards her face.,7ogr8nLgSuw,SHE FINALLY MEETS MY EX GIRLFRIEND (gone wrong),brentrivera
False,0,none,False,none,animated,True,True,positive,0,Animated characters from CoComelon in a snowy outdoor winter scene with holiday attire and a 36 minute duration icon.,Tietq09bHzY,Christmas Songs For Kids + More Nursery Rhymes & Kids Songs - CoComelon,cocomelon
True,1,excited,False,none,animated,True,False,positive,0,Animated child character running excitedly indoors toward a large toy dispenser.,E6CArmgMYo8,Nina Chases a Humpty Dumpty Egg Toy! @CoComelon #shorts #nurseryrhymes,cocomelon
True,3,happy,False,none,animated,True,True,positive,0,Animated infants playing together in a colorful scene from CoComelon.,GdX7q_nk2Sk,Guess the Animal Song | CoComelon Nursery Rhymes & Kids Songs,cocomelon
True,2,happy,False,none,animated,True,True,positive,0,Animated characters at the beach with a sandcastle and vibrant decorations.,V9m8g5hXROA,Best of Beach Songs! ☀️ Summer Songs for Kids + MORE CoComelon Nursery Rhymes & Kids Songs,cocomelon
False,0,none,False,none,outdoor,False,False,positive,0,A sand sculpture of a character from CoComelon created on the beach sand.,KJmg7Cd7IG0,DIY CoComelon at the Beach 🏖️! Sand Crafts Easy 1-2-3! #cocomelon #shorts,cocomelon
True,2,happy,False,none,animated,True,True,positive,0,"Two animated children characters, one dressed as a shark happily posing and the other with arms crossed, set on a bright outdoor background.",E6nD3mIA-ro,Mermaid at the Beach Song | CoComelon Nursery Rhymes & Kids Songs,cocomelon
True,1,neutral,False,none,animated,True,True,positive,0,Animated baby in pajamas holding a teddy bear floating beside a glowing star on a dark background with the CoComelon logo.,b5FQyfiD8b0,I Love My Bed 🛌✨ JJ & Boba's Nighttime Adventure | CoComelon Nursery Rhymes & Kids Songs,cocomelon
True,1,happy,True,happy,animated,True,True,positive,0,An animated thumbnail depicting a happy adult holding flowers and a child near a wheelbarrow in a bright outdoor setting with colorful CoComelon branding.,ep58KNatLLI,Daisy Bell + More Nursery Rhymes & Kids Songs - CoComelon,cocomelon
False,0,none,False,none,animated,True,True,positive,0,Animated image of five yellow cartoon birds with a bright blue sky background and CoComelon logo in the corner.,eRR_F5V5dw8,Five Little Birds 2  | CoComelon Nursery Rhymes & Kids Songs,cocomelon
False,0,none,False,none,animated,True,True,positive,0,Animated penguins wearing winter accessories jumping with a large number 5 on a blue background.,72pm_Y6iUrM,Five Little Penguins Jumping on the Bed | CoComelon Nursery Rhymes & Kids Songs,cocomelon
True,1,happy,False,none,animated,True,False,positive,0,"An animated baby wearing a party hat peeks over a purple surface, surrounded by colorful balloons in a festive setting.",aAEcDSewbdA,PEEKABOO Birthday Game! Where Did JJ Go?! #cocomelon #shorts,cocomelon
True,3,excited,True,happy,animated,True,True,positive,0,Animated characters including adults and children enjoying a baseball game outdoors with a colorful CoComelon logo and text overlay.,0rxGTNNJzNs,Take Me Out to the Ball Game Song! | CoComelon Nursery Rhymes & Kids Songs,cocomelon
True,1,happy,True,neutral,mixed,False,True,exciting,0,"Family inside a car with images of a red Tesla and a black truck outdoors, suggesting a vehicle trade.",n6rDBUZtvGE,Trading Our Truck For A Tesla?! (First Test Drive),dailybumps
False,0,none,True,neutral,indoor,False,False,neutral,0,An adult is holding a large cardboard box indoors with a window and some home decorations in the background.,b8N1sWx9gq0,HUGE SURPRISE PACKAGE FOR MISSY!,dailybumps
False,0,none,True,neutral,outdoor,False,False,dramatic,0,"An adult outside near a house surrounded by many insects, with a blurred face.",6N3I5yBKsuc,What’s Infesting Our House?! 🦟,dailybumps
True,1,neutral,True,excited,indoor,False,True,exciting,1,"An adult woman driving a car with a child in a car seat in the back, with text overlay indicating excitement and nervousness.",Ru26mhp1iCs,WE GOT SOME BIG NEWS!!,dailybumps
True,1,neutral,False,none,indoor,False,False,positive,1,A young child indoors sitting at a table in a casual setting.,PQFF89CPlcE,CUTE COPYCAT TODDLER!,dailybumps
True,3,happy,False,none,indoor,False,False,positive,1,Three children in Christmas pajamas opening presents in a cozy indoor setting with holiday decorations.,DqcmQDPfaTE,EARLY CHRISTMAS SURPRISE!! (Smoky Mountain Family Vacay Vlog),dailybumps
True,3,happy,True,happy,outdoor,False,True,positive,0,A family with three children and one adult at a farm holding and interacting with baby animals.,wWvZvKVh_PI,ADOPTING THE CUTEST FARM ANIMALS!!,dailybumps
True,2,happy,True,happy,indoor,False,False,positive,1,A young child is holding a baby brother indoors with a smiling adult supporting them.,upvTrlKF0gY,HOLDING BABY BROTHER!,dailybumps
True,2,scared,True,scared,outdoor,False,True,dramatic,2,"Two children and one adult appear to be running away from bees near an abandoned underground tunnel, with a large red arrow pointing towards the tunnel entrance.",xf6iKlEbh6k,Exploring Secret Abandoned Underground Tunnel TRAPPED WITH BEES! 🐝 (HIVE FOUND),dailybumps
True,1,happy,True,happy,studio,False,True,positive,1,A smiling woman holds a happy young girl in a pink dress against a bright pink background with text promoting an adorable interview.,xoQy0-XD-EE,The CUTEST 3-Year-Old Interview You’ll Ever See 🥰🎂,dailybumps
True,2,neutral,True,neutral,outdoor,False,False,positive,0,A family with two children posing with a Mickey Mouse character in front of Cinderella's castle at Disney World.,bF0AI87m0Es,DISNEY WORLD SPRING BREAK SPECIAL!,dailybumps
True,1,neutral,True,neutral,indoor,False,False,neutral,0,"A child and adult sit at a table indoors, holding open a blue book facing the camera.",dKOixDVWD1U,We Added THIS Inside Our First Children’s Book… 🍪 (HUGE UPDATE!),dailybumps
True,1,sad,False,none,indoor,False,False,dramatic,1,"A child with a blurred face and an added crying emoji, appearing emotional in a crowded indoor event.",PXyGfF6LNq4,AN EMOTIONAL SURPRISE!,ehbee
True,3,neutral,False,none,outdoor,False,False,exciting,1,"Three children are shown in front of a large mansion, seemingly engaged in a hide and seek game.",NiVFHjEuHFk,Hide & Seek in a MANSION!,ehbee
True,3,excited,True,happy,indoor,False,False,positive,0,"Four people, including three children and one adult, celebrating indoors around a table with festive decorations.",LSf2BSgTSZk,Who's Ready?,ehbee
True,2,happy,True,happy,indoor,False,True,positive,0,Three people wearing festive clothing and Santa hats smile indoors with holiday decorations in the background and a 'TOP VIDEOS' text overlay.,zF-9eEmtOl0,Top Bee Family TRY NOT TO LAUGH MOMENTS 3 | The Bee Family,ehbee
True,2,neutral,True,neutral,indoor,False,False,neutral,0,Three people sitting on a couch and a woman standing with a vacuum in different parts of an indoor room.,VslyrGxCkEM,Music Saves Lives,ehbee
True,3,happy,False,none,animated,True,False,exciting,1,Three children’s faces are superimposed onto animated Teenage Mutant Ninja Turtle characters in a colorful cityscape background with a full moon.,ZA3i4oAGBXw,ROBLOX NINJA TURTLES FAMILY CHALLENGE,ehbee
True,4,neutral,False,none,animated,True,True,neutral,0,Four animated child characters posing in front of a house with the text 'TOP VIDEOS' overlayed.,YtVnW-ml_UE,Top Bee Family BROOKHAVEN MOMENTS | The Bee Family,ehbee
True,1,surprised,True,happy,indoor,False,True,exciting,1,"A child looks surprised while two adults interact with him indoors, with the word 'SURPRISE!' in red text overlay.",AiX5a_gmn28,SURPRISE TRIP TO JAPAN!!,ehbee
True,1,neutral,True,neutral,indoor,False,False,neutral,1,"A child and an adult are indoors, the child holds a colorful mask while the adult stands nearby.",gYaBL_mloJM,Torturing My Family! (Funny Moments),ehbee
True,2,neutral,False,none,indoor,False,True,positive,0,Two children sitting at a table eating snacks with a large tray of food in front of them.,KljjTQj0nO4,Top Bee Family COOKING MOMENTS | The Bee Family,ehbee
True,2,excited,False,none,indoor,False,False,exciting,1,Two children excitedly showing Nintendo game boxes against a background with Mario-themed decor.,Rl8SGHPmAgo,We only Found This in JAPAN...,ehbee
True,2,neutral,True,neutral,mixed,False,True,positive,1,"Four people, including two children dressed in traditional clothing and two adults holding light sticks, with a colorful outdoor background and text overlay saying 'TOP VIDEOS.'",5A41v7qgIyI,Top Bee Family TRAVEL VLOGS MOMENTS | The Bee Family,ehbee
True,1,neutral,True,neutral,outdoor,False,True,positive,1,"An adult and a child stand outdoors holding a dog, with text overlay reading 'HAVE YOU EVER' on a rustic brick background.",UkgqM1j3qBs,HAVE YOU EVER!!! (We didn't know this about each other!!),everleighrose
True,2,happy,False,none,indoor,False,True,positive,1,"Two young girls smiling indoors with school supplies and colorful pencils in the foreground, suggesting back-to-school shopping.",jhhwcMHGK4Q,BACK TO SCHOOL SHOPPING FOR KINDERGARTEN!,everleighrose
True,2,neutral,True,neutral,indoor,False,False,positive,1,"Two young children sitting in salon chairs getting their nails done, with adults attending to them.",MdxUFBlynys,EVERLEIGH & AVA 3 year olds at the nail salon | ForEverAndForAva,everleighrose
True,1,happy,True,happy,indoor,False,False,positive,1,"A child surprises a pregnant woman with flowers indoors, both appear happy.",tgiv9DdF9BE,Surprising our PREGNANT MUM for VALENTINE’S DAY | Family Fizz,familyfizz
True,1,neutral,True,neutral,indoor,False,True,neutral,1,An adult and a child posing in a climbing gym with text identifying the child as the gymnast.,FE4_PReBqGQ,12 YR OLD GYMNAST vs TEEN ROCK CLIMBER CHALLENGE! | Family Fizz,familyfizz
True,1,excited,True,neutral,outdoor,False,False,exciting,1,A child is shown excited outdoors with an inset image of the child meeting Santa Claus.,blKIdjEZffA,Meeting SANTA for the FIRST TiME! *she freaked* | Family Fizz,familyfizz
True,1,neutral,False,none,indoor,False,True,neutral,0,"A child in a unicorn onesie sits in bed holding a stuffed animal, with bright colors and text overlay on the thumbnail.",cWsH8RKdE-g,SIENNA'S BACK TO SCHOOL MORNiNG ROUTINE | Family Fizz,familyfizz
True,2,happy,False,none,outdoor,False,True,positive,1,Two children smiling and posing outdoors in front of a large vehicle with farm-themed graphics and text overlays.,rXfOkO04RZc,24 HOURS LIVING ON A FARM! | Family Fizz,familyfizz
True,1,happy,True,happy,indoor,False,True,positive,1,An adult and a child happily holding shopping bags and a drink in an indoor mall setting with a text overlay saying 'SAY YES!'.,A50E623yW9Q,SAYING YES TO OUR KIDS FOR A DAY *can’t say no challenge!*,familyfizz
True,1,neutral,True,neutral,outdoor,False,True,positive,0,A groom holding a baby while facing a bride dressed in a wedding gown outdoors.,pz-8thl72ds,OUR WEDDING DAY *super emotional* | Family Fizz,familyfizz
True,1,neutral,True,neutral,indoor,False,True,neutral,1,An adult and a child stand indoors near white wedding dresses with a large red question mark overlaid.,aYl5CjNNccY,KIDS CHOOSE MY WEDDING DRESS! | Family Fizz,familyfizz
True,2,happy,True,neutral,indoor,False,True,positive,1,"Two young children wearing yellow dresses and cat ear headbands pose indoors with two adults behind them, with a large red arrow pointing toward one child.",6DmV1GYulG0,SIENNA'S ROOM MAKEOVER TRANSFORMATION! | Family Fizz,familyfizz
True,1,excited,False,none,indoor,False,True,exciting,1,A child sitting on a bed holding shopping bags with added text and emojis expressing surprise.,3kVUlp-zszY,Last minute BACK to SCHOOL shopping! | Family Fizz,familyfizz
True,3,happy,False,none,indoor,False,False,positive,1,Three children indoors holding luxury advent calendars and smiling.,cGvdEwpDwgI,GIVING OUR KIDS LUXURY ADVENT CALENDARS!,familyfizz
True,1,neutral,False,none,indoor,False,False,positive,1,A child holding a drawing of a phone in a store setting with a hand offering real phones next to them.,v7iLvHI4dUE,"WHATEVER YOU DRAW, I'LL BUY IT Challenge! | Family Fizz",familyfizz
True,3,surprised,True,neutral,outdoor,False,True,dramatic,1,"Children and an adult stand near a fire pit outdoors with one child covering their face in surprise, surrounded by text highlighting a final challenge and winner announcement.",g0ZHOcAaRlM,Outdoor Survivor Challenge Ep. 3 - Winner Announced!,familyfunpack
True,1,neutral,True,neutral,outdoor,False,True,exciting,1,"A child dressed as a police officer drives a toy police car outdoors while an adult in a black mask gestures to be quiet beside them, with 'ESCAPE' text overlay.",RZHctn58GAE,Escape Room Game - Family Fun Pack,familyfunpack
True,1,distressed,True,distressed,mixed,False,True,dramatic,2,"A thumbnail showing a distressed adult and child hugging, alongside images of flood damage and a landslide, with dramatic text overlay warning of catastrophic flood in Hawaii.",-hy2DkBPusU,48 Hours of CATASTROPHIC FLOOD *Hawaii*,familyfunpack
True,1,neutral,True,neutral,indoor,False,True,neutral,1,"A child and an adult are shown indoors with multiple text overlays about life updates including driving, girlfriend, and first job.",t4e8BzNXqMo,"Chris Life Update 2026 *Girlfriend, Driving, Job*",familyfunpack
False,0,none,False,none,outdoor,False,False,neutral,0,A group of six fighter jets flying in formation against a partly cloudy sky.,Xm2zj_XK5yU,LOOK UP! #shorts,familyfunpack
True,3,neutral,True,neutral,outdoor,False,True,neutral,1,"A woman stands outside a house with three children nearby, with a text overlay about working kids to death.",Vj5ywk6H-fA,When You Work Your Kids to Death..... #shorts,familyfunpack
True,1,neutral,False,none,indoor,False,False,neutral,0,A young boy wearing a yellow shirt with cartoon designs is sitting indoors against a white wall with framed pictures.,x0ICmBDX7u0,All About Michael #shorts,familyfunpack
True,1,neutral,True,neutral,indoor,False,False,positive,0,"Close-up of an adult and a child sharing a tender moment, with the adult kissing the child's cheek.",AEzXf2vozQk,Mommy Son Lullaby Duet - A Most Special Video with Michael,familyfunpack
True,1,neutral,False,none,indoor,False,True,positive,0,A child lying down indoors holding a handmade sign expressing their enjoyment of Family Fun Pack videos.,fVjeIVdAAAA,Celebrate Around the World with Us!,familyfunpack
True,4,neutral,False,none,indoor,False,False,neutral,0,"Four children standing indoors, each holding a paper with a number on it.",gC3oERCpTmw,"Out with the old, in with the new #shorts",familyfunpack
False,0,none,True,neutral,indoor,False,True,dramatic,1,Four adults in green shirts posing indoors with text overlays expressing surprise and emotional content.,bSeTXiKkqXs,Didn't Expect Our Pregnancy to End This Way....,familyfunpack
True,7,happy,True,happy,indoor,False,True,positive,1,A group of children and one adult in matching pajamas posing happily on the floor in front of a decorated Christmas tree with 'Christmas 2025' text overlay.,bkVjo4pqbEE,24 Hours with 8 Kids || Christmas Special 2025,familyfunpack
False,0,none,True,neutral,indoor,False,True,neutral,0,An adult male with a blurred face is shown next to a screenshot of a YouTube analytics page displaying estimated revenue and subscriber count.,WLyYKildEes,I Built A Secret YouTube Automation Channel To Prove It's Not Luck!,itsyeboi
True,1,excited,False,none,indoor,False,True,exciting,1,A child excitedly presenting a glowing mystery box labeled 'Escobar Inc.' indoors.,yq7j2mVb_g8,Pablo Escobar Sent Me Another Mystery Box!,itsyeboi
False,0,none,True,excited,indoor,False,True,exciting,0,"An adult holding up a boxed phone inside a warehouse filled with unopened Amazon packages and a price tag overlay showing $10,332.",aoujd-7HdAs,"I Bought $10,332 Worth of UNOPENED Amazon Packages and found this.. (IPHONE & SAMSUNG GALAXY)",itsyeboi
False,0,none,True,neutral,studio,False,True,dramatic,0,"An adult holding two pairs of headphones with price tags comparing $10 fake AirPods Max and $549 AirPods Max, with a Wish logo in the background.",UUPG6qXauWI,$10 FAKE AirPods Max Vs. $549 AirPods Max!! (WISH AirPods Max),itsyeboi
True,1,excited,False,none,studio,False,False,exciting,1,A child excitedly holding a box labeled 'Google' filled with various Google products.,D4A7hWTPzko,I Bought All The GOOGLE Products!!,itsyeboi
True,1,neutral,False,none,indoor,False,True,exciting,1,A child holding a coin and a watermelon half with text overlay saying 'HOW?!' in an indoor setting.,RAlCd5sxbpc,How To Cut A Watermelon IN HALF With a Coin!! *TOP 5 BAR TRICK BETS YOU WILL ALWAYS WIN* IMPOSSIBLE,itsyeboi
True,1,excited,False,none,indoor,False,False,exciting,1,A child excitedly posing behind an open wooden military crate containing old items.,XMgtEaJIslo,"I Bought A $1,000 Abandoned Military Crate!!",itsyeboi
True,1,excited,False,none,indoor,False,True,exciting,1,"A child enthusiastically displays two sets of Pokémon cards purchased from Wish, highlighting their prices.",-2VE8lvAM8s,I Bought All The Pokemon Cards On Wish!!,itsyeboi
True,1,excited,False,none,indoor,False,True,dramatic,2,"A child inside a warehouse with a large Amazon box, holding a censored object with a $12,425 price tag graphic over the box.",9H6m5oQa8qA,I Bought An Amazon Mystery Pallet And Found This... (CAN'T SHOW ON CAMERA!!),itsyeboi
True,1,neutral,False,none,indoor,False,False,positive,1,A child wearing a yellow jacket is sitting indoors near a large Amazon box filled with new release products.,BsMaqGk8TLc,I Bought All The NEW RELEASE Products On Amazon! (June 2021),itsyeboi
False,0,none,True,neutral,indoor,False,True,exciting,0,An adult is holding up an iPhone next to two stacks of older iPhones with text highlighting '33 IPHONES' on the screen.,woL6_BZYP9Q,I Bought An Apple Return Lot With 33 iPhones On eBay!!,itsyeboi
False,0,none,True,neutral,indoor,False,True,positive,0,"An adult male holding a graded Pokemon card with sales statistics and a $500,000 total sales figure displayed.",FFnsGNBP4GA,"How I Sold $500,000 Worth of Pokemon Cards",itsyeboi
True,2,neutral,False,none,outdoor,False,True,exciting,1,Two children performing acro gymnastics poses outdoors with text overlay describing an acro challenge.,61s4cA6C7rs,BOY vs GIRL Acro Gymnastics Challenge (DON'T Ship Them 😂),jordanmatter
True,5,happy,False,none,indoor,False,True,exciting,1,A blindfolded boy reaching out to touch a smiling girl among four kids indoors with text overlay asking 'will he pick her?',9z530VF9d0w,GUESS THE BEST FRIEND BLINDFOLDED *Emotional*,jordanmatter
True,1,distressed,True,neutral,outdoor,False,True,dramatic,2,A child is doing push-ups outdoors under the watch of a person in military boots with text 'military school' overlayed.,Y2JzBV3Epl4,My Daughter Survives 6 Schools That Shouldn’t Exist,jordanmatter
True,1,neutral,True,neutral,outdoor,False,True,dramatic,2,A child is holding a missing person poster in an outdoor rainy park setting with additional missing posters visible in the background.,mkgTZ6YorkE,MY DAD IS MISSING! *Game of Chase*,jordanmatter
True,6,neutral,True,neutral,studio,False,True,neutral,1,"A lineup of adults holding infants, split into girls on the left and boys on the right, with text overlay 'girls vs boys.'",Ld4VQrUYd08,Boys vs Girls - Who's The Better Parent?,jordanmatter
True,4,happy,False,none,outdoor,False,False,positive,0,A child in a pink swimsuit pops out of a backyard pool while three kids jump on a trampoline in the background.,l7dzf4eFeAc,I Built a SECRET POOL In My House,jordanmatter
True,1,neutral,False,none,indoor,False,True,neutral,1,"A child sits inside a very small car with legs stretched over the steering wheel, accompanied by text reading 'tiny car'.",G0h_-seyrIQ,My Daughter Survives WORLD'S TINIEST CAR,jordanmatter
True,1,scared,False,none,indoor,False,False,dramatic,1,"A child holding a flashlight in a dark attic, with a rat nearby and a red-eyed figure in the background.",ZXB5nC1TgZo,There's Something Living in our House *not a prank*,jordanmatter
True,2,excited,True,neutral,indoor,False,True,exciting,1,Two children in Halloween costumes appear excited in a decorated indoor setting with a casually dressed adult labeled as 'dad' walking in a hallway.,cEB9Y3rAC4E,I Snuck in 50 Friends and Didn’t Tell My Dad,jordanmatter
True,1,neutral,False,none,outdoor,False,True,dramatic,1,A child dancer in a white dress poses dramatically in front of a large fountain with the word 'busted' overlaid in bold text.,DYXPvmFViVw,BUSTED BY SECURITY For Taking A Photo? #shorts,jordanmatter
True,1,neutral,False,none,outdoor,False,True,neutral,1,A young girl standing outside with a neutral expression and the text #slimesalish above her head.,7IaFN3UQYUM,REVENGE ON MY DAUGHTER! #shorts,jordanmatter
True,6,distressed,True,neutral,indoor,False,True,dramatic,1,"A girl surrounded by other students in detention, looking distressed with a teacher writing 'HOUR 7' on the board.",2G87uyT2cwY,TRAPPED IN DETENTION for 24 Hours,jordanmatter
True,2,sad,True,happy,mixed,False,True,dramatic,1,"Collage of scenes showing children and adults at a wedding and in home settings, emphasizing emotional farewells and connections from a distance.",qAT2aaiQRSg,our best friends wedding 3000 miles away! 😭 prepare to cry,kkandbabyj
False,0,none,True,neutral,indoor,False,True,neutral,0,"An adult male is in an unfinished indoor space with construction materials visible, and the thumbnail includes text about a new restaurant and a cheer gym.",PbL9zdtvk4s,a long day,kkandbabyj
True,1,none,True,distressed,indoor,False,True,dramatic,2,"An indoor scene with a distressed woman looking around and text emphasizing a missing baby, with blurred faces including at least one child.",OsPYrUUVylk,Missing Baby Prank!!! (She Panicked),kkandbabyj
True,1,excited,False,none,indoor,False,False,positive,0,"A child excitedly holding up a white shopping bag inside a mall, celebrating finishing last minute Christmas shopping.",nUwh13gAfpI,Last Minute Christmas Shopping FINALLY DONE!,kkandbabyj
True,1,excited,True,happy,outdoor,False,False,positive,1,"A child and two adults outdoors showing playful interaction with one adult crouching and the others laughing, implying a prank scenario.",PQ7A5qxJWtw,The Perfect Prank On My Best Friend!,kkandbabyj
True,1,neutral,True,neutral,outdoor,False,False,positive,1,A toddler is walking toward an adult reaching out their hand in an outdoor parking area with several adults nearby.,dCIhlGVAHPU,BABY SAYS HHHHHH!!!!!???,kkandbabyj
True,1,happy,True,happy,indoor,False,False,positive,0,"A child and an adult hugging inside a room, both smiling and looking happy.",ZkAZbF1zVA8,BEST SURPRISE EVER!,kkandbabyj
True,1,none,True,happy,indoor,False,False,positive,1,A woman holding a baby is surrounded by smiling adults with cameras indoors.,z3YYRoAqQ0I,DAVID DOBRIK AND LIZA KOSHY LOVED OUR BABY!!! 👶🏼,kkandbabyj
True,1,neutral,True,neutral,indoor,False,False,neutral,1,An adult holding a child in an indoor clinical or office setting with neutral expressions.,tF7Nz3d9Koo,Our Son Cursed Out The Nurse..,kkandbabyj
True,1,neutral,True,neutral,outdoor,False,False,neutral,0,An adult and a child stand together outdoors under a blue sky with palm trees visible.,JVDm_o5EV0s,Eating At A Restaurant With little Kids,kkandbabyj
True,1,neutral,True,neutral,indoor,False,False,neutral,1,An adult and a child are interacting inside near a table with boxes.,Sm7-Sm9ez5g,Adjusting To Three Kids Under Three Years Old,kkandbabyj
True,1,neutral,True,neutral,indoor,False,False,positive,1,An adult and a child cuddling together on a beige couch in a cozy indoor setting.,pW5slv5p81A,CUDDLING MAMA!,kkandbabyj
False,0,none,False,none,animated,True,True,neutral,0,An animated character with cat ears and a distressed expression says 'Are you proud?' in a speech bubble on a white background.,axHot1FvcYc,AMARI IS MEAN,labrantfam
True,1,distressed,False,none,animated,True,True,dramatic,2,An animated child character with visible injuries stands in a park scene saying 'They also hurt me!' in a speech bubble.,75VHfV3Y8Bk,STOP AMARIAMGST!,labrantfam
False,0,none,False,none,animated,True,True,neutral,0,Animated Gacha Life character named Noah wearing a white mask on his head with text overlay on a blue background.,8LWobFWuGbc,| Noah gets an ear ring ~ Gacha life |,labrantfam
True,1,neutral,True,neutral,indoor,False,False,exciting,1,"A child and an adult are taped together with duct tape inside a home, posing with their arms outstretched.",K6sU8TyJ6x0,DUCT TAPED TO BRENT RIVERA FOR A DAY,piersonwodzynski
True,2,excited,False,none,studio,False,True,exciting,1,"Two children posing with swapped gender-associated items, highlighting a brother and sister switching lives for a day.",2-O-HBiEAb4,BROTHER & SISTER SWITCH LIVES FOR A DAY,piersonwodzynski
True,1,happy,False,none,indoor,False,True,positive,0,"A child with a face mask smiling indoors, wearing a headband and bathrobe with text promoting a skincare brand.",QwiFwKI_S-s,really needed this @KiehlsNYC  #kiehlspartner #skincare,piersonwodzynski
False,0,none,True,distressed,indoor,False,True,dramatic,0,"An adult woman seated indoors, holding a phone showing the TikTok logo with distressed expression, accompanied by text indicating a 24-hour TikTok posting challenge.",deczXPUXWpE,POSTING A TIKTOK EVERY HOUR FOR 24 HOURS,piersonwodzynski
True,1,sad,True,neutral,outdoor,False,False,dramatic,1,"A child with a sad expression in a blue sweater stands in the middle of a crowd dressed as Santa Claus on a city street, with another child circled and pointed at in the background.",jm4T3SsY6dk,I LOST MY BEST FRIEND IN NEW YORK CITY...,piersonwodzynski
True,1,excited,False,none,indoor,False,True,dramatic,1,A child wrapped in plastic wrap sitting indoors with a dramatic expression during a video call.,PwxSlxSDKnc,the most awkward call…,piersonwodzynski
True,1,neutral,False,none,outdoor,False,False,dramatic,1,"A child lies on the sand outdoors with an expression that appears neutral, suggesting a situation related to the video title about nearly getting a concussion.",pVDCD2XRXmw,almost got a concussion😳🚨,piersonwodzynski
True,1,happy,False,none,indoor,False,False,positive,0,A child indoors proudly shows three carved pumpkins with smiling faces during a Halloween-themed activity.,emV49FqPCsg,IT'S HALLOWEEN WITCHES,piersonwodzynski
False,0,none,True,neutral,indoor,False,False,neutral,0,"A TV screen showing an adult woman wearing a bright pink outfit with a name tag, likely on a game show.",FSmThwoVfMA,MY MOMS ON TV,piersonwodzynski
True,3,neutral,False,none,indoor,False,False,dramatic,2,"Three young individuals indoors with an arrow pointing at one, suggesting a dramatic or personal story related to the title.",05-RegkHGkQ,SHE FLIRTED WITH MY BROTHER!!,piersonwodzynski
True,1,happy,False,none,indoor,False,True,positive,0,"A child dancing joyfully indoors with another young person, with text overlay about TikTok dances.",tqkBkSqAYoM,dancing with lexiiiii,piersonwodzynski
True,1,neutral,False,none,outdoor,False,False,neutral,0,A child is lying on an orange pillow on the grass in an outdoor setting.,t0VbH1jqyJc,FACING MY #1 BIGGEST FEAR,piersonwodzynski
True,1,distressed,False,none,mixed,False,False,dramatic,2,"A young girl appears in two poses, one taking a selfie in gym attire and another looking upset with a broken heart graphic.",6JtumTpXqPQ,I Can’t Believe I Did This To Myself (emotional reaction) 💔,piperrockelle
True,1,neutral,False,none,indoor,False,True,positive,1,A child posing indoors with various gift items and text promoting a Christmas wishlist gift guide.,Ed6XJfRnzjo,100 Christmas Wishlist ideas 2024🎀,piperrockelle
True,1,excited,False,none,outdoor,False,True,positive,0,"A young girl in workout attire poses outdoors with dumbbells and a container, with fitness equipment in the background and text overlay saying 'DAY 1'.",7h93alv7Yuw,My Ultimate Summer Workout Routine,piperrockelle
True,1,neutral,False,none,outdoor,False,False,positive,0,A child wearing overalls and a green hat holds a pitchfork and a chicken in front of a red barn with cows grazing nearby.,7AFGRJYKI9s,I BOUGHT A FARM 🐷🚜,piperrockelle
True,2,distressed,False,none,indoor,False,True,dramatic,1,"Two children are shown indoors with one knocking on a door and the other sitting on the floor looking upset, accompanied by a speech bubble saying 'ARE YOU OKAY?!' and a broken heart emoji.",lbk7zVnZi2k,First Time Pranking MY CRUSH,piperrockelle
False,0,none,True,happy,outdoor,False,True,positive,1,An adult woman in a purple outfit holds a box of donuts with a sign saying 'Please Donut say no... PROM?' facing a person with short hair in a red shirt.,Gi_rf4fn2s8,CUTEST PROMPOSAL ❤️🥹,piperrockelle
True,1,neutral,False,none,indoor,False,True,dramatic,1,"A teenage girl holding a birthday cake with '17' candles, alongside a phone screen showing a negative text message from an ex.",n1ILaInOqPQ,My Ex-Boyfriend Texted Me On My BIRTHDAY,piperrockelle
True,5,neutral,False,none,studio,False,True,exciting,1,Five children wearing colorful Among Us-themed hoodies are posing in a studio setting with text overlay describing an impostor challenge.,rxjc4sm7caQ,WE PLAYED AMONG US IN REAL LIFE Challenge **IMPOSTOR IQ 999**🔪🩸| Piper Rockelle,piperrockelle
True,2,distressed,False,none,indoor,False,True,dramatic,2,"Two girls sitting back-to-back on a green couch in a living room, each with speech bubbles claiming superiority.",6fpr_hiC2Yk,Confronting His NEW Girlfriend,piperrockelle
True,2,sad,False,none,indoor,False,True,negative,1,"Two children hugging each other indoors near large windows, with the text 'GOODBYE' and a crying emoji overlay.",Rgikv7DpueA,Saying GOODBYE to my CRUSH 💔,piperrockelle
True,2,excited,False,none,indoor,False,True,exciting,1,Two children in boxing gear facing each other in a boxing ring with 'VS' text overlay.,OkR3VOiG5Xw,MY FIRST BOXING FIGHT 🥊,piperrockelle
True,1,distressed,False,none,indoor,False,False,dramatic,1,A young girl sitting inside a car appearing distressed with a large broken heart emoji beside her.,eIaJ6TAlZXo,A Heartbreaking Decision…💔,piperrockelle
False,0,none,True,happy,studio,False,False,positive,0,Two adults with blurred faces are shown from the shoulders up against a bright blue background with light effects.,PC16C5M0DX8,The Face Swap Challenge (w/ Rebecca Zamolo and MattSlays),rebeccazamolo
True,1,distressed,True,neutral,outdoor,False,False,dramatic,2,"A child appears distressed while sitting at a table outdoors with an adult leaning in, and another adult looks on with a neutral expression.",QThMQJhGzdM,BEST FIRST DATE WINS KISS in Real Life Challenge! (Secret meeting w/ ex Best Friend) Rebecca Zamolo,rebeccazamolo
True,1,scared,True,neutral,indoor,False,False,dramatic,2,A child and an adult sitting indoors playing with a mysterious object while a ghostly figure is faintly visible in the background.,YUmMlpxjG7k,Talking To A REAL GHOST in My Room!,rebeccazamolo
True,1,happy,False,none,studio,False,True,positive,0,A child holding two giant rainbow pancakes with bright colorful background and a 'DIY!' text overlay.,2SJALNolKpk,DIY GIANT RAINBOW PANCAKES!! & NEVER HAVE I EVER CHALLENGE W/MY HUSBAND!,rebeccazamolo
True,1,excited,False,none,outdoor,False,False,exciting,1,A child dressed as a mermaid with a colorful tail sitting in a green crate in the middle of a city street.,EgcpRrn5tjA,I Became a MERMAID in Public For A Day! (WORST Game Master 24 Hour Challenge) | Rebecca Zamolo,rebeccazamolo
True,2,excited,False,none,studio,False,True,exciting,1,Two children excitedly presenting an enormous ice cream sundae with bright colorful background and text overlay saying OMG!!,CmSz_k5niYM,"WORLD'S LARGEST ICE CREAM SUNDAE!! 100,000+ CALORIES!",rebeccazamolo
True,1,excited,False,none,studio,True,True,dramatic,1,An animated child figure points to a poster with a silhouette and a green question mark labeled 'WHO?' with a mysterious figure in the background.,nCHFYSJzVmI,GAME MASTER Spy FOUND Pumpkin Patch's Next Target! (Mysterious New Clues Found on Treasure Hunt),rebeccazamolo
True,2,excited,False,none,studio,False,True,dramatic,1,Two young individuals in red hoodies making peace signs with a speech bubble saying 'You're not a Teen' on a colorful background.,3KzkGNXP17M,Copying Piper Rockelle for 24 Hours! Rebecca Zamolo,rebeccazamolo
True,1,neutral,False,none,studio,False,True,dramatic,2,A split image showing a girl portraying a 'broke pregnant' holding a 'NEED FOOD' sign and the same girl as a 'rich pregnant' wearing a tiara and golden clothes with gold coins background.,QcxerdBo8jI,Rich Pregnant Vs Broke Pregnant - Rebecca Zamolo,rebeccazamolo
True,1,neutral,True,neutral,outdoor,False,False,neutral,1,A child in a bright pink shirt lies with arms outstretched in front of a colorful structure with an adult wearing a white mask and black gloves behind them.,xC7qKMDKS0c,WORLD'S LARGEST Gymnastics Fort! (Hide and Seek w/ RZ Twin ) Rebecca Zamolo,rebeccazamolo
True,1,neutral,True,neutral,outdoor,False,False,dramatic,2,A young girl holding a lighter with a woman tied to a chair surrounded by flames in the background.,neXrhqXQHxQ,Rebecca GETS REVENGE On EVIL BABYSITTER,rebeccazamolo
True,1,distressed,False,none,indoor,False,True,dramatic,1,A child showing distress at a table with school supplies while contrasting the concept of school versus real life.,8EQM-Feoseo,School Vs. Real Life,rebeccazamolo
True,1,neutral,False,none,outdoor,False,False,exciting,1,A child in a McDonald's uniform holds a Happy Meal box outside a restaurant next to a friendly robot serving food from a drive-thru window.,7tp1bTB-DZw,I Hired an AI Robot to Work at McDonald's with Me!,ryansworld
True,1,neutral,False,none,indoor,False,True,positive,1,A child sitting indoors holding a Spider-Man toy with 'Shhh...' text overlay and a playful Minion character in foreground.,FjlhYd2Touk,Hide N Seek Family Fun around the house with Ryan,ryansworld
True,3,excited,False,none,animated,True,True,exciting,1,Three children holding Minecraft-themed weapons in an animated environment with the Minecraft logo prominently displayed.,-Sr0nBr4Mpk,Ryan's GIANT Minecraft Movie Challenge!,ryansworld
True,1,happy,False,none,indoor,False,True,positive,0,A child dressed as a chef is playing with toy fruits and vegetables and a toy stove in an indoor setting.,CI7wSCWqCyc,TOY CUTTING VELCRO FRUITS AND VEGETABLES,ryansworld
True,1,surprised,False,none,indoor,False,True,dramatic,1,"A child sits indoors at a table with a lie detector device, showing his hands up, appearing surprised, with added graphic effects and text overlay.",FtpQ_CIL1CU,Lie Detector Test on Ryan! Is Ryan telling the Truth???,ryansworld
True,3,excited,False,none,indoor,False,True,exciting,1,"Three children indoors with playful expressions, featuring colorful text overlay and a logo.",FAqOigS-Wds,Ryan Becomes a Monster Pretend Play with Emma and Kate!,ryansworld
True,1,excited,True,excited,outdoor,False,True,exciting,1,"Several people, including a child and two adults, stand on glowing squares in a grassy outdoor field with an excited expression, with text about a $500,000 challenge.",bS0HTbiwWLQ,"LAST TO LEAVE THE SQUARE GETS $500,000",ryansworld
True,1,neutral,False,none,animated,True,True,exciting,1,"A child wearing a red Elemion shirt is surrounded by two animated characters in a colorful outdoor setting, promoting a live watch party of a new animation series.",8Zdd_cOwQIM,A Brand New Animation Series is Launching! Watch Party with Ryan's World!,ryansworld
True,1,neutral,False,none,indoor,False,False,neutral,0,A child is playing with a colorful twisted Jenga tower indoors.,bXX-NyIgMXA,Twisted Jenga Fun with Ryan!,ryansworld
True,1,neutral,True,neutral,outdoor,False,False,exciting,1,A child appears to be playfully kicking an adult who is digitally edited to be partially inside a green animated portal outdoors.,3Ow_mF7EXG0,Ryan magic toy hunt adventure for Ryan's World Giant Surprise Eggs!!!,ryansworld
True,1,neutral,False,none,indoor,False,True,exciting,1,A child wearing a Ryan Toys Review shirt is conducting a dry ice experiment with bubbles indoors.,YwCJ9uIcfeE,DRY ICE BOO BUBBLES Science Experiments for kids to do at home,ryansworld
True,1,happy,False,none,studio,False,True,positive,1,"A child is playing with a toy claw machine filled with colorful balls, smiling against a bright blue background with animated faces.",g6_XnFZZsTU,Ryan plays Crazy Craw Machine with Kinder Eggs Surprise Toys,ryansworld
True,3,neutral,False,none,studio,False,True,exciting,1,Two children holding large colorful balls stand on a bed of oversized gumballs with a third child's face prominently displayed in the background.,XJ8sFscwdHI,Sisters Got ShRunk Inside A Bubble GumBall Machine!,tannerites
True,4,excited,False,none,indoor,False,False,positive,0,"Four children in a bright room celebrating with two cartoon unicorns, one child standing with arms outstretched in excitement.",TGndfuDAYQM,TEENAGE Unicorn Birthday PARTY!!,tannerites
True,2,neutral,False,none,studio,False,True,exciting,1,Two children surrounded by colorful elf dolls with text overlays referencing 'elf' and 'THE MOVIE' on a bright green background.,FTWu7_QuqIk,Caught SANTA On Camera And ELF Moving The Movie!,tannerites
True,2,neutral,False,none,indoor,False,False,neutral,1,"Two children indoors, one girl in a white dress sitting on the floor near a fireplace, and one boy in a white sweater in the foreground.",UQYwEF1pDpE,TANNERITES SQS!! #3,tannerites
True,3,excited,False,none,indoor,False,True,exciting,1,Three children excitedly pose inside a colorful block-built pool with bright text overlay promoting a last to leave challenge.,E6WfOaFhnJc,Last To Leave The Pool WINS!,tannerites
True,1,neutral,True,neutral,studio,False,False,dramatic,1,"A child and an adult in costume pose against a colorful background, with the adult dressed in a robot-like outfit.",DeKyRHjaIiE,My SISTER Is A ROBOT!,tannerites
True,6,excited,False,none,indoor,False,True,exciting,2,"A group of children sitting indoors with large amounts of food, smiling and excited under a bright text about winning money for eating last.",bKY5gAgNoB8,Last To EAT Food WINS $300! Last To LEAVE With Their FOOD WINS CASH!,tannerites
True,2,happy,False,none,indoor,False,True,positive,1,Two children interacting in a pretend ice cream shop setting with one child holding a large stacked ice cream cone and the other holding an ice cream cone with sprinkles.,ZTbhEomwZeU,Buying Real Ice Cream From Drive Thru Ice Cream Shop Window In My House!,tannerites
False,0,none,True,neutral,indoor,False,False,positive,0,"A close-up of a hand holding a blue Easter egg decorated with the text '#truelove' indoors, with blurred colorful eggs in the background.",v02mk6CS-H0,COLORING EASTER EGGS!!,tannerites
True,1,happy,False,none,outdoor,False,True,positive,1,A child dressed in McDonald's-themed attire stands in front of a McDonald's restaurant holding a Happy Meal box.,G7E-HTyldsI,McDonald's In My HOUSE Is OPEN!,tannerites
True,2,scared,False,none,indoor,False,True,dramatic,2,"Two children are depicted with one child seeming to sleepwalk towards the other who appears concerned, with added visual effects including text and an alarm clock icon.",9H0MizmB2Pc,HELP....Brother Won't Wake UP And Sleep Walking!,tannerites
True,2,excited,False,none,studio,False,False,exciting,1,"Two children pose next to a person in a Baldi costume behind LEGO jail bars, one holding a ruler and coin, the other pointing.",07NG3H_R9Ok,Baldi’s Ruler Has POWERS! | Baldi Goes To JAIL in Giant LEGO FORT!,tannerites
True,1,neutral,True,neutral,indoor,False,True,neutral,1,An adult and a child embracing indoors with text overlay stating 'IT'S BEEN A LONG WEEK' and a pink heart emoji.,cpoZKnwKI2s,It’s Been A Long Week | The LeRoys,theleray
True,1,happy,False,none,indoor,False,True,positive,0,A happy teenage boy indoors pointing at the camera with a text overlay about arguing with a teenage son.,kKA0Fee1Nd8,😂 @RhettLeRoy10  you da best 💕,theleray
True,2,excited,False,none,indoor,False,False,positive,0,Two children excitedly reaching for sprinkled donuts at a kitchen counter in a festive indoor setting.,aUGLeMyedqk,Let The Christmas Vlogs Begin | The LeRoys,theleray
False,0,none,True,neutral,indoor,False,True,neutral,0,Two adults sitting in a car with a text overlay that says 'JUST OUR LUCK'.,inTH3bb0AE4,We Do This Every Fall | The LeRoys,theleray
False,0,none,True,neutral,indoor,False,True,positive,0,"An adult holding an orange Halloween-themed bucket filled with various festive items, with text overlay describing a Boo Basket for Kesley.",al8jCuXPqZ0,"Boo Basket for Kesley, Shanna’s Birthday Fun, Rhett’s Big News & New Fall Clothing Haul | The LeRoys",theleray
True,2,excited,True,excited,outdoor,False,True,exciting,1,"A family is white-water rafting together, showing excitement and adventure during their vacation.",OJHTUNfexJY,Our Summer Vacation | The LeRoys,theleray
True,1,excited,True,surprised,indoor,False,True,dramatic,1,"A child in a pink jacket appears to be pleading with a woman indoors, with speech bubble text overlay conveying a dramatic conversation.",V4NKHmOKrWs,Please Mom? | It’s My Dream | The LeRoys,theleray
True,1,excited,True,neutral,indoor,False,True,positive,1,"Two people seated in a car with one child resting her head, showing a text overlay 'HOUSE SURPRISE'.",xNj9nZEs5ks,Coming home to a surprise | The LeRoys,theleray
True,1,neutral,False,none,indoor,False,False,neutral,0,A child sitting on a bed in a bedroom with bags and clothes in the background.,xIYwFNpq7-U,Packing for senior trip | she Released her first song | cooking with Rhett | The LeRoys,theleray
True,4,happy,False,none,outdoor,False,True,positive,0,"Four children holding signs indicating their school grade levels, standing outside with a bright 'First Day of School' text overlay.",jgYad2p9yX8,Back To School Tradition | First Day of School 🎒,theleray
True,1,neutral,False,none,indoor,False,True,dramatic,1,A child with blurred face in a dark setting with laughing emojis and bold text saying 'I'LL BE OKAY!!!'.,dhc-_f0Z7Ps,READING MEAN COMMENTS!! I'LL BE OKAY! | THE LEROYS,theleray
True,1,happy,True,happy,outdoor,False,True,positive,0,"A family group is posing on a beach in Cozumel, with smiling faces and casual beachwear, and a text overlay saying 'Cozumel' with tropical leaves.",BEaPOlFXTJc,The Best Part Of Our Trip | Cozumel Island |Sancho's Beach | The LeRoys,theleray
True,1,neutral,False,none,indoor,False,False,neutral,1,"A child stands by a window indoors, facing away while an adult's hand visibly shows a tattoo.",ActAElzKA6Y,TATTOO SURPRISE!,thesacconejolys
True,3,scared,True,happy,outdoor,False,True,exciting,1,"A toddler experiencing their first rollercoaster ride with adults visible in the background, set outdoors at an amusement park.",fnr-n6TOdws,HER FIRST TIME ON A ROLLERCOASTER! (2 year old) - DISNEY DAY 4 (2020),thesacconejolys
True,1,neutral,False,none,indoor,False,True,neutral,1,A 13-year-old girl indoors holding a camera and pointing at herself with text indicating her age.,b8MeqeCs2o8,We're Back.. (and everything has changed),thesacconejolys
True,2,neutral,False,none,indoor,False,False,neutral,1,Two young children sitting closely together on a couch indoors.,DFc0uzHt83o,LOVE HIM OR HATE HIM?,thesacconejolys
True,2,neutral,True,neutral,outdoor,False,False,neutral,3,An adult lying on a lounge chair at the beach with two young children sitting on and near them.,fXTkOqoMTMY,Baby on a Baby on a Beach in Mexico,thesacconejolys
True,1,excited,False,none,indoor,False,True,positive,1,"A child excitedly holds up a tooth inside a bedroom setting, highlighting their first tooth being pulled out.",KO0g_hWkx1A,SHE GOT HER FIRST TOOTH PULLED OUT!,thesacconejolys
True,2,neutral,True,happy,indoor,False,True,positive,1,"An adult woman and two children are at a dining table, with one child seemingly feeding himself.",R823UJDd8iQ,BABY FEEDS HIMSELF!!,thesacconejolys
True,4,happy,False,none,indoor,False,True,positive,1,Four children sitting on a bed in a cozy room with text overlay promoting a Christmas road trip.,Rhv0JPViO1s,CHRISTMAS ROAD TRIP WITH 4 KIDS!,thesacconejolys
True,1,neutral,False,none,indoor,False,False,neutral,0,"A child indoors near a wooden wall with flower decorations, looking slightly downward.",Hrxl9IkdyRI,TASTY THAI,thesacconejolys
True,4,happy,True,happy,outdoor,False,True,positive,1,"Several happy children and an adult posing with a Minnie Mouse character at Disney World, with text overlay stating 'DREAMS COME TRUE AT DISNEYWORLD'.",Vm9CXBp7FEU,HER DREAM CAME TRUE AT DISNEY - DISNEY DAY 3 (2020),thesacconejolys
True,2,excited,True,neutral,indoor,False,False,positive,1,An adult and two children are playing together in a bedroom with a crib and toys visible.,YgaNnYnV7zg,CUTEST KIDS EVER!,thesacconejolys
True,1,neutral,True,neutral,indoor,False,False,neutral,0,"An adult and a child sitting indoors, with the child holding a large fork.",ShXw4QJgxVg,GETTING HER OWN WAY!,thesacconejolys
False,0,none,False,none,studio,False,True,positive,0,Toy figures of Paw Patrol characters and Peppa Pig surrounded by colorful cotton candy-like fluff in a studio setting.,TwxKon9ToUM,Paw Patrol Saves Peppa Pig From a Pile OF Cotton Candy Toys Parody,thesuperherobuddy
False,0,none,False,none,indoor,False,False,positive,0,Peppa Pig toy playhouse set with figurines arranged on a tabletop indoors.,98DnmtNK3T0,PEPPA PIG Peek n Surprise Playhouse Unboxing and Review,thesuperherobuddy
True,1,happy,False,none,outdoor,False,True,positive,0,"A happy child is enjoying a ninja training ropes course outdoors with bright, playful text and cartoon sun and bird added.",R7G-SlG-FE4,Assistant Tries the Ninja Training Ropes Course and Zip Lines,thesuperherobuddy
False,0,none,False,none,studio,False,True,positive,0,Paw Patrol toy characters among colorful Orbeez with text overlay promoting a toy parody.,5AG_HWozzxU,Paw Patrol Rubble Gets Into the  Orbeez Againa Funny Toy Parody,thesuperherobuddy
True,1,neutral,False,none,indoor,False,True,exciting,1,A child holding three dogs wearing superhero costumes with colorful transformation effects and bold text overlay.,2OT4vilAKNc,Assistant's Dogs Wiggles and Waffles Transform into Spidey and Hulk,thesuperherobuddy
True,3,happy,True,happy,outdoor,False,False,positive,0,"Four people, including children and an adult, dressed as mummies standing in a corn maze.",IrQL9SUY_V8,Assistant and Batboy Ryan play Mummy Touch in the Corn Maze,thesuperherobuddy
False,0,none,False,none,studio,False,True,positive,0,"A Sofia the First mermaid toy is displayed with small sea creature figures on a colorful backdrop, featuring the show's logo.",rMxnNphNR0k,SOFIA THE FIRST MAGICAL LIGHTS MERMAID Water Toy,thesuperherobuddy
False,0,none,False,none,outdoor,False,False,positive,0,A small dog dressed in a playful costume is standing outside on the grass near a blue house.,Un0QMF6BKko,Super Mario and Peaches Are the Wiggles Waggles and Waffles #FamilyFun #FunnyDogs #supermario,thesuperherobuddy
True,2,neutral,False,none,studio,False,False,neutral,0,Two child dolls and one Elsa doll from Frozen alongside an Olaf toy are posed on a blue surface with a sparkly background.,TRrEoNZDxTE,FROZEN Elsa Baby Abbie Plays Hide and Go Seek with Olaf,thesuperherobuddy
True,1,neutral,False,none,indoor,False,True,positive,0,"A child lying next to two baby Paw Patrol toys seated in small chairs, with colorful text 'Baby Spa' above.",cOg9CKNzVNs,Assistant Baby Spa Day with Baby Paw Patrol Toys,thesuperherobuddy
True,1,neutral,False,none,studio,False,True,positive,1,A child standing next to people in Mickey Mouse and Donald Duck costumes with Finding Dory themed graphics in the background.,tkbIuqRLOvU,Assistant Play Finding Dory Hank Ring game with Mickey Mouse,thesuperherobuddy
True,1,neutral,False,none,studio,False,True,positive,1,"A child is seated indoors with four Paw Patrol Racer toys and a dog, with colorful text overlay reading 'Paw Patrol Racers'.",NPV9437IGOw,Assistant Finds Chase and Marshal PAW Patrol Racers with Wiggles & Waffles!,thesuperherobuddy
True,1,neutral,False,none,indoor,False,False,neutral,0,A child is sitting indoors beside a decorated Christmas tree with wrapped presents underneath.,_hMl34kEUks,Where are you Christmas?🎄 #shorts,theweisslife
True,5,neutral,True,neutral,outdoor,False,True,positive,0,"A family of six standing outdoors near a tree in a pumpkin patch, with children wearing matching Halloween-themed sweaters and text overlay saying 'PUMPKIN PATCH!'",4s5j1fGQLlI,PUMPKIN PATCH!,theweisslife
True,1,neutral,True,neutral,indoor,False,False,neutral,0,"A child and an adult sitting at a table indoors, seemingly engaged in an activity with various small items.",ErbW_F5E2ig,What’s in our Advent calendars? Day 21 🎁 #shorts,theweisslife
True,1,neutral,True,neutral,indoor,False,True,positive,1,"An adult holding a baby wrapped in a blanket indoors, with the baby shown again in a close-up on the right side, accompanied by the text 'MEETING THE BABY!'",JFOPQS4KgBc,THE KIDS MEET THE NEW BABY!,theweisslife
True,1,neutral,False,none,indoor,False,True,neutral,1,"A child is shown indoors wearing a green hoodie, with text overlaying the video that reads 'When we first got together vs. now.'",TrKjTuxmPD0,When we first got together vs. now #shorts,theweisslife
True,1,happy,False,none,indoor,False,True,positive,1,A young girl happily sitting in a small blue toy car indoors with birthday presents and festive text overlay.,G6zJMcWwBU0,GRETCHEN'S 5th BIRTHDAY MORNING! OPENING PRESENTS AND PARTY!,theweisslife
True,2,neutral,False,none,indoor,False,False,neutral,1,"Two children indoors dressed in robes and accessories, one holding a walker with a basket, posing in a living room.",h1O8lU3Z_wI,Can you GUESS our FAMILY HALLOWEEN COSTUME THEME?!🎃🐈‍⬛ #shorts,theweisslife
True,1,neutral,True,neutral,indoor,False,True,neutral,1,A father and daughter standing indoors near stairs with text labels showing their birth years.,PW3ns2p6R48,Dad vs Daughter #shorts,theweisslife
True,1,happy,True,happy,indoor,False,True,positive,0,A girl and an adult woman indoors smiling and waving with text overlay inviting viewers to come get new mother-daughter piercings.,BoslzF3vzYs,I SURPRISED my 16 year old Daughter!🥳 #shorts,theweisslife
True,1,neutral,True,neutral,indoor,False,True,positive,0,A dad in red pajamas is making a child clean up torn wrapping paper on Christmas morning inside a room.,HP9VyEFKEXE,Dads on Christmas morning be like…🤣 #shorts,theweisslife
True,4,happy,False,none,indoor,False,True,exciting,1,Four children posing indoors with Halloween shopping bags and Halloween-themed characters in the background.,1aok_Glkj3M,HALLOWEEN COSTUME SHOPPiNG for 6 KiDS?! *this gets expensive*,theweisslife
True,2,neutral,False,none,indoor,False,True,dramatic,1,"Two children sitting at a kitchen table with candy pieces spread out, with a text overlay reading 'POISON CANDY GAME!'",c-GhNSQ8iS0,Poison Candy Challenge GONE WRONG!😂 ​⁠@BallingerFamily #shorts #summeronshorts,theweisslife
True,3,happy,False,none,studio,False,False,positive,1,Three children proudly display colorful drawings of cartoon birds against a bright blue background.,h-w4H6pYljM,3 Marker Challenge from Vlad and Nikita,vladandniki
True,2,neutral,False,none,indoor,False,False,neutral,1,Two children are seated indoors with a watermelon rigged with taps dispensing colored liquid into cups.,RMroHHrUoi8,Vlad and Niki have fun with Mom - collection kids video with toys,vladandniki
True,1,excited,True,happy,indoor,False,False,positive,1,A child and an adult woman dressed as a mermaid with colorful tails are posing indoors next to an inflatable slide with mermaid tail decorations.,KuadJHGxt9I,Vlad and Mom turned into a mermaid,vladandniki
True,1,neutral,True,neutral,indoor,True,False,dramatic,1,An adult and a child holding toy guns aim at an animated angry virus character indoors.,MnUuRzbl1Cw,Kids story about viruses,vladandniki
True,2,excited,False,none,indoor,False,False,exciting,1,"Two children participating in a playful pink vs black themed challenge in a brightly colored indoor setting, one pulling a piece of cloth from the other.",FOCiUvFfeG0,Pink vs Black Challenge for friends by Vlad and Niki,vladandniki
True,2,excited,False,none,indoor,False,False,positive,1,Two children indoors enthusiastically holding a large thermometer prop and a yellow gaming controller.,cdlEJ5vnB2M,Mike teaches Uncle not to cheat and tell truth,vladandniki
True,1,happy,False,none,outdoor,False,True,positive,1,A smiling child dressed in a superhero outfit poses outdoors next to a large toy egg with cartoon faces and branding.,XAtGYiH6exI,Vlad and Egg Surprise with toys to save the day,vladandniki
True,1,surprised,False,none,indoor,False,False,exciting,1,A child with a surprised expression stands next to a large tiger inside a kitchen setting.,KKqe5vP2oEs,Wild Animal Adventure at Home | Kids Learn Animal Names,vladandniki
True,1,neutral,False,none,indoor,False,False,positive,1,A child holding a magic wand next to four white rabbits and a magic hat on a colorful table inside a decorated room.,WGINaBiaTd8,Vlad and Niki shows magic tricks and create new toys,vladandniki
True,1,neutral,True,neutral,indoor,False,False,neutral,1,"A child dressed as a police officer stands in front of a woman who is inside a colorful playhouse, both with neutral expressions.",KlVpgbId4XY,Vlad learns mommy good habits,vladandniki
True,1,neutral,False,none,indoor,False,False,neutral,0,A child is holding and playing with a yellow handheld device indoors.,bxGpIH1GK-0,New Vlad & Niki’s Camping Game,vladandniki
True,1,neutral,False,none,indoor,False,True,exciting,1,"A child wearing a safari hat is behind toy dinosaur cages with colorful dinosaur toys displayed in front, with a 'Jurassic World' sign in the background.",3ZJ5sBmQEEY,Vlad and Niki Jurassic World Toys Adventures,vladandniki
