id,channel_short_name
Ksk_K5PgMZM,acefamily
myBCVyhq-6Y,acefamily
TBYKtkBUHJU,acefamily
N1PXjVdmMs4,acefamily
KA3d8pSiQJE,acefamily
N3b24Gj3FMQ,aforadley
vv-DZJYhluo,aforadley
y7JdT0iOBZg,aforadley
8LDYWm7u8LU,aforadley
DBkcuepQY9I,aforadley
g7mzGOfdVLQ,andrewdavila
O6VON2LNNik,andrewdavila
OPZrTetean8,andrewdavila
--2RsDMl8yE,ballingerfamily
cAgToLiPZrg,ballingerfamily
Rbr5O__uzJM,ballingerfamily
rBA7E-X3Sfc,ballingerfamily
9YN0-g-XagA,ballingerfamily
XjZv_kzQ_H0,bonniehoellein
k-7pvtiRGpE,bonniehoellein
9KBP8ZETpkQ,bonniehoellein
uA0jE78e-zo,bonniehoellein
eWjRmHvhihg,bonniehoellein
A-QkKraNM2Q,bratayley
O5hptG47iO8,bratayley
60AFYb3Rhyg,bratayley
LuxFXcvPp2w,bratayley
f-llqtsHIsc,bratayley
b0RBWMgazYU,brentrivera
_NKsy8LzzLk,brentrivera
q1S0g4Tr5-s,brentrivera
_ezmceSGPew,brentrivera
AXZcCNc7ffk,brentrivera
TRvbHo6woD4,dailybumps
DqcmQDPfaTE,dailybumps
cBV2MSa-kgk,dailybumps
ApHCFFMXT48,dailybumps
vJ7mszZiKKI,dailybumps
GM038ihfr3A,ehbee
gB9Q3rGA280,ehbee
abr9-2zOKj4,ehbee
m91kF-nk-1U,ehbee
Wb8mu9GT33Y,ehbee
5RzAncsQt5o,ethangamer
v2UcVdmuW0g,ethangamer
C6lk8v5OqHw,ethangamer
OqUply4mzEo,ethangamer
vVQhdSbStGI,ethangamer
246XtiyIKm0,everleighrose
1kLrLzVhL0Y,everleighrose
D3gTHpkv7kE,everleighrose
p0VoRUmPMP4,everleighrose
KkdkmRUjMFM,everleighrose
3Q23nUNstpc,familyfizz
fns54LfXzI4,familyfizz
6R6F371Hj3k,familyfizz
RmyJO2N1aiQ,familyfizz
pmezVzroUNY,familyfizz
ZDMN-C3vDRo,familyfudge
vqXJvC3hnOI,familyfudge
eTTMeNZlZK4,familyfudge
2oK_EXQZd4k,familyfudge
6UIyoTRmnsA,familyfudge
eG7A3AgmjqY,familyfunpack
B43WUkSYQew,familyfunpack
9QGNElKNf-g,familyfunpack
d7Bi22N1jvo,familyfunpack
-xS9RbOyFHk,familyfunpack
UenSVPkM0NE,funsquadfamily
XAw2ByLKOFA,funsquadfamily
c3hihUDgD6s,funsquadfamily
YOw-rtKgvq0,funsquadfamily
hn14vcLQOEM,funsquadfamily
kpox7zp5ndE,gavinmagnus
uED3DBIzMTQ,gavinmagnus
X_3HdKEqCiQ,gavinmagnus
4_XGwcuO9NA,gavinmagnus
vI1dPUBiNY8,gavinmagnus
5WqtxV1svb4,inghamfamily
dgJfL6A0_Gk,inghamfamily
EMRm2tdMibg,inghamfamily
s3-3mqD1rvc,inghamfamily
liUHF6Xzlts,inghamfamily
cteOqd6fULY,itsjudyslife
pKYHjt5II5A,itsjudyslife
7PyLBZd9tjg,itsjudyslife
d-7i5VHewPA,itsjudyslife
LDqJC-c4jHg,itsjudyslife
zMPm5Ybnw6M,itsyeboi
L5gG4HIUxJA,itsyeboi
RxbmSXxp-k0,itsyeboi
gKyif-XFNLQ,itsyeboi
m9MmngQecog,itsyeboi
8rGI4_6tWII,jesssfam
3CdKjWH-0m8,jesssfam
3RTiDTM1elw,jesssfam
48KJDJD0BkY,jesssfam
iBn5M3mJPLg,jesssfam
i5KR3FvoLbs,jhousevlogs
bHMryT8FHI0,jhousevlogs
8iGpBZgTFfk,jhousevlogs
Xjp-3jylvj8,jhousevlogs
atWXnnpjyGw,jhousevlogs
lVS5-GQ91vo,jillianandaddie
YwbmMedc2jo,jillianandaddie
w2QXJNzddVw,jillianandaddie
mRrrXsdQFXU,jillianandaddie
YXON5vIPef0,jillianandaddie
mt9SaGY_fco,johnsonsfam
s-Wic4NWBbo,johnsonsfam
fjX1jgfS4yw,johnsonsfam
1xBKtusQJww,johnsonsfam
WvJePRwDW1I,johnsonsfam
c65wnT5hM5w,jordanmatter
Zf23JqCZxlU,jordanmatter
8s3G77tC28w,jordanmatter
dARtcG5DFkY,jordanmatter
pfLM6dtAM0g,jordanmatter
innGFkO5gRQ,kidsdianashow
RMTYsmXHkTo,kidsdianashow
yHPxRlTauOU,kidsdianashow
H7uX6kb8SS0,kidsdianashow
nnSJVMSicaQ,kidsdianashow
_wlj8rECGsY,kkandbabyj
cQmsSfN4SHI,kkandbabyj
P1NM2FM5WcY,kkandbabyj
nAk-mLphCbQ,kkandbabyj
F3DTNnamtI0,kkandbabyj
axHot1FvcYc,labrantfam
75VHfV3Y8Bk,labrantfam
8LWobFWuGbc,labrantfam
AB7kXrla_0w,likenastya
6QNpyX8fKjA,likenastya
TwySyVXi49c,likenastya
jPIPzqN3DH0,likenastya
Yppgtexgnrc,likenastya
_ZufHiGoSZw,mccluretwins
yP5RNN5yTOE,mccluretwins
RpGTrMi_Zr8,mccluretwins
EpTd3Tu3GBs,mccluretwins
QiM9Zy7MImY,mccluretwins
7MZaxkt5t1s,norrisnuts
son6wI2pK1A,norrisnuts
QknT67Jjzsg,norrisnuts
y3wVvfnF7FY,norrisnuts
ZpWULcg1MnQ,norrisnuts
PRfSg_ZlU78,ohanaadventure
3DGSKsEM8Yw,ohanaadventure
qeChecAFbmQ,ohanaadventure
MPGZqmwLr7A,ohanaadventure
n7d2muTiwG8,ohanaadventure
SSOspDdafuw,onyxfamily
kCN6ZIeU05Y,onyxfamily
o6WaiMc1TpM,onyxfamily
qn6K85m5f4s,onyxfamily
edZ5z_n1yXg,onyxfamily
E_0Jz2-5S3c,piersonwodzynski
RTH1oCit03I,piersonwodzynski
eeB3cC3KSo0,piersonwodzynski
wujAEGPVVuA,piersonwodzynski
BTK3U2E3-DE,piersonwodzynski
Ew-ONQOUTFc,piperrockelle
fkgTVsGLdws,piperrockelle
gPHDWFyexlU,piperrockelle
iRr64f_BBVg,piperrockelle
cTU-tozjI0Y,piperrockelle
uFIDct9rQ7M,rebeccazamolo
UiCCh3LYuwI,rebeccazamolo
lySrFFZYJGY,rebeccazamolo
i6B1qmRgQQo,rebeccazamolo
27j0tPJh99w,rebeccazamolo
s1Etw0X_h24,royaltyfamily
y9FLKhfh8JA,royaltyfamily
DHg3dFCCuTE,royaltyfamily
EvrZoRRiP30,royaltyfamily
Lq4UK822eys,royaltyfamily
yC6hcPat6BI,ryansworld
42_65qPfENQ,ryansworld
PK8KMpJSoXY,ryansworld
oSxOH80VCfk,ryansworld
OF_4T2QIRFQ,ryansworld
ameKFpVgKsA,samandnia
48rQgH4WITs,samandnia
0i4vLsZRhbU,samandnia
nd0l46vaEf4,samandnia
9NXIpst22KQ,samandnia
wpVWcFhuLYQ,shotofyeagers
zHGIxjPO27E,shotofyeagers
6eYgfrDqr3c,shotofyeagers
LCvkuPGbOiQ,shotofyeagers
nKzxf4BD3jk,shotofyeagers
-TwYYKzq08g,smellybellytv
iGMbNnQ2Hm0,smellybellytv
qezmztWq6Gs,smellybellytv
7fZ9Yy60IhU,smellybellytv
cFPMLWZvTO0,smellybellytv
oELaNMfqxXk,tannerites
PISf6H5EP6Y,tannerites
q_MuNU-N83I,tannerites
Xl0JhNSikiM,tannerites
xp9zeI0PbZE,tannerites
zHSPuuv_v4I,thatyoutub3family
G4VBR2_Jd10,thatyoutub3family
PT1pNeoZlbk,thatyoutub3family
nzrLtC8Too0,thatyoutub3family
ifF5lUCbFd4,thatyoutub3family
wyTMyAZMwms,theleray
NAHdiuxCPpE,theleray
98dF7LK9VTQ,theleray
u4Dlh7QS4GY,theleray
6o6jDDlqzMs,theleray
D3Eq8lPvXP0,thesacconejolys
6sRwnQElEus,thesacconejolys
c83JDkg7xnQ,thesacconejolys
VZnPP2EJrvM,thesacconejolys
oZpvV2SAdKc,thesacconejolys
xqUbmjSSQ-s,theweisslife
MVk0qFtT1nk,theweisslife
jli6oCaHVYQ,theweisslife
NGHqEASWZSc,theweisslife
wdjU_fqB-yc,theweisslife
jBXQqyBizaI,tydustalbott
trz1sToPIx4,tydustalbott
UYR3S8K0x8A,tydustalbott
VhAXxeYj1tk,tydustalbott
Udh7lQ0njwE,tydustalbott
9N8Zio00xc0,vladandniki
ZHrG8X43p4w,vladandniki
0Q-PFTUs_oc,vladandniki
1ESlSrQ5l6E,vladandniki
b9ehRN1_04o,vladandniki
rW9q5xS0kC4,wearethedavises
jy97JQ-b_iU,wearethedavises
SE6otD0ZIn8,wearethedavises
wZxnRhHUfrI,wearethedavises
5LBCSBgu6P0,wearethedavises
