channel,uploads_per_week,uploads_per_month,interval_mean_hours,interval_median_hours,interval_std_hours,interval_cv,interval_min_hours,interval_max_hours,burst_ratio,weekend_ratio,dow_entropy,hour_mean,hour_std,evening_ratio,hour_entropy,upload_trend_slope,upload_trend_r2,holiday_upload_ratio,views_mean,views_median,views_std,views_cv,views_skew,views_max_ratio,like_view_ratio_mean,comment_view_ratio_mean,views_growth_ratio,title_length_mean,title_length_std,title_caps_ratio,title_exclaim_ratio,title_question_ratio,title_emoji_ratio,title_allcaps_ratio,title_number_ratio,title_emotional_ratio,title_word_count_mean,exploit_score_mean,exploit_score_std,exploit_score_max,high_exploit_ratio,total_videos,channel_age_days,category
3blue1brown,0.40344827586206894,1.7290640394088668,418.2398414401526,141.90222222222224,604.864055334771,1.4462133814224944,0.0,2786.599166666667,0.2145922746781116,0.33760683760683763,1.8653085743319964,13.461538461538462,6.204025360214785,0.42735042735042733,2.695271937680007,0.010463970872454768,0.02015233366659557,0.029914529914529916,3171403.8376068375,1748890.5,5286478.199594224,1.6669205406472092,7.134580375368425,19.982086560070627,0.03500714381299662,0.000906616840419575,0.7328181218056786,46.02564102564103,18.298414077231637,0.05348859232081103,0.008547008547008548,0.1452991452991453,0.0016870129694738806,0.0,0.3333333333333333,0.01282051282051282,7.5085470085470085,0.002426527672307693,0.06730384063245205,0.2378882,0.08547008547008547,234,4060,adult
acefamily,1.4521384928716905,6.223450683735816,115.88326466916354,63.75138888888889,835.9577106728335,7.213791508717145,20.015833333333333,22201.835,0.08426966292134831,0.2959326788218794,1.8992716678018957,10.663394109396915,9.536389102565344,0.9859747545582047,2.3861125348695453,-0.13730382130779045,0.5380423876307405,0.033660589060308554,6448260.09256662,5237782.0,4977244.073278142,0.7718739631820644,2.036645269287207,6.4039316664045325,0.045564466748293675,0.005359534083067731,0.7460535465162121,43.31276297335204,15.794379860961143,0.7412783475495003,0.7601683029453016,0.0729312762973352,0.0006482412604326114,0.9733520336605891,0.10659186535764376,0.21598877980364656,7.063113604488079,0.10042236557779805,0.09908960202373693,0.38789594,0.48106591865357645,713,3437,family
aliabdaal,2.6133586749932123,11.200108607113766,64.34244298884036,27.151666666666667,192.58503696799932,2.993125968210463,0.0002777777777777778,6590.139444444444,0.34497816593886466,0.23636363636363636,1.928185746855553,13.501090909090909,2.9748764073059464,0.08872727272727272,2.376517876971004,0.1902875213550943,0.47353660549596194,0.02618181818181818,392213.8327272727,113681.0,895143.2125120627,2.2822836366776076,7.232521409455491,35.49070134321163,0.04275806659115657,0.001172919350309866,0.26510281391120927,42.28581818181818,14.152904698096785,0.11934225890365179,0.008,0.08581818181818182,0.009741973184870361,0.0,0.3396363636363636,0.04363636363636364,7.848,-0.01804737770887891,0.07381991271473766,0.2928803,0.04872727272727273,1375,3683,adult
andymation,0.17778079587124812,0.7619176965910635,950.0887858422939,339.06388888888887,2732.670366423133,2.876226313944444,0.0008333333333333334,30221.735277777778,0.0913978494623656,0.42780748663101603,1.707312317205591,13.914438502673796,5.803517202025725,0.42780748663101603,2.765610288465323,0.008027785722768337,0.238501984182588,0.016042780748663103,5514051.368983957,492465.0,15986237.789787725,2.8991818755459686,5.8634646329443925,26.55196355687523,0.020245148852677693,0.0014287000258400035,0.20940961919542442,37.13368983957219,11.882411723000352,0.19142629166056316,0.03208556149732621,0.0481283422459893,0.00273288766761557,0.0,0.24598930481283424,0.09090909090909091,6.647058823529412,0.006471789682192513,0.06997227356058541,0.17521426,0.09090909090909091,187,7363,adult
besteverfoods,1.6603275224511356,7.115689381933439,101.31519013997274,95.74472222222222,68.01268402681197,0.6712979952250847,2.3761111111111113,795.5086111111111,0.11148272017837235,0.3897550111358575,1.739513663808722,11.367483296213809,4.168781694492002,0.15924276169265034,1.5448835817640847,0.03235023041474654,0.08076941756212183,0.030066815144766147,3516988.665924276,2323765.5,4074609.4232135275,1.1585506267597558,2.7194726245766256,10.524410089411687,0.01841861879348562,0.001084666039586853,0.6843742613926481,56.65590200445434,17.747286875391172,0.2162940950441194,0.9042316258351893,0.05902004454342984,0.007633079370027473,0.0033407572383073497,0.21046770601336304,0.17483296213808464,9.062360801781738,-0.030510236714494432,0.07432162535985838,0.24048752,0.051224944320712694,898,3786,adult
bonniehoellein,4.471264367816092,19.16256157635468,37.58888623561107,24.001666666666665,25.50047560662765,0.6784046605368406,0.0002777777777777778,528.0052777777778,0.3295371050698016,0.05875872199779655,1.7701464498865744,12.362835108336395,2.571784883025175,0.06536907822254866,1.764039232239109,0.0047476347446380384,0.0011312466817385773,0.027175908923980904,331138.5086301873,97267.0,1866250.4954186266,5.635860664888237,31.683953871543604,244.48984908129623,0.030724142037926238,0.0014890572479121058,0.1079613129220449,31.37385236871098,14.063143766486203,0.22925924914500798,0.24605214836577305,0.04737421961072347,0.0015297638861043927,0.022034520749173704,0.21006243114212267,0.04333455747337495,5.705104663973558,0.027402465356077852,0.09417515312465831,0.34930882,0.20308483290488433,2723,4263,family
bratayley,5.621505376344086,24.092165898617512,29.896838776204447,24.0,26.766003655916148,0.8952787234889797,0.09,416.56694444444446,0.39035591274397247,0.26702371843917366,1.940996931474579,12.547054322876818,10.748734336056886,0.9613618974751339,1.6397555839598699,0.07230843979536425,0.040636800230534016,0.02486610558530987,1570124.1985462892,700736.5,3281191.389667077,2.08976550562369,8.659132795710756,46.46238244563256,0.0304653149752459,0.0008667458280155523,1.0007436076454386,43.86151491966335,11.790359570372207,0.1504137636463117,0.2700841622035195,0.04399387911247131,0.004664694904762259,0.00038255547054322876,0.9785768936495792,0.05967865340474369,7.908186687069625,-0.011111078150550114,0.04661769936242857,0.19506203,0.016449885233358837,2614,3255,family
brentrivera,1.212144955925563,5.1949069539667,138.76239461431987,148.1988888888889,182.31945262692557,1.3138967018670253,0.5408333333333334,3721.481388888889,0.2015855039637599,0.5599547511312217,1.7693073639860897,14.531674208144796,7.637906385580712,0.8280542986425339,2.767209760256743,0.05018196911333717,0.18645414090950194,0.020361990950226245,14576332.345022624,7696084.5,23140710.67987072,1.5875537228521392,5.348075619765327,22.45548209606852,0.03505214958869454,0.0015835565876044777,1.8597676010020723,38.4920814479638,17.320865877797957,0.31836385316270943,0.4411764705882353,0.08144796380090498,0.05438229634953723,0.20475113122171945,0.17986425339366516,0.166289592760181,7.095022624434389,0.08871548738367081,0.08785131540442073,0.42887414,0.3993212669683258,884,5105,family
caseyneistat,1.335986452159187,5.7256562235393735,125.88024052693903,25.18125,475.71325403066174,3.7790939391226903,0.004722222222222222,11238.014722222222,0.34991119005328597,0.20141969831410825,1.923790066686682,14.798580301685892,3.9642359568478582,0.2963620230700976,2.5068188356606886,-0.027938629853210117,0.02790223403121908,0.012422360248447204,2881541.3114463175,2051646.0,4098062.0136235612,1.4221770818779764,10.274605354634467,27.962428537787456,0.029567076164911287,0.0024140306380632803,1.3477889451526137,26.75421472937001,11.557521501958696,0.389109019814105,0.12866015971606035,0.050576752440106475,0.0004099438042041569,0.290150842945874,0.14551907719609583,0.064773735581189,4.919254658385094,0.06677230945401066,0.07778163931639837,0.34739226,0.318544809228039,1127,5905,adult
cocomelon,1.9338255781554752,8.287823906380607,86.9219787812535,47.02569444444444,677.3887155822831,7.793065978019081,0.0,28105.358888888888,0.33148335015136227,0.21230458900655572,1.8044137189198135,8.21886031265759,2.6149664930918797,0.03832576903681291,1.4712294906855952,0.1276938105693692,0.6492555476946648,0.026727181038830056,111086290.98587997,17901536.0,396738912.65196484,3.571448007949008,11.78074302141188,79.34668866674447,0.00519233428178749,0.0,0.06361123935179037,65.0887544125063,15.337514260956526,0.15395160452622164,0.43519919314170447,0.05446293494704992,0.012321324998470587,0.0005042864346949068,0.07060010085728693,0.028240040342914774,11.419062027231467,0.036362482705318715,0.06816832053637606,0.296674,0.16994452849218356,1983,7178,family
colinfurze,0.41106043329532493,1.7616875712656783,409.74171600432544,168.0011111111111,664.3070173661788,1.6212823625680477,0.0,5092.815833333333,0.058394160583941604,0.1407766990291262,1.250859068863757,15.837378640776699,2.137661573940277,0.19902912621359223,1.7222404472257125,0.008153390837049006,0.09908136776461009,0.01699029126213592,4483359.662621359,2356058.5,7695620.460940756,1.716485189689473,8.148950994600966,25.095344220993432,0.02496782623643624,0.0011123594672889459,1.185093690450198,36.24271844660194,14.307683280831098,0.2787310055887093,0.06067961165048544,0.043689320388349516,0.0005887211313667132,0.08980582524271845,0.30339805825242716,0.03155339805825243,6.084951456310679,0.021817550962864085,0.07963970640367676,0.3011354,0.16262135922330098,412,7016,adult
dailybumps,4.476338729763387,19.184308841843087,37.54493786075036,24.00111111111111,41.4831888590952,1.1048943272446299,0.0025,935.5047222222222,0.3561688311688312,0.314508276533593,1.9402693209126578,16.319701395650764,2.4036021483244414,0.22654982148653036,2.0128552729846767,-0.18115111918434312,0.662271598753882,0.02531645569620253,1357058.524180461,401397.0,3841910.311763983,2.8310572044666573,17.64244036832049,101.55953081185795,0.02354830326686481,0.002159876578952369,0.6126102679992038,35.857513794222655,14.401033158234382,0.5336726469803084,0.8743914313534566,0.05842259006815969,0.0069024663975681055,0.4294060370009737,0.28302499188575136,0.15384615384615385,6.166828951639078,0.07888916733076469,0.08862438357781768,0.4124939,0.39305420318078543,3081,4818,family
daviddobrik,0.9655172413793104,4.137931034482758,174.33979327017963,69.69416666666666,1118.5835670057754,6.416111583155733,0.23055555555555557,24362.532222222224,0.0017761989342806395,0.17553191489361702,1.8405186846262012,14.546099290780141,8.67140432476083,0.8457446808510638,2.6325121358308583,-0.08971319871232078,0.4583936395054401,0.028368794326241134,13358682.40070922,12334472.0,7105555.593414983,0.5319054215285293,0.8376970941926076,3.0685047948908313,0.029425489133374103,0.0006234072408794767,1.6726189343703242,37.008865248226954,7.730927448074194,0.6990766431150447,0.9698581560283688,0.06028368794326241,0.00016885102983191697,0.7287234042553191,0.05851063829787234,0.2074468085106383,6.381205673758865,0.14413612407003545,0.08701484696064031,0.36596632,0.6914893617021277,564,4089,adult
drewbinsky,1.748954807883735,7.495520605216006,96.14236421229842,28.954027777777778,302.3792384232266,3.1451196452327994,0.0005555555555555556,5758.251944444444,0.2878787878787879,0.3545816733067729,1.9311961412040193,13.523505976095617,5.689539393635184,0.35219123505976097,2.7038610551258095,0.050342688117740425,0.07679933847109253,0.02151394422310757,1170763.498007968,319551.0,2472056.589961659,2.1114910006741896,4.968592250024353,23.75532380990812,0.030922060567352413,0.00294822117404222,2.0990686513158563,39.897211155378486,9.88271493149025,0.25218158050303713,0.11155378486055777,0.1800796812749004,0.004645204995386554,0.08525896414342629,0.35776892430278884,0.09243027888446215,7.047808764940239,0.0018546676728446215,0.07495199111077526,0.35365197,0.09800796812749003,1255,5023,adult
dude_perfect,0.5734939759036144,2.4578313253012047,293.5371752892381,333.25111111111113,330.1757541357719,1.1248175084141618,0.3536111111111111,4180.781666666667,0.05697445972495088,0.28431372549019607,1.470381610024541,17.4,6.080404288078491,0.7235294117647059,2.338510047658683,0.021484587204524244,0.5548684633972826,0.025490196078431372,40143936.83921569,23466164.0,52779393.95677222,1.3147538112209574,4.2272571682389986,15.09388412568652,0.01764730540144051,0.0004895271335890976,0.3575399800858998,32.91960784313726,10.98004118228046,0.19362250279677068,0.07254901960784314,0.06470588235294118,0.01151397146198848,0.049019607843137254,0.24705882352941178,0.056862745098039215,5.952941176470588,0.051226125772745094,0.07374673856991631,0.26155728,0.2529411764705882,510,6225,adult
ehbee,1.8081761006289307,7.74932614555256,93.0107987622087,52.98888888888889,146.62682159088942,1.5764494396586723,0.0016666666666666668,1836.9666666666667,0.12619669277632725,0.4330434782608696,1.7906241301310604,15.669565217391304,2.624851901431052,0.22434782608695653,2.2067007666927667,-0.04423909511972134,0.11190211509140735,0.028695652173913042,2906296.979130435,850252.0,7216746.560942633,2.483141472727913,7.830612253004819,36.74496060342469,0.023928206419325884,0.0016522281698021534,0.6670737514220154,32.229565217391304,12.181446420130802,0.5759847172568927,0.6330434782608696,0.05652173913043478,0.003373136432495937,0.5130434782608696,0.10956521739130434,0.24695652173913044,5.609565217391304,0.03986479862054783,0.09215324135484718,0.36237556,0.24695652173913044,1150,4452,family
emmachamberlain,0.6961575718437197,2.983532450758799,242.1771887441187,144.3461111111111,503.5651820462993,2.0793254090432103,14.211666666666666,4752.559722222222,0.03908794788273615,0.4772727272727273,1.7173255681514523,15.993506493506494,6.588408291902118,0.6915584415584416,2.634084933785192,-0.08436937134824056,0.49437857398105556,0.01948051948051948,5561047.188311689,4894804.0,4396397.066540014,0.7905699983593814,3.3011567619177433,7.423621235721502,0.04094892002146419,0.001653890379170854,1.259505155093356,27.756493506493506,12.078831324514864,0.5117163737585326,0.022727272727272728,0.06168831168831169,0.0013644561034890886,0.564935064935065,0.07792207792207792,0.05844155844155844,5.14935064935065,0.05483901695720779,0.08860855049687191,0.3482868,0.30844155844155846,308,3097,adult
everleighrose,0.418106686701728,1.7918858001502629,404.4697081575246,169.23458333333332,1335.9417966778576,3.3029464746901693,10.216944444444444,13429.994166666667,0.006329113924050633,0.34591194968553457,1.782405147883499,16.88050314465409,5.780110791144184,0.7232704402515723,2.510358544504239,-0.008733401430030643,0.013296682309287369,0.025157232704402517,2933258.679245283,777836.0,8286021.779921128,2.824852045457202,7.179095529967341,28.65496132159281,0.01071900062651137,0.0,0.4672003014799944,61.57861635220126,17.273446237182807,0.5212751764028561,0.7924528301886793,0.09433962264150944,0.0017183138636954164,0.4088050314465409,0.1761006289308176,0.48427672955974843,9.962264150943396,0.04913379840515723,0.06997644388569096,0.2760141,0.20754716981132076,159,2662,family
familyfizz,2.9700058241118232,12.72859638905067,56.620191735347994,24.001666666666665,259.20534448924417,4.5779665618373775,0.0,9576.998055555556,0.3695054945054945,0.27110501029512696,1.92984190995582,16.521619766643788,1.773501723586717,0.3143445435827042,1.8378048606500943,-0.1857658526848094,0.27516120474947964,0.024708304735758406,803473.6561427591,336055.0,3676897.241321317,4.5762511480127674,31.604082621786716,164.39816537871735,0.020575759928554125,0.00037426379975265256,1.5444769345916232,48.245710363761155,12.152816898898013,0.34073384888746067,0.574468085106383,0.07137954701441318,0.011926023513237677,0.011667810569663692,0.1935483870967742,0.1818805765271105,8.794097460535347,0.046805119192439945,0.08327328337468043,0.35161635,0.25669183253260125,1457,3434,family
familyfunpack,4.538939051918736,19.452595936794584,37.0299850873799,24.00111111111111,79.48085245056708,2.146391694812072,0.0016666666666666668,2851.5680555555555,0.4068485200232153,0.3063533507397737,1.9410321800289623,13.554685233536409,5.467400402388173,0.3121554975340876,2.6695040645072616,0.09865875503806534,0.2507942251036125,0.02349869451697128,4625428.119524224,652411.0,20055060.046228204,4.335827847280672,15.377149323373072,136.2184716135659,0.006479000316286627,0.0003800594849040766,0.08098539528931958,40.05047867711053,16.369759081737676,0.20113761723911946,0.4197853205686104,0.05889178996228604,0.00373676994366174,0.04931824775166812,0.17174354511169132,0.10530896431679722,6.991006672468814,0.022700173178300694,0.1031378096168406,0.35423923,0.2286045836959675,3447,5316,family
grahamstephan,3.12907045589106,13.410301953818829,53.74125395773507,47.999722222222225,41.18121429595041,0.7662868143779725,0.005833333333333334,408.00083333333333,0.21736249171636846,0.10132450331125828,1.740207340098336,20.174834437086094,4.215833994375339,0.9331125827814569,1.9656896416207397,0.09860935524652337,0.16096608395850945,0.018543046357615896,917993.7178807947,352993.5,3053410.933421141,3.32617846282216,10.464323082888761,52.37580177672139,0.04249875980438153,0.003966944492430134,2.4246727477946983,43.213245033112585,13.867051573789016,0.24185570225665023,0.1562913907284768,0.04370860927152318,0.0033856935407715503,0.05033112582781457,0.4013245033112583,0.07417218543046358,7.868211920529801,0.028773553989043046,0.06969302270950381,0.4594948,0.1403973509933775,1510,3378,adult
gregdoucette,4.533889468196038,19.430954863697302,37.06548475321422,16.023888888888887,238.67442043133147,6.439263428509032,0.0,10807.236388888889,0.8417299286864505,0.2858785648574057,1.9458366703514518,15.706071757129715,4.890669409730432,0.47079116835326584,2.557974654140256,0.30558662323368213,0.6611906370179229,0.02207911683532659,282992.2596596136,175478.0,564994.904339186,1.9965030316333334,14.517057445805188,63.90088909764173,0.042358303421556553,0.004981123746723892,1.1747066849605792,44.68353265869365,19.267650621295573,0.1972879023361631,0.13523459061637536,0.19457221711131556,0.0007207351310841875,0.004599816007359705,0.18859245630174792,0.04622815087396504,7.977000919963201,-0.02631567031277659,0.07193924010727673,0.32045543,0.0531278748850046,4348,6713,adult
halfasinteresting,1.2446909667194928,5.3343898573692545,135.25537996031747,143.40041666666667,73.6191777073031,0.5442975926643524,8.0375,504.61833333333334,0.02142857142857143,0.044563279857397504,1.5739314756589415,15.7825311942959,1.9943978708694887,0.1497326203208556,1.8668340095343334,0.0004561476259589483,9.9527818642219e-05,0.024955436720142603,1407782.6381461676,1056938.0,1242428.8849455167,0.8825431222689347,3.2397107366749345,8.604136513539212,0.03186639452051306,0.0015119202026605831,0.6134430573030514,47.69340463458111,9.436750499769879,0.15347404665227712,0.0,0.049910873440285206,0.003583274068407577,0.0,0.27450980392156865,0.04634581105169341,8.376114081996436,0.026669473417094476,0.08586769728259326,0.30865455,0.18181818181818182,561,3155,adult
itsyeboi,1.109640831758034,4.755603564677289,151.68610447478196,73.99791666666667,1012.8809947892393,6.677480434324373,1.8666666666666667,23540.001111111113,0.013651877133105802,0.13969335604770017,1.591977646067533,3.1618398637137988,6.833668058570169,0.9846678023850085,1.4653226936232866,-0.0994634404302795,0.6664960471070747,0.027257240204429302,675354.3833049404,367003.0,1081252.9439533704,1.6010156603442907,6.395673004085042,22.65069625392938,0.049680345563463194,0.003848934013799058,0.6367323005906207,56.88756388415673,19.207443950187145,0.48243043895157794,0.8432708688245315,0.04088586030664395,0.00023336343460778687,0.3798977853492334,0.5400340715502555,0.3475298126064736,9.463373083475298,0.07997827060274275,0.08299763429923798,0.37828475,0.3696763202725724,587,3703,family
jacksepticeye,7.5842857142857145,32.50408163265306,22.158324646236288,20.999444444444446,50.15364247360023,2.263422134765008,0.0002777777777777778,1151.9944444444445,0.8174453654860587,0.27801845922019214,1.9457358467337893,17.136937276323224,3.5175158274132445,0.4710868336786589,2.0927785143765583,-0.4154716389979126,0.6668959467146425,0.021284611037860238,3312177.997551328,2461271.0,3600502.607526449,1.0870498536577073,9.28332269232455,34.44154030500053,0.029391763402229272,0.0034718245486412445,0.9867077210297064,45.759088340553774,16.97649464353532,0.3792162911003359,0.22452439254096818,0.07835750612168016,0.0005443656129586946,0.03428140892823507,0.6468261442832925,0.05970992653983801,8.784328498775665,0.08392441250088266,0.08267650801828597,0.39441037,0.41909964211715955,5309,4900,adult
jakepaul,2.5568957669549386,10.958124715521166,65.74691535051261,23.997500000000002,209.13352850648354,3.180887306903182,0.0019444444444444444,3989.1425,0.5074812967581047,0.2672897196261682,1.9379803641372257,16.301557632398755,6.491988449706421,0.712772585669782,2.687480219902371,0.03790307809472395,0.016471480567242094,0.01557632398753894,4980258.093457944,2224799.0,11073559.43513086,2.2234910776365315,15.827508888982143,61.42222376021589,0.029239582680826257,0.002462594462697183,0.16771325103656992,38.6417445482866,15.529133651531327,0.38793712389224494,0.14890965732087227,0.07975077881619938,0.01206977571213129,0.3364485981308411,0.22554517133956387,0.15700934579439252,7.093457943925234,0.089301939779963,0.08739088184835705,0.38418058,0.3956386292834891,1605,4394,adult
jamescharles,1.3194706994328922,5.6548744261409665,127.53731587757052,96.0813888888889,145.76862960062005,1.1429488585172254,3.3536111111111113,2473.0169444444446,0.01721664275466284,0.10601719197707736,1.3175997244414377,19.2621776504298,2.9032761116941046,0.9785100286532952,1.4928892195042285,0.010475148783461818,0.019613264652562135,0.02148997134670487,6804322.836676218,3506858.0,8263353.945388543,1.2144270846244907,2.6640727846004317,8.60271424578578,0.0383087914204075,0.0021390666316494977,0.2966602248956206,39.39828080229226,11.882572142133306,0.5375001224021226,0.4355300859598854,0.0673352435530086,0.011649585462917778,0.5114613180515759,0.13753581661891118,0.10458452722063037,6.789398280802292,0.08713206556108882,0.08301741296765658,0.3355795,0.4269340974212034,698,3703,adult
jeffnippard,1.021523178807947,4.377956480605487,164.73463834776334,120.03736111111111,179.15154339781157,1.087515929828998,0.0005555555555555556,1512.0019444444445,0.027597402597402596,0.31442463533225284,1.9072450174017748,15.502431118314425,4.536333541765526,0.353322528363047,2.511869960063892,-0.012278323238066068,0.034137092817634884,0.01620745542949757,3217825.7050243113,1120119.0,5553978.7270683395,1.7260035925489563,4.75637008866457,21.676775373846112,0.030294058005960408,0.0014797207562477525,8.973273145391127,56.20097244732577,17.906370819792823,0.19327809027888673,0.08265802269043761,0.22204213938411668,0.0013600836315246704,0.009724473257698542,0.30307941653160453,0.11507293354943274,9.651539708265803,-0.023513315053063207,0.07570422852540248,0.25936642,0.05834683954619125,617,4228,adult
jeffreestar,0.5157147685028726,2.210206150726597,326.56473627075354,95.22583333333333,1118.2999446088797,3.4244357102957426,20.84777777777778,13911.628888888888,0.03218390804597701,0.3967889908256881,1.8010167078811394,17.525229357798164,3.2556661401684885,0.6697247706422018,1.8922352977560433,0.00587645050089822,0.00980061288089923,0.009174311926605505,6000591.298165138,4166115.0,5983172.657214995,0.9970971792470736,2.6569658594935945,7.823303015880232,0.03286721923023548,0.004535531092102995,1.9669747936825468,51.46330275229358,12.580263035098602,0.46739675986778534,0.30045871559633025,0.1536697247706422,0.004397808621192748,0.20642201834862386,0.21100917431192662,0.03211009174311927,8.486238532110091,0.07938191336935206,0.0742248095465891,0.364862,0.3623853211009174,436,5918,adult
jordanmatter,0.6755112388034477,2.8950481663004903,249.15376169590644,167.9947222222222,1936.123403786704,7.770797400802455,0.0038888888888888888,41525.03555555556,0.04035087719298246,0.46409807355516636,1.3525190903600506,15.285464098073556,3.255890573189766,0.15411558669001751,1.9813083121878612,0.036184434122578456,0.48647869685818296,0.01926444833625219,24611674.008756567,16491036.0,33734569.85412678,1.3706735203027793,7.312059583782088,22.240756959695116,0.016017289832360036,0.00039858987316596935,4.877511062568785,51.74430823117338,16.491926201254778,0.33779134735019684,0.14185639229422067,0.05604203152364273,0.00195611953108451,0.07355516637478109,0.3467600700525394,0.46234676007005254,8.681260945709282,0.11646176553197898,0.09714600086976563,0.4348801,0.5551663747810858,571,5917,family
kara_and_nate,1.9488953952621775,8.352408836837903,86.29730037214247,48.54472222222222,89.19842878989229,1.03361783514941,0.050555555555555555,1032.1347222222223,0.16267942583732056,0.3967495219885277,1.9100766210768352,13.531548757170173,5.434469015849049,0.2982791586998088,2.674072955013001,-0.14251455546813532,0.5892128308851058,0.004780114722753346,966512.4837476099,382637.5,1402728.98153001,1.4513304329924324,3.876830197971179,15.77291784260174,0.022739996704262917,0.0012476190909933293,4.7398414290631194,47.28776290630975,16.220442632713482,0.36685845967968755,0.27533460803059273,0.05353728489483748,0.0032765192330012492,0.12715105162523901,0.3173996175908222,0.09464627151051626,8.183556405353729,-0.07862289947204588,0.07254477404231158,0.24873516,0.019120458891013385,1046,3757,adult
kkandbabyj,4.095558882235529,17.55239520958084,41.043457290481605,24.80263888888889,47.25051085383341,1.1512312551893937,0.003611111111111111,794.3291666666667,0.3724402730375427,0.2635394456289979,1.9441134905292907,17.00767590618337,5.383812397908569,0.684861407249467,2.587276682859242,-0.166102161781659,0.3845577628139649,0.020895522388059702,263846.7368869936,204078.0,750829.4171308359,2.845702872772001,26.21324944293616,97.69247595826769,0.04267325417421734,0.002311260683764772,0.7313443684373151,36.19616204690831,16.747851034508006,0.31155647667151415,0.64136460554371,0.04051172707889126,0.003197868102198464,0.27292110874200426,0.09808102345415778,0.08187633262260129,6.386780383795309,0.08174844611429,0.09356071236509526,0.3714378,0.423454157782516,2345,4008,family
kurzgesagt,0.534888698630137,2.2923801369863015,315.03332240948816,169.44,277.37264612717223,0.8804549436412836,0.001388888888888889,1680.4380555555556,0.02247191011235955,0.1568627450980392,1.4712126946471753,13.949579831932773,1.3080266861677319,0.008403361344537815,1.5847874027815025,0.029120152459810894,0.4663410041767249,0.011204481792717087,10296333.764705881,8799092.0,8995557.500208579,0.8736660743306373,2.8786044520129774,8.68918695183301,0.039143514344023723,0.001549846380530306,0.3433720922089419,39.38095238095238,13.062532240290356,0.1665516663225802,0.0392156862745098,0.3389355742296919,0.005755191362281658,0.0028011204481792717,0.06442577030812324,0.03081232492997199,7.238095238095238,0.027623049712109243,0.0840007272762461,0.3694203,0.20168067226890757,357,4672,adult
linustechtips,7.8868280414963845,33.800691606413075,21.307585461141343,23.1175,40.092683934879695,1.8816155405311759,0.0,2207.2183333333332,0.6377842891028325,0.33175223214285715,1.924832785237314,12.498325892857142,6.7863607572419316,0.5936104910714286,2.951505493731304,-0.018043816996174192,0.007261798126942907,0.024553571428571428,1321798.1407645089,676403.0,1812245.9649006743,1.3710459328173192,4.260593375936069,31.372675389008574,0.0270630539943567,0.0034564053622050295,5.911512141357069,56.116768973214285,19.664505978116775,0.20767802254281534,0.16294642857142858,0.12848772321428573,0.0018466352576169617,0.005161830357142857,0.6229073660714286,0.05803571428571429,10.123744419642858,0.021618627652526923,0.06749935909800754,0.3837083,0.11607142857142858,7168,6362,adult
markiplier,7.874311565696302,33.74704956726987,21.342153093544752,19.750138888888888,34.25855618586229,1.6052061868220922,0.0,861.3930555555555,0.7532353969919552,0.28116803636999477,1.9449679866394805,16.48330127644693,5.394187978835597,0.6156670746634026,2.506182576407854,-0.42829176811212744,0.6810842613282787,0.021682112257387656,4102455.086728449,2555371.0,7835160.089417984,1.9098710220533393,22.954455263654623,92.18819463093705,0.03028818627097674,0.0028927336632329505,1.788143565727284,37.071341143556566,15.1365990378476,0.3780431658827949,0.19251617415632102,0.05560412659555866,0.000854267711530987,0.07798566182899108,0.5688057352684036,0.055429270851547474,7.070816576324532,0.1032939464850738,0.07933686199429671,0.41379243,0.5144255988809232,5719,5084,adult
markwiens,1.7769829915752664,7.615641392465427,94.60947838345865,72.00430555555556,126.51179146028144,1.3371999679304916,0.0,2713.8975,0.03446115288220551,0.4376956793988729,1.6560385157248416,12.15466499686913,2.9505954695910543,0.07952410770194114,1.1651045894210104,0.018236354190343213,0.09103374319378653,0.023168440826549782,2002342.5873512838,1247286.0,3407844.1709641325,1.7019286272445808,12.733421247864365,43.38296131178489,0.01613312537535887,0.0011503162930773347,2.959917160060855,67.70256731371322,17.50080054513393,0.2117311736098632,0.6731371321227301,0.016906700062617408,0.03496912148020871,0.0006261740763932373,0.26424546023794615,0.2648716343143394,11.426424546023794,-0.09400187063975142,0.055470168000999166,0.1440384,0.0012523481527864746,1597,6291,adult
mattdavella,0.6096605744125326,2.6128310331965685,276.17238435860753,119.84819444444445,2241.8735520074465,8.117660124541606,0.0005555555555555556,48001.30111111111,0.16738197424892703,0.05353319057815846,1.6772559722391196,13.974304068522484,4.626776807247365,0.2890792291220557,2.7669964593667986,0.0113052059348003,0.018485448119686,0.027837259100642397,706539.9186295504,293446.0,1440064.890333884,2.0381932462176025,6.275443171703996,25.521054825855163,0.03693724254693376,0.001681695381214902,4.419762863565852,33.87366167023555,12.025861442339659,0.10981393741592342,0.006423982869379015,0.021413276231263382,0.0007298754755557007,0.0021413276231263384,0.3854389721627409,0.023554603854389723,6.430406852248394,0.04408848109141328,0.0877047206010773,0.3669622,0.25481798715203424,467,5362,adult
mkbhd,1.9228787878787879,8.24090909090909,87.42805586215354,71.55569444444444,153.36287109508595,1.7541608306707723,0.0002777777777777778,4683.545277777778,0.16501103752759383,0.17981246552675123,1.9109365775717306,14.19084390512962,8.110779898181603,0.7473800330943188,2.8710778616066177,-0.004813313958842139,0.001699214454702935,0.019305019305019305,2936283.8538334253,2064313.0,3699837.9722443023,1.2600409757435507,3.4639172993107255,14.724080556297832,0.027559818714397652,0.003092805918650863,5.676317827652048,33.53281853281853,10.05084472791443,0.17424611519080774,0.6519580805295091,0.09873138444567016,0.0005459984874466572,0.005515719801434087,0.5460562603419746,0.02923331494760066,5.6061776061776065,0.057590214703491446,0.06532106398447997,0.35656744,0.2548262548262548,1813,6600,adult
mrbeast,1.3108108108108107,5.617760617760618,128.31506478614838,72.0,282.59172267115736,2.202326929750053,0.3138888888888889,7415.085555555555,0.18575851393188855,0.40309278350515465,1.8664150503076025,16.978350515463916,6.35016599905116,0.7030927835051546,2.4218147223262676,-0.00942232462140303,0.007343099862184738,0.023711340206185566,123102926.7041237,17387505.0,207375500.38191968,1.6845700255392304,2.8520272485301583,14.21269576478226,0.027664398712006485,0.0022944072023928135,120.8986744928913,36.36185567010309,12.66460205295634,0.19408498326901763,0.16907216494845362,0.18865979381443299,0.0014260307254664,0.049484536082474224,0.45670103092783504,0.08969072164948454,6.35360824742268,0.0872428076308866,0.09143214737694509,0.37363252,0.45463917525773195,970,5180,adult
mrwhosetheboss,2.425679372606237,10.395768739741017,69.30762755251301,47.781666666666666,108.04561862404753,1.5589282513267897,0.0002777777777777778,2625.695,0.21748288572933122,0.2810526315789474,1.937414513190273,12.816315789473684,3.328977739670206,0.10105263157894737,2.436324190544082,0.0041628721186732194,0.0009667819338332974,0.022105263157894735,4490135.0394736845,624997.0,11460447.935498726,2.552361529162845,8.39044213765476,54.41717651071817,0.027761152046029015,0.0032421852263754456,32.26169453766766,42.1321052631579,14.158618503394655,0.19076161551841353,0.4226315789473684,0.13789473684210526,0.0015290938357383275,0.02736842105263158,0.6205263157894737,0.1863157894736842,7.4447368421052635,0.053891352223094734,0.07513424863702334,0.3548466,0.25105263157894736,1900,5483,adult
natacha_oceane,0.5623471882640587,2.410059378274537,300.15689956331875,190.28333333333333,408.9271110602615,1.362377848569153,23.280555555555555,3862.371111111111,0.008733624454148471,0.26521739130434785,1.6852212067844092,16.856521739130436,1.9937294904737544,0.391304347826087,1.856258927198778,-0.04175531914893616,0.400298752267296,0.004347826086956522,707842.5304347826,465320.0,866667.8255138248,1.224379418091035,4.783705951119657,12.487191175939635,0.0337628316161653,0.0019380430119083718,2.4595672470912153,52.10434782608696,13.09613357591904,0.4556313778671554,0.21739130434782608,0.06956521739130435,0.003048781508105183,0.4,0.29130434782608694,0.06086956521739131,9.869565217391305,-0.06357872060434783,0.08654174436746687,0.32553047,0.04782608695652174,230,2863,adult
nikkietutorials,1.0170848083730952,4.358934893027551,165.3781931188877,115.24861111111112,186.4703430088984,1.1275388821962027,0.006944444444444444,2856.130277777778,0.03499469777306469,0.2913135593220339,1.9177925581515323,17.8760593220339,4.712126336767339,0.7648305084745762,2.43039509514636,-0.013890700089352557,0.10093512613107836,0.04025423728813559,2576291.623940678,942779.5,5281325.261416108,2.0499718325124348,5.617644758155778,24.381803836290537,0.03546557468108361,0.0026249764526428865,8.556492903065557,46.039194915254235,13.930426649094658,0.2934908798867467,0.4353813559322034,0.1016949152542373,0.00716726560182124,0.08050847457627118,0.15572033898305085,0.0858050847457627,7.4025423728813555,0.06972487354496822,0.07017945932262902,0.31440315,0.3241525423728814,944,6497,adult
peterMcKinnon,1.6679289251383629,7.148266822021555,100.85097273221812,72.99027777777778,98.35225563655627,0.975223668865381,0.0025,1125.9080555555556,0.10526315789473684,0.039119804400977995,1.6939922722796776,16.750611246943766,3.864777501212172,0.4290953545232274,2.4938913406452397,-0.06837447601304146,0.4150683876137009,0.009779951100244499,792810.1075794621,436630.5,1178053.316682839,1.4859211624831166,5.628597775404643,17.12629779841588,0.04533669254916112,0.0038651545100350853,0.5324318185002288,37.627139364303176,15.501146066767019,0.30836705145178767,0.39364303178484106,0.09290953545232274,0.002785222789536576,0.10880195599022005,0.2860635696821516,0.09046454767726161,6.7200488997555015,0.03531263936871638,0.07265638659300752,0.2602962,0.17603911980440098,818,3433,adult
pewdiepie,5.688963210702341,24.381270903010034,29.539834572982862,22.30611111111111,62.13028343282476,2.103271204153903,0.0,1651.2977777777778,0.6743934142114385,0.27680311890838205,1.943838784372803,16.577864414121724,3.879864524848672,0.4377301277886073,2.3781411224811793,-0.2454754660334215,0.4953053811975568,0.021009313406974227,6373525.080138618,5048726.0,8516611.283600278,1.3362481792281657,18.482162384648955,51.39918897014447,0.04083749506497216,0.0031112458339463403,1.4960234829316617,44.12259042668399,18.84228654097998,0.39953741491076045,0.3931124106562703,0.10418020359540828,0.0030200578208980145,0.1821529131470652,0.6250812215724496,0.07623998267273122,8.272038119991336,0.10138448932480464,0.07674300460653742,0.36113906,0.50682261208577,4617,5681,adult
piersonwodzynski,1.7675134719014625,7.575057736720555,95.21757294317219,48.41583333333333,110.291805977126,1.158313560911182,0.065,1008.7147222222222,0.24580152671755726,0.2972560975609756,1.930429258618612,17.027439024390244,5.346826996226267,0.7210365853658537,2.442098789492681,0.18674465776687585,0.5620923328041076,0.025914634146341462,3999779.75152439,1619300.0,9041719.919013476,2.2605544506713176,7.197320397700814,30.68633215446977,0.035692100353234085,0.0008329417458343429,0.35752815132159016,29.01219512195122,10.177351178285246,0.5887601321824226,0.21646341463414634,0.0350609756097561,0.026895163045484793,0.6814024390243902,0.12652439024390244,0.08384146341463415,5.362804878048781,0.06880883530843293,0.09155169563004499,0.3675899,0.3628048780487805,656,2598,family
piperrockelle,1.765142150803461,7.564894932014834,95.30116291751875,48.00861111111111,170.57797640017807,1.789883472332965,0.0011111111111111111,2851.0744444444445,0.1705521472392638,0.6225490196078431,1.6623612077870569,16.431372549019606,2.451031299844225,0.21200980392156862,1.772937651415373,0.00934579439252336,0.003357504015771025,0.024509803921568627,4412894.905637255,2609198.0,7425717.56094871,1.6827315673125873,7.813882242845845,27.683066470480295,0.029092847813491043,0.00016936773958076547,0.9249792204938106,55.75735294117647,24.399133945264545,0.4104562294252223,0.16053921568627452,0.041666666666666664,0.02068859096693871,0.0857843137254902,0.18504901960784315,0.3946078431372549,9.441176470588236,0.1160396480923652,0.07893938127679119,0.30054805,0.5661764705882353,816,3236,family
prestonplayz,2.911111111111111,12.476190476190476,57.76949490662139,48.234027777777776,41.30387361150929,0.7149772328505359,0.0030555555555555557,503.99916666666667,0.17062818336162988,0.3706530958439355,1.8358423234560486,16.954198473282442,4.267133318182358,0.4868532654792197,2.3229972109274355,-0.08992522486724706,0.1968289571874576,0.027989821882951654,6975227.791348601,4593963.0,7663324.551618183,1.0986486435787848,2.604791664723339,9.50598202430608,0.022096515320295065,0.0012023177197994647,0.6833903796570338,45.64546225614928,11.31715209002479,0.2623055663060235,0.5139949109414759,0.04580152671755725,0.0022429559537505157,0.04749787955894826,0.3138252756573367,0.15606446140797287,7.465648854961832,0.05408152674617854,0.08974851503461624,0.31772554,0.3011026293469042,1179,2835,adult
rebeccazamolo,1.8862275449101795,8.083832335329342,89.14812660393498,72.74777777777778,77.40624833129364,0.868287997516674,0.5258333333333334,1343.7419444444445,0.026518391787852865,0.3128205128205128,1.8563063549185155,17.683760683760685,3.4787625811200553,0.5623931623931624,2.312826701102373,0.006750878229751471,0.007993531054008166,0.022222222222222223,8746440.253846154,6790959.5,10805195.280348178,1.23538204878227,9.904943741337759,27.71321371496372,0.017662040108976502,0.0026893464308439283,2.7081745014212366,56.52564102564103,24.08801459634075,0.30223365676390024,0.5025641025641026,0.029914529914529916,0.00040233887212287334,0.10256410256410256,0.28974358974358977,0.3128205128205128,9.566666666666666,0.12400185982192306,0.08314146778579666,0.4163016,0.6051282051282051,1170,4342,family
roomieofficial,1.077972709551657,4.619883040935672,156.03374935995905,28.673194444444444,524.5472774333429,3.3617552586219577,3.0027777777777778,12626.929722222223,0.2730414746543779,0.3037974683544304,1.915987481719933,16.400460299194478,2.197778469870678,0.2945914844649022,2.005188055005171,0.04282112171005546,0.09341081871110066,0.031070195627157654,1838143.9620253164,939450.0,4426778.208091854,2.408287000118484,14.141415132136961,53.798358041032486,0.047147220342065865,0.0029629833001290863,0.4054199553910431,42.50517836593786,13.077631846800593,0.2456567507942797,0.06329113924050633,0.07825086306098965,0.0008477432730828842,0.03682393555811277,0.38434982738780205,0.11047180667433831,7.59608745684695,0.09072313423074797,0.07949171628118214,0.40001255,0.4096662830840046,869,5643,adult
ryansworld,6.35657959586003,27.242483982257266,26.438134651345155,24.0,15.292977783219829,0.5784439025255411,0.0,210.5186111111111,0.4739413680781759,0.3120759837177748,1.9416414221742972,13.007055630936227,2.7501760161612436,0.09226594301221167,1.3952107400328524,0.08388882654397187,0.09563616213483815,0.023880597014925373,17188367.046947084,4312244.0,65387579.11912144,3.8041763327793996,26.451104774456244,147.29044917909553,0.003948968891320708,0.0,0.13342290434356663,54.56472184531886,16.47914990546902,0.1845913306702508,0.701763907734057,0.03962008141112619,0.0019771328261240896,0.021438263229308006,0.110719131614654,0.26865671641791045,9.169063772048847,0.008769433663424694,0.07093088304203428,0.28398615,0.09986431478968792,3685,4058,family
simoneGiertz,0.3245800804352969,1.3910574875798438,520.2995598290597,289.0025,758.5983053538511,1.4580029735237188,0.0025,7813.975555555556,0.1282051282051282,0.12755102040816327,1.8079997091621929,16.51530612244898,3.4722002790166564,0.37244897959183676,2.267612442344198,0.008195753427653014,0.041555308234366164,0.025510204081632654,1159049.9897959183,658454.0,1829789.8747249276,1.5786979775109709,4.985573318653771,12.949225772947635,0.046816508749340395,0.002131849276857652,0.4471713321942085,41.60204081632653,16.249806181672298,0.08884713490311147,0.07653061224489796,0.08673469387755102,0.007051921686428838,0.025510204081632654,0.09693877551020408,0.03571428571428571,7.846938775510204,0.026304668355867346,0.09393548111836493,0.33295244,0.18877551020408162,196,4227,adult
smartereveryday,0.3930907023030992,1.684674438441854,428.51520868584316,330.33624999999995,398.1112646701191,0.9290481565194246,0.008055555555555555,3412.4216666666666,0.04314720812182741,0.3518987341772152,1.8850466955597096,12.627848101265823,6.371393410159232,0.4607594936708861,2.9729440924936075,-0.004873733636498178,0.056114300788720144,0.043037974683544304,3217084.8658227846,1072143.0,6443088.892535221,2.002772435686856,6.883433215249889,26.982870710747914,0.02385399147592882,0.0018834411438631443,3.5165739594116,59.936708860759495,17.896588005465116,0.17545076667132903,0.08607594936708861,0.09873417721518987,0.000115022787410687,0.005063291139240506,0.8151898734177215,0.0379746835443038,10.929113924050633,0.006472549146582278,0.0904852714353828,0.2712372,0.1518987341772152,395,7034,adult
sonnysidevlog,1.6603275224511356,7.115689381933439,101.31519013997274,95.74472222222222,68.01268402681197,0.6712979952250847,2.3761111111111113,795.5086111111111,0.11148272017837235,0.3897550111358575,1.739513663808722,11.367483296213809,4.168781694492002,0.15924276169265034,1.5448835817640847,0.03235023041474654,0.08076941756212183,0.030066815144766147,3516988.6202672604,2323765.5,4074609.410367183,1.1585506381472308,2.7194726842898382,10.524410226037991,0.018418619719463132,0.0010846660083909468,0.6843742251532753,56.65590200445434,17.747286875391172,0.2162940950441194,0.9042316258351893,0.05902004454342984,0.007633079370027473,0.0033407572383073497,0.21046770601336304,0.17483296213808464,9.062360801781738,-0.030510237131420932,0.0743216254716866,0.24048752,0.051224944320712694,898,3786,adult
tannerites,2.528974358974359,10.838461538461539,66.49299262152778,50.81166666666667,57.172839860298566,0.8598325568789076,0.019444444444444445,624.5155555555556,0.234375,0.20581973030518097,1.8283790474915003,17.814762242725337,4.597789499863021,0.7054648687012065,2.420821578457619,-0.14878689624329158,0.4933165993377768,0.029098651525904896,5238161.914833215,639710.0,13344863.811614081,2.5476233893848597,9.794517026173855,56.505044481700445,0.27781669202469855,8.508142151329992e-06,22.34863111760208,40.56493967352733,20.36482435565898,0.4435325817571111,0.9268985095812633,0.08090844570617459,0.00967530223281502,0.34279630943931866,0.15117104329311568,0.085166784953868,7.177430801987225,0.025291170626685594,0.09198335011112041,0.3695895,0.2100780695528744,1409,3900,family
theleray,3.5363709032773785,15.155875299760192,47.54320756376429,40.55027777777778,61.69398041408127,1.2976402639922466,0.0,1386.0166666666667,0.30184696569920844,0.29061181434599154,1.9327070912185655,15.611286919831224,4.725304834991773,0.4208860759493671,2.59098568045747,0.0722769472856019,0.1267196051739474,0.030063291139240507,296540.46308016876,178515.0,497410.7997032128,1.6773791830517895,7.743530556500335,26.04318115572697,0.024824587430851856,0.00019572338506346128,0.5135939129739853,48.43037974683544,19.060586780173608,0.2887872005360345,0.07964135021097046,0.07964135021097046,0.007258667250293083,0.2289029535864979,0.10073839662447258,0.09599156118143459,9.300632911392405,0.013517690707109703,0.07796102058648487,0.35825244,0.12552742616033755,1896,3753,family
thesacconejolys,3.434962147281486,14.721266345492086,48.926166354885225,24.00027777777778,676.0402808832687,13.81756085239993,0.6513888888888889,30891.59361111111,0.3286566117151877,0.2668302945301543,1.9449332081678028,16.899368863955118,1.8212008850236856,0.38253856942496495,1.3800911595038519,-0.167339201909774,0.6021618320782991,0.020687237026647966,262238.9912342216,212340.0,330411.64650300273,1.259963840418727,6.173567343176076,20.77032089837145,0.039491187452886996,0.00020284735345322787,2.5615592499110496,24.148316970546986,9.82870230288678,0.7022717326613143,0.7643758765778401,0.0820476858345021,0.0002509098078300157,0.7962833099579243,0.09782608695652174,0.09747545582047686,4.354488078541374,0.0735099594776378,0.09311728130835022,0.3915183,0.3702664796633941,2852,5812,family
thesuperherobuddy,5.545367166474433,23.765859284890425,30.30465668824164,23.999444444444446,44.09074158719599,1.4549163859791694,0.0,1510.5411111111111,0.5242718446601942,0.2506673137587964,1.9326683574257988,11.32734773113322,3.513269157423085,0.12132977432661975,2.417386510714738,-0.08867797265714357,0.07631534867983601,0.022567338024751273,2068990.0361562727,526000.0,5402580.530225524,2.6112163112502595,9.310658366591182,65.75300152374663,0.0023101886661873483,1.014214201383068e-05,1.01611454291731,65.49890803203105,12.40318081938599,0.16637719692081596,0.03639893229798592,0.008250424654210144,0.0002729667131371246,0.0,0.051929143411793256,0.1645231739868964,10.76559087600097,0.04319542620147634,0.07261507969250937,0.30819857,0.2094151904877457,4121,5202,family
theweisslife,2.954724866496401,12.663106570698863,56.89911377117348,45.91833333333334,52.08754445984083,0.9154368320975447,0.011666666666666667,752.9158333333334,0.24821133736929005,0.3118811881188119,1.9427709576112275,15.973047304730473,7.188080978617545,0.8036303630363036,2.608301679601037,0.020490746891705842,0.014500914512687096,0.028602860286028604,415184.1408140814,102605.0,1530149.8747807508,3.6854728405099384,11.65983066961101,73.3400050885741,0.024261675958852334,0.00046203753812123957,0.9967990148933124,45.80638063806381,15.076065545444674,0.5265310466808544,0.7414741474147415,0.09955995599559957,0.01303072667082665,0.42244224422442245,0.28217821782178215,0.08855885588558855,7.808030803080308,0.05095567821094169,0.09016215881198683,0.3490247,0.29262926292629265,1818,4307,family
tomscott,0.710214757709251,3.0437775330396475,236.89215881642514,167.9963888888889,1013.4866519328214,4.278261707759617,0.006388888888888889,19488.011944444443,0.05434782608695652,0.050203527815468114,1.1504438804076444,15.132971506105834,1.7819173206134489,0.048846675712347354,1.587243863168327,0.011076438943778357,0.04959417966679994,0.023066485753052916,2587379.6743554953,1531840.0,4453104.226107858,1.7210864993044002,10.040018607763338,29.005477141152145,0.03403167099650205,0.0012334314790344116,2.491611183190845,45.739484396200815,13.530459850113397,0.11055750323533077,0.013568521031207599,0.09497964721845319,0.00453774379468402,0.0,0.17639077340569878,0.032564450474898234,7.73270013568521,0.015786549089986432,0.09324461517789638,0.44477493,0.1723202170963365,737,7264,adult
twosetviolin,2.6579892280071813,11.391382405745063,63.25632843813655,25.6575,163.19751012947052,2.579939654402713,0.012777777777777779,2763.38,0.34831460674157305,0.33156028368794327,1.9139831540196213,11.895390070921986,4.597101653089999,0.1950354609929078,2.669928672414988,0.08042372817323896,0.1365634965688485,0.018321513002364065,903581.4810874704,506723.5,1213480.40330644,1.3429673235954358,3.9345123863059963,15.02578824840445,0.051761922819415655,0.002583100847418921,0.6087353505919837,39.13120567375886,14.797127447117438,0.19437886425040413,0.09101654846335698,0.10460992907801418,0.003952888292434252,0.0644208037825059,0.22163120567375885,0.060874704491725766,6.557328605200945,-0.009620570492618202,0.08242641055685933,0.31928897,0.1016548463356974,1692,4456,adult
unspeakable,2.4708491761723703,10.5893536121673,68.074137715883,50.0,44.32354886056847,0.6511070187265396,0.006388888888888889,337.99333333333334,0.1320754716981132,0.5206463195691203,1.6667518972562865,16.8491921005386,1.9802856466907,0.39228007181328545,1.9363615079044945,-0.05331270671076497,0.15676829281117188,0.02154398563734291,10966780.336624775,5999071.5,14016690.276977027,1.2781044068300285,2.694559288573981,9.33353590188739,0.018981937834074786,0.0011591946004083109,0.5183686143360459,35.95691202872531,9.307945758727879,0.4616124939591524,0.718132854578097,0.06732495511669659,0.003433267456063993,0.38330341113105926,0.35368043087971274,0.2289048473967684,6.420107719928187,0.1580212769036086,0.07154112704397404,0.36244643,0.7998204667863554,1114,3156,adult
veritasium,0.6092796092796092,2.6111983254840396,276.3319823739402,196.0361111111111,282.1443910182953,1.0210341510035186,0.0275,3452.369722222222,0.03815261044176707,0.15831663326653306,1.8923948935418382,14.092184368737476,5.091878626781637,0.3306613226452906,2.760338978143943,0.0016850637231376304,0.002148441857864736,0.018036072144288578,8465846.701402806,4889104.0,11391069.369768403,1.3455322038705098,3.514362556450046,13.04392896480182,0.02517270893817094,0.0016080086882783234,3.8258032107927042,35.01803607214429,12.12541869234047,0.14186709962235572,0.07214428857715431,0.23647294589178355,0.0005761415621379451,0.0,0.06613226452905811,0.03006012024048096,5.915831663326653,0.00846662970490982,0.0783743999983942,0.38440743,0.11022044088176353,499,5733,adult
vladandniki,2.431654676258993,10.421377183967113,69.15992788197873,71.47833333333334,43.21358245272899,0.6248355626754394,0.0011111111111111111,608.75,0.11747285291214216,0.34812623274161736,1.8779425338872058,7.636094674556213,3.0242062153371347,0.5838264299802761,1.8812701052407226,0.051283399957921305,0.12180282401889539,0.03451676528599606,119013350.94378698,56485200.0,152304361.53758815,1.2797250084112441,2.2322288292990375,10.106487032434842,0.0045034004678753126,0.0,0.3373839344673331,48.3974358974359,12.563553476068579,0.07339153411009275,0.0611439842209073,0.006903353057199211,0.00035221097025005797,0.0,0.03747534516765286,0.11932938856015779,8.934911242603551,0.04340944812450947,0.07888328099902392,0.2771145,0.257396449704142,1014,2919,family
wendover,0.49961350167482604,2.14120072146354,337.5329639694042,335.9997222222222,153.36055266323945,0.45435725998347487,23.708055555555557,2040.4327777777778,0.0036231884057971015,0.02527075812274368,1.2830249699216245,15.703971119133573,2.727826038755697,0.21660649819494585,2.0455218178980625,0.00035764969785753524,0.00029585333293974587,0.04332129963898917,2939312.85198556,2279967.0,2426774.076785747,0.8256263279856094,1.817459374671958,4.79074998446922,0.02230057178064762,0.0016779294060921812,0.6693191886823611,38.458483754512635,12.245196124499294,0.14857696673690787,0.0036101083032490976,0.036101083032490974,0.0011101248924145744,0.0,0.13357400722021662,0.036101083032490974,6.436823104693141,0.022392131216823107,0.07944324060901636,0.32306042,0.15162454873646208,277,3881,adult
