video_id,title,channel,youtube_url,snorkel_score,human_performative,human_emotional_bait,human_narrative_conflict,human_challenge_format,human_commercial_content,human_privacy_violation,human_overall_exploitative,human_notes,snorkel_performative,snorkel_emotional_bait,snorkel_narrative_conflict,snorkel_challenge_format,snorkel_commercial_content
13pVAGGfYdE,Fun Squad Studios Vacation To Universal Studios Florida!,funsquadfamily,https://www.youtube.com/watch?v=13pVAGGfYdE,0.0460156381416066,,,,,,,,,0,0,0,0,0
mNoo5RMv8do,NAZ 14th BIRTHDAY (wishes come true) w/Norris Nuts,norrisnuts,https://www.youtube.com/watch?v=mNoo5RMv8do,0.0638867847488047,,,,,,,,,0,0,0,0,0
Mdk3cFSeuyg,Alaska Cruise Vlog 2023!,thatyoutub3family,https://www.youtube.com/watch?v=Mdk3cFSeuyg,0.1274203700962206,,,,,,,,,0,0,0,0,0
sTrXSTi51q4,Everleigh and Ava Then and Now Halloween Special!,everleighrose,https://www.youtube.com/watch?v=sTrXSTi51q4,0.1274203700962206,,,,,,,,,0,0,0,0,0
ic_vEj8SLMM,We Waited SEVEN Years for this...,shotofyeagers,https://www.youtube.com/watch?v=ic_vEj8SLMM,0.1712320975326267,,,,,,,,,0,0,0,0,0
3v-zUefUGvs,Spin Art Is So Satisfying,mccluretwins,https://www.youtube.com/watch?v=3v-zUefUGvs,0.1712320975326267,,,,,,,,,0,0,0,0,0
KyZEVrNf0UY,Like a Wet Dog 2 (WK 146) | Bratayley,bratayley,https://www.youtube.com/watch?v=KyZEVrNf0UY,0.1712320975326267,,,,,,,,,0,0,0,0,0
GhdR_mcMFQs,Watch the full video ⬆️⬆️,brentrivera,https://www.youtube.com/watch?v=GhdR_mcMFQs,0.1778735830169888,,,,,,,,,-1,0,0,0,0
xqUbmjSSQ-s,WHAT'S IN MY BACKPACK 2018 (TEEN MIDDLE SCHOOL EDITION),theweisslife,https://www.youtube.com/watch?v=xqUbmjSSQ-s,0.2025833406813617,,,,,,,,,0,0,0,0,0
QsPd-34-YiA,CEREAL PIZZA?,tannerites,https://www.youtube.com/watch?v=QsPd-34-YiA,0.2264941972239141,,,,,,,,,0,0,0,0,0
GM7M4a2Zsbk,We Went Back to Our PUBLIC SCHOOL!,ohanaadventure,https://www.youtube.com/watch?v=GM7M4a2Zsbk,0.2718947219564114,,,,,,,,,0,0,0,0,0
HWsj1S-PISs,We TAKE Two of OUR KiDS on a SURPRiSE TRiP!,shotofyeagers,https://www.youtube.com/watch?v=HWsj1S-PISs,0.2718947219564114,,,,,,,,,0,0,0,0,0
5J86oUxO8os,Surprising my fiancé on our 7th anniversary! *emotional* | Family Fizz,familyfizz,https://www.youtube.com/watch?v=5J86oUxO8os,0.2756973177008882,,,,,,,,,0,1,0,0,0
afqWhKDXSWI,HOW TO CATCH WABBITS (6.14.13 - Day 140),dailybumps,https://www.youtube.com/watch?v=afqWhKDXSWI,0.3243391284084853,,,,,,,,,-1,0,0,0,0
unAYb8hEVsU,Sink or Float with Vlad and Niki - Cool Science Experiment for Kids,vladandniki,https://www.youtube.com/watch?v=unAYb8hEVsU,0.3483299749738752,,,,,,,,,1,0,0,0,0
mS-mH2lYHqA,The Ultimate Family Game ✨ (An Official Identity Milestone Reveal),mccluretwins,https://www.youtube.com/watch?v=mS-mH2lYHqA,0.3483299749738752,,,,,,,,,1,0,0,0,0
SkJvBXKdf8o,Tie Dye Twist-Bratayley Style (WK 111.4) | Bratayley,bratayley,https://www.youtube.com/watch?v=SkJvBXKdf8o,0.3483299749738752,,,,,,,,,1,0,0,0,0
BgwAUUymkFs,Reunited with Papa + Disneyland Tokyo!!! - @itsJudysLife,itsjudyslife,https://www.youtube.com/watch?v=BgwAUUymkFs,0.4192483554121919,,,,,,,,,0,0,0,0,0
79a8sRjEp7M,Fans Pick Our Couple's Halloween Costumes!  2017,rebeccazamolo,https://www.youtube.com/watch?v=79a8sRjEp7M,0.4913762047484452,,,,,,,,,1,0,0,0,0
-yzgMPG5IQw,Adley Crafts with Barbie & Chelsea!! Learn how to make fun DIY sparkle crafts inside The Dream House,aforadley,https://www.youtube.com/watch?v=-yzgMPG5IQw,0.4913762047484452,,,,,,,,,1,0,0,0,0
hR2S9vGksM0,"LOVE Is The Answer! Emotional Story and Music Video, by Sarah Skye",funsquadfamily,https://www.youtube.com/watch?v=hR2S9vGksM0,0.5,,,,,,,,,-1,0,0,0,0
ZUF5XxLWM5c,A special Q&A,thesacconejolys,https://www.youtube.com/watch?v=ZUF5XxLWM5c,0.5775059744170978,,,,,,,,,1,0,0,0,0
jTivyHnwi9k,NAZ'S EXTREME HAIR TRANSFORMATION (Biggy's Driving Test Disaster...& House update revealed),norrisnuts,https://www.youtube.com/watch?v=jTivyHnwi9k,0.6216240487858069,,,,,,,,,0,1,1,0,0
EULgWfGnJFI,THOSE BOYS WERE RUDE | THE LEROYS,theleray,https://www.youtube.com/watch?v=EULgWfGnJFI,0.6281963256333982,,,,,,,,,0,1,1,0,0
ImYUU1nDMzM,🥺Renewing our Wedding Vows after Infidelity | Sam and Nia,samandnia,https://www.youtube.com/watch?v=ImYUU1nDMzM,0.6324045603635233,,,,,,,,,-1,1,1,0,0
E-W4eTawrZU,EVIL NUN 2. (SCARY),jillianandaddie,https://www.youtube.com/watch?v=E-W4eTawrZU,0.6595410931565913,,,,,,,,,1,0,0,0,0
Eo_gRBNrW_8,7 THINGS GIRLS SAY THAT GUYS HATE | Brent Rivera,brentrivera,https://www.youtube.com/watch?v=Eo_gRBNrW_8,0.6595410931565913,,,,,,,,,1,0,0,0,0
VP_ksmR0n0k,I MADE A TERRIBLE MOVIE in ROBLOX :(,ethangamer,https://www.youtube.com/watch?v=VP_ksmR0n0k,0.6595410931565913,,,,,,,,,1,0,0,0,0
fqkkrLaIlnI,The Ultimate Parent Transformation! ✨ (Our First Official Identity Swap!),mccluretwins,https://www.youtube.com/watch?v=fqkkrLaIlnI,0.7157664988486933,,,,,,,,,1,1,0,0,0
92EC5Xfpdb4,Oliver’s Kids Cleaning Company Saves the Day!,kidsdianashow,https://www.youtube.com/watch?v=92EC5Xfpdb4,0.746647673776107,,,,,,,,,1,0,1,0,0
rxdBClx0LjU,😱Get the TREASURE🤑,jhousevlogs,https://www.youtube.com/watch?v=rxdBClx0LjU,0.7808454391906839,,,,,,,,,1,1,0,0,0
pTumtP8OXz0,Nastya and adventures with mysterious houses,likenastya,https://www.youtube.com/watch?v=pTumtP8OXz0,0.809533112112834,,,,,,,,,1,1,1,0,0
vm9vTss3iYA,The Truth: One Of The Kids Isn't His | Family Vlogger Q&A,theweisslife,https://www.youtube.com/watch?v=vm9vTss3iYA,0.8147957074479616,,,,,,,,,-1,1,1,0,0
RTH1oCit03I,SURPRISING MOM WITH MY BILLBOARD🤫,piersonwodzynski,https://www.youtube.com/watch?v=RTH1oCit03I,0.8346994455685973,,,,,,,,,1,1,0,0,0
xwhaFqfDVJg,Throwing a DART at a Map for NEW MAKEOVER! *bad results*,ohanaadventure,https://www.youtube.com/watch?v=xwhaFqfDVJg,0.8655868547775855,,,,,,,,,1,1,0,0,0
85dQzj-4Xys,The Official Twin Identity Reveal! 👯‍♀️ (The Truth About Our Life),mccluretwins,https://www.youtube.com/watch?v=85dQzj-4Xys,0.8848180332873733,,,,,,,,,1,1,1,0,0
2oK_EXQZd4k,*NEW* Fun Summer Lunches + We Rode DISNEY World’s NEWEST RIDE! (Tiana’s Bayou Adventure),familyfudge,https://www.youtube.com/watch?v=2oK_EXQZd4k,0.9080483906914076,,,,,,,,,1,0,0,0,1
2ReiG0mVnrM,HIDE AND SEEK Sav Labrant HIDES EVERLEIGH IN MANSION 5 Surprise,everleighrose,https://www.youtube.com/watch?v=2ReiG0mVnrM,0.9433986778418558,,,,,,,,,1,0,1,0,1
PISf6H5EP6Y,Soda Pop DANCERS Turned DEMON! Hunting Demon Hunters!,tannerites,https://www.youtube.com/watch?v=PISf6H5EP6Y,0.9515610866291804,,,,,,,,,1,1,1,0,0
NtBZHPEbyas,an ACCIDENT at my daughter's HIGH SCHOOL!!! (caught on camera),jesssfam,https://www.youtube.com/watch?v=NtBZHPEbyas,0.9768834603512768,,,,,,,,,0,1,1,0,0
XUA0x4L-hfA,The Smoothie Challenge,rebeccazamolo,https://www.youtube.com/watch?v=XUA0x4L-hfA,0.9985243087176456,,,,,,,,,-1,0,0,0,0
KW9z1fdxr-k,Prank Calling Fans And Opening Fan Mail **TRUTH REVEALED** 📱💌 | Gavin Magnus,gavinmagnus,https://www.youtube.com/watch?v=KW9z1fdxr-k,0.9994387225242868,,,,,,,,,1,1,0,0,0
Y4G41bodDGs,Diana and Roma in the Magic Wheel Quest - New Outdoor games for kids!,kidsdianashow,https://www.youtube.com/watch?v=Y4G41bodDGs,0.9996974069408257,,,,,,,,,1,0,0,1,0
48rQgH4WITs,Her First Balance Bike is ELECTRIC! It’s the TWINS BIRTHDAY!,samandnia,https://www.youtube.com/watch?v=48rQgH4WITs,0.9998497047926906,,,,,,,,,1,1,0,0,0
9kFnqF3s6to,Can you draw a Perfect Circle!?😱,brentrivera,https://www.youtube.com/watch?v=9kFnqF3s6to,0.9998838922222087,,,,,,,,,1,1,0,1,0
iKfE4LSZvBY,MOM LETS KIDS WEAR THIS TO SCHOOL! 😬Sisters Become TWINS for 24 Hours,johnsonsfam,https://www.youtube.com/watch?v=iKfE4LSZvBY,0.9999503500006072,,,,,,,,,1,1,0,0,0
zHGIxjPO27E,HiDiNG from the DOLL!,shotofyeagers,https://www.youtube.com/watch?v=zHGIxjPO27E,0.99998511464839,,,,,,,,,1,1,1,1,0
CTNMyZFp1SU,Kesley's Senior Trip plans | Last Dance Competition | The LeRoys,theleray,https://www.youtube.com/watch?v=CTNMyZFp1SU,0.9999988427222244,,,,,,,,,0,0,0,1,0
C5g0RZNg54E,We Couldn’t Believe What We Found in the Forest! 24 Hours In Ålesund Norway. ,inghamfamily,https://www.youtube.com/watch?v=C5g0RZNg54E,0.9999997608941148,,,,,,,,,-1,0,0,1,0
qtwcz5F6n7E,DIY Halloween Costume CHALLENGE | Onyx Family | Onyx Flix,onyxfamily,https://www.youtube.com/watch?v=qtwcz5F6n7E,0.9999999315959802,,,,,,,,,1,0,0,1,0
