channel_id,title,subscribers_text,video_count_text,source
https://www.youtube.com/@RyansWorld,,,,known_list_v2
https://www.youtube.com/@CKNToys,,,,known_list_v2
https://www.youtube.com/@FGTeeV,,,,known_list_v2
https://www.youtube.com/@GamerGirl,,,,known_list_v2
https://www.youtube.com/@EvanTubeHD,,,,known_list_v2
https://www.youtube.com/@JillianTubeHD,,,,known_list_v2
https://www.youtube.com/@ToyLabTV,,,,known_list_v2
https://www.youtube.com/@BabyPlayful,,,,known_list_v2
https://www.youtube.com/@CocomelonenEspanol,,,,known_list_v2
https://www.youtube.com/@BLIPPIofficial,,,,known_list_v2
https://www.youtube.com/@itsyeboi,,,,known_list_v2
https://www.youtube.com/@SIS_vs_BRO,,,,known_list_v2
https://www.youtube.com/@TwinsFromRussia,,,,known_list_v2
https://www.youtube.com/@NikoandGabi,,,,known_list_v2
https://www.youtube.com/@BrooklynAndBailey,,,,known_list_v2
https://www.youtube.com/@8Passengers,,,,known_list_v2
https://www.youtube.com/@FantasticAdventures,,,,known_list_v2
https://www.youtube.com/@MYHouseIsFULL,,,,known_list_v2
https://www.youtube.com/@NotEnoughNelsons,,,,known_list_v2
https://www.youtube.com/@FamilyFizz,,,,known_list_v2
https://www.youtube.com/@Ohana,,,,known_list_v2
https://www.youtube.com/@TheFisherFamily,,,,known_list_v2
https://www.youtube.com/@JacyandKacy,,,,known_list_v2
https://www.youtube.com/@TheCroutonCrackerjacks,,,,known_list_v2
https://www.youtube.com/@KidsFunTV,,,,known_list_v2
https://www.youtube.com/@ToyMonster,,,,known_list_v2
https://www.youtube.com/@TheEngineeringFamily,,,,known_list_v2
https://www.youtube.com/@TheSuperHeroKid,,,,known_list_v2
UCj3tNa-UCt5Hhpvc4JnZGcQ,MomOf4 Vlogs,,,search:family of 4 vlog
UCUkdk5nI1If0-0it-JPrBAw,Mom of 6 Japan,,,search:family of 6 vlog
UCx5SjA82hQIDPdd3uLCssGQ,Big Family VLOG,,,search:big family vlog
UCMLqsgXvM6Vs0aiegOdrtLQ,Big Big Family in the USA,,,search:big family vlog
UCYY3nXWjUXhMU24XQu4oucg,BIG FAMILY,,,search:big family vlog
UCFCKt1z8dli47-J5rI5yd3g,BIG FAMILY,,,search:big family vlog
UCmrtxIX1NxdsaOfdGxSl5YQ,The Young Fam,,,search:young family vlog
UCGZA0_5LShndtki1B1WCQ3g,Beyond Our Doorstep,,,search:young family vlog
UCN6KkKjOOWT5tR9vDkt_quA,YOUNG FAMILY VLOGS,,,search:young family vlog
UCeHJ-4WP-6b54-Tj8Jck_Jw,New Young Family Vlogs,,,search:young family vlog
UCqh9gGUn9Y9Soo94R2qPfcw,Noob Family Vlogs,,,search:new family vlog channel
UCaj3LX7pAAXqVIuOTLOPc2g,The Family Vlogs,,,search:new family vlog channel
UC1CVU1pV2rqs8zSIy_OPPHA,Caleb Kids Show,,,search:kids YouTube channel
UC3KknIJZXRygH2pZ6MDtGbg,Kids Channel - Cartoon Videos for Kids,,,search:kids YouTube channel
UC5mMf2NE17_MiTL94ihRN2w,Star Light Kids,,,search:children YouTube star
UCcULZfOaRdjQo9eQnhOvTLg,All Star Kid Children's Music Channel,,,search:children YouTube star
UC_KMFkYbhKljbkFKmcd15IA,Child Actor - Topic,,,search:child actor YouTube
UCi8fMfMzujgCISho-BJ-RXQ,Child Actor - Topic,,,search:child actor YouTube
UCbZyw49gycS3tZy6xQya0fw,Actor boy sushil,,,search:child actor YouTube
UCT-eeAawywE0UG_qvoA_HBQ,Actor Ashwanth,,,search:child actor YouTube
UCV3bpDlB-PfPEOjl7LRah5A,The young YouTuber,,,search:young YouTuber
UC5H2CHMl3v6wMGjDaBsoprQ,philthe young youtuber,,,search:young YouTuber
UCnyP4y03ZQ7wfmynKKa5nHw,Some Young YouTuber,,,search:young YouTuber
UC-OOGqWiyKutpYtXEu11Vqg,Young  Youtuber.   GEN-Z,,,search:young YouTuber
UCJ0Ubue8eVG3nvVGcGQ21Zw,Kuhoo (young youtuber),,,search:young YouTuber
UCbZgDzTkBQMkPWYBFESJ3sQ,That YouTub3 Family - The Adventurers,,,search:teen YouTuber family
UC1Az_80tfW-1uEQBlUGXnww,Epic Family Road Trip,,,search:family road trip vlog
UCWdE00ZmF4BATCgGgo92Mew,@The Millitary Family ,,,search:military family vlog
UCniCPy-kRxYshisooylV--g,Earls Family Vlogs,,,search:military family vlog
UC1vyr5sGa-vcl7nDVMj1s_A,The Mummy Vlogger,,,search:mommy vlogger
UCKmK7BiD-WGWAmCxEG9__ew,Abi Firoz -Mommy Vlogger,,,search:mommy vlogger
UC_8BKDmjs7jWcjtxOUq9xmg,Hustle at Home Mom,,,search:stay at home mom vlog
UCvC7J4fzgzv2UL6ysQzS0-g,The Dad Vlog,,,search:dad vlog with kids
UCQ5RpJBR0SOYjHKDixnBVQg,Mom 4 Kids Family Vlog ,,,search:mom of 4 vlog
UC07e0Dz4iH7H6VZ69UWlqnA,Kids Cooking Channel,,,search:kids cooking channel
UClrJNVolt8PHT7o9HDkV-Bw,Village Cooking Boy,,,search:kids cooking channel
UCbprhISv-0ReKPPyhf7-Dtw,Science Max - Scholastic,,,search:kids science experiments
UCcdwLMPsaU2ezNSJU1nFoBQ,Baby Shark - Pinkfong Kids’ Songs & Stories,,,search:baby shark dance
UCA4plE8LqhERSNUiYDuVUFg,Nursery Rhymes TV,,,search:nursery rhymes channel
UCv7TYWhF5jhtuY3FDPf06Aw,Kids Channel Nursery Rhymes and Baby Songs,,,search:nursery rhymes channel
UCx3RchaoRFpDpB60x7xRREw,Meekah - Educational Videos for Kids,,,search:kids educational channel
UCpnDeduW4x-ww_UOaUAH6WQ,Kids Tv - Preschool Learning Videos,,,search:kids educational channel
UCGdKXGJm2SsrWKEjIchM9jQ,family lifestyle Channel ,,,search:family lifestyle channel
UCWIXaSAwhR0KvMqZMdkolaA,Family Lifestyle ,,,search:family lifestyle channel
UCrXQvORCzycJ9mwE0bsLibQ,Daral - Iranian lifestyle,,,search:family lifestyle channel
UCwdZZ2ogEogy9RlRnP8A7Xw,Family lifestyle TV,,,search:family lifestyle channel
UCnxJqjEqrGGQe2OAHiHd0Eg,Sarah • Family Life | Cozy Home & Lifestyle 🤍,,,search:family lifestyle channel
UCLLkH7S2WY4eB8DqXDnIQtA,The life style family,,,search:family lifestyle channel
UC7zOxS8nYX214NlGa1ywNIw,Isaac Family Lifestyle ,,,search:family lifestyle channel
UCUg7EafRUm0RPzrrxoQJhjw,JOE BREEZY LIFESTYLE & FAMILY,,,search:family lifestyle channel
UCt_KDu-DtBqvIw7X-V7mlmQ,Pari's Lifestyle,,,search:family lifestyle channel
UCi5_GXxKjgiW0oWAMYBnNIA,prabhati family lifestyle,,,search:family lifestyle channel
UCTk9yzZAXir64WOpXt5DosA,Family Traveler அமெரிக்க VLOGS,,,search:family travel vlog
UCN2FNjALOC1OoryKcssOi5Q,The Sangwan Family,,,search:UK family vlog
UCPu78bdv1WY6b9Kk7xixhQw,The Ingham Family,,,search:UK family vlog
UC-hM2NaWyPAVTp5aiDZttkA,UK Family Vlog,,,search:UK family vlog
UCa34wX6lIoc6tyQENlvjg6g,Being UK  Family Vlog,,,search:UK family vlog
UCtg19lKuAVJpxn-Xhv-WLTA,Priti’s family in Uk vlog,,,search:UK family vlog
UCYoiQfqe0J6J6BID0J6JTPg,Fil British family vlogs,,,search:UK family vlog
UCxq523tQwXhcgDDqBuwoiMQ,Lovleen Vats,,,search:Australian family vlog
UCmKxf6bbhkUuVu4Ps3bfC6A,My OzLife,,,search:Australian family vlog
UCtAXjvtx_fJdc8-kTAEcv6g,Maria & Family Vlogs,,,search:Australian family vlog
UCLXoLWQU377BtTyQ0_0KTHA,Deol family Australian ,,,search:Australian family vlog
UCXZqrquV66ZSWrt8MedDlCQ,Australian Bangladeshi Family Vlog,,,search:Australian family vlog
UC8aV4H4ITIcejDSyJxVQhLQ,The Desi Australian Family,,,search:Australian family vlog
UCgWYulnI9jVbikYmU6bVpXA,Canada Family Vlogs,,,search:Canadian family vlog
UCSvw8tv2nkY-CEmDB32QWzg,Canadian Family Vlog,,,search:Canadian family vlog
UCUA-OKbvCVNChlyaG5CsqhA,Canadian Family Vlog,,,search:Canadian family vlog
UCochAaNGtKkuPsmpw1JkH1A,Gulati Family in Canada,,,search:Canadian family vlog
UCv9KaLMgXHG4Cafo8_qopsg,Suharsh Family in Canada,,,search:Canadian family vlog
UCYeN331khfaBds9Ez8Psyfw,Patel Family vlog in canada,,,search:Canadian family vlog
UCEdhDTg-o0-6FqWsmeB1MAw,The Gujju family in Canada,,,search:Canadian family vlog
UC0RIR-ic21_RJMJVMPP_0MQ,Canadian Family Life,,,search:Canadian family vlog
UCI86O2Dr9tU60b6CMhOZYNg,Canada Couple Vlogs,,,search:Canadian family vlog
UCdPvn7Ka_fIlBK0ZKDWbI2Q,Nav family vlog Canada,,,search:Canadian family vlog
UC-0XZzV9y16bKIuWb4qWkCg,Filipino Czech family,,,search:Filipino family vlog
UCpX0Oh5UZSmoGdapjJLvvfQ,Mami Aireh (Fil-Swiss Family vlog),,,search:Filipino family vlog
UCIVDPLH_7OhX0HAb8BYDsbA,Rhea & Roy Family Vlog,,,search:Filipino family vlog
UCdBpCFv_RTOOBrImOlPT97g,RodVivKids Family Vlog Philippines 🇵🇭 ,,,search:Filipino family vlog
UCOeJBQGvDaEXQZSwTr_V2ow,Fina's Vlog,,,search:Filipino family vlog
UC-M2xqLWTXptiOSAom8GjFw,Rolwes  family Vlog ,,,search:Filipino family vlog
UCJhuyGfCVEMCgpu8532Zt8w,Indian Family Vlogs,,,search:Indian family vlog
UCKGhcY5F8Xo3O-R_eo58ISg,Simple Indian family vlog,,,search:Indian family vlog
UCpo_bRRIG8SfEXRhEvG94JA,Indian Foodie Family Vlogs,,,search:Indian family vlog
