channel_id,video_id,title,published_text,length_seconds,views,is_live,badges,description_snippet,is_commercial,has_emotional_title
https://www.youtube.com/@KidsdianaShow,m1WrpXybEWM,Kids Build Playhouses + More Fun Challenges,20 hours ago,3839,37599,False,,,False,False
https://www.youtube.com/@KidsdianaShow,elmC_4tqp8I,Cardboard Airplane Challenge,2 days ago,1226,1198145,False,,,False,False
https://www.youtube.com/@KidsdianaShow,muoVLVZbf44,Oliver and Mom Colored Balls Everywhere,5 days ago,1317,3464923,False,,,False,False
https://www.youtube.com/@KidsdianaShow,dYZq4_zy25M,Pool Fun & Outdoor Adventures for Kids,7 days ago,1356,424197,False,,,False,False
https://www.youtube.com/@KidsdianaShow,w2mMi0alS5k,Cars & Garage Adventures for Kids!,9 days ago,1257,1379567,False,,,False,False
https://www.youtube.com/@KidsdianaShow,akW1bVBqwss,Kid Becomes the Parent!,12 days ago,1424,1543178,False,,,False,False
https://www.youtube.com/@KidsdianaShow,ResRoiCduPI,Pets & Animal Stories for Kids,2 weeks ago,1682,745748,False,,,False,False
https://www.youtube.com/@KidsdianaShow,HoUwwfPACF4,Superhero Bus Adventures! Helping Missions,2 weeks ago,1393,3244533,False,,,False,False
https://www.youtube.com/@KidsdianaShow,Lj9JZvkY19k,Kids Feed the Color & Shape Tubes!,2 weeks ago,1365,3280242,False,,,False,False
https://www.youtube.com/@KidsdianaShow,0Fm8pxLA9eI,1 Hour of Kids Adventures with Oliver,3 weeks ago,3674,1100933,False,,,False,False
https://www.youtube.com/@KidsdianaShow,EycprjLvUCk,Kids Escape Challenges! Minecraft & Mazes,3 weeks ago,1388,1115296,False,,,False,False
https://www.youtube.com/@KidsdianaShow,p0n3fE-PXWM,Runaway Easter Egg! Fun Easter Stories for Kids,3 weeks ago,1309,2428747,False,,,False,False
https://www.youtube.com/@KidsdianaShow,f8AdmWvxFyc,Oliver and Roma Train at Superhero School!,4 weeks ago,1294,903084,False,,,False,False
https://www.youtube.com/@KidsdianaShow,IYpPKT46m8I,Oliver Becomes a Superhero! Surprise Eggs,4 weeks ago,1465,4075610,False,,,False,True
https://www.youtube.com/@KidsdianaShow,XXX2r_dWU3A,Kids Boat Challenge! Sink or Float?,1 month ago,1454,2011474,False,,,False,False
https://www.youtube.com/@KidsdianaShow,I_4Xw57Lt-k,Car Rental + More Kids Car Adventures,1 month ago,1529,1949619,False,,,False,False
https://www.youtube.com/@KidsdianaShow,qRRSzV4WXC0,Adam Learns Weather Safety Rules!,1 month ago,1270,2086757,False,,,False,False
https://www.youtube.com/@KidsdianaShow,fhPaQwEoGGM,Kids Trapped in Minecraft!,1 month ago,1410,1942928,False,,,False,False
https://www.youtube.com/@KidsdianaShow,XYuick59Gs0,Kids Learn Why Safety Matters,1 month ago,1521,1083650,False,,,False,False
https://www.youtube.com/@KidsdianaShow,3bq2yOr6JqY,Kids Inside the Human Body | Science for Kids,1 month ago,1435,6276219,False,,,False,False
https://www.youtube.com/@KidsdianaShow,sIonITRkiYs,Cardboard Houses Challenge for kids,1 month ago,1827,3251092,False,,,False,False
https://www.youtube.com/@KidsdianaShow,zvdPu2VniM8,Healthy Habits for Kids! Clean & Hygiene Stories,1 month ago,1570,3207746,False,,,False,False
https://www.youtube.com/@KidsdianaShow,JBcG75_yClI,"ABC, Shapes & Numbers! Fun Learning Challenges for Kids",1 month ago,1210,2129722,False,,,False,False
https://www.youtube.com/@KidsdianaShow,H7b4qr0n4ec,Oliver and Adam Visit a Farm with Their Mom,1 month ago,1200,1376528,False,,,False,False
https://www.youtube.com/@KidsdianaShow,j665V6VtnxE,Giant Dinosaurs at Home & Other Animal Adventures,1 month ago,2348,3389684,False,,,False,False
https://www.youtube.com/@KidsdianaShow,9z6bVYcWBZM,Robo Nanny! Kids vs the New Babysitter,1 month ago,1392,3063243,False,,,False,False
https://www.youtube.com/@KidsdianaShow,Zl0W2HK_vr4,Adam Helps Mom Take Care of the Puppy,2 months ago,1285,2987461,False,,,False,False
https://www.youtube.com/@KidsdianaShow,9ugeJzpj8qE,Adam and Oliver Play Cafe,2 months ago,1319,3158863,False,,,False,False
https://www.youtube.com/@KidsdianaShow,nnSJVMSicaQ,"100+ Minutes Kids Challenges - Games, Mazes & Adventures",2 months ago,6219,4297916,False,,,False,False
https://www.youtube.com/@KidsdianaShow,rOR9bCBG_Ig,A Child Looking for a New Home 🏠,2 months ago,1311,3987574,False,,,False,False
https://www.youtube.com/@KidsdianaShow,xfbqLTcdORQ,Learning to Help - Kids Adventure Stories,2 months ago,1273,1960827,False,,,False,False
https://www.youtube.com/@KidsdianaShow,PtX-N1_Eaj0,Magic Emotion Doors Adventure,2 months ago,1665,9718539,False,,,False,False
https://www.youtube.com/@KidsdianaShow,3OhDk73b_xc,Valentine’s Day at School,2 months ago,1518,12360750,False,,,False,False
https://www.youtube.com/@KidsdianaShow,aXEeGWn2ymY,Magic Microwave and Other Fun Kids Stories,2 months ago,1309,2708949,False,,,False,False
https://www.youtube.com/@KidsdianaShow,nzTxCpPTVgQ,"Fun Kids Experiments at Home - Slime, Sand & Colors",2 months ago,1284,3967568,False,,,False,False
https://www.youtube.com/@KidsdianaShow,BHnKy53rjrk,Inflatable Pool Toys Adventure - Kids Learn to Share,2 months ago,1452,3463462,False,,,False,False
https://www.youtube.com/@KidsdianaShow,lmutDiX_jis,Family Vlog Stories for Kids | Fun Days & Trips,2 months ago,3627,2583003,False,,,False,False
https://www.youtube.com/@KidsdianaShow,gKnAwqX2KMQ,Family Fun at Ski Dubai - Winter Adventures for Kids,2 months ago,1249,1372479,False,,,False,False
https://www.youtube.com/@KidsdianaShow,HVnNNjNfVb8,Robo Pets vs. Real Pets! Kids Want a Pet,2 months ago,1599,5772630,False,,,False,False
https://www.youtube.com/@KidsdianaShow,u6Ype20iN2k,Kids in a Cardboard World - Best Cardboard Adventures  for kids,3 months ago,1948,2478493,False,,,False,False
https://www.youtube.com/@KidsdianaShow,y0PP39nXP8E,Kids Police Chase Adventure - Escapes & Challenges,3 months ago,1936,903280,False,,,False,False
https://www.youtube.com/@KidsdianaShow,0DljmVupXtQ,Cardboard Cars Challenge for Kids,3 months ago,1224,3380556,False,,,False,False
https://www.youtube.com/@KidsdianaShow,mnVjFBNLWyk,Play Safe at Home and Other Fun Kids Stories,3 months ago,1248,1768235,False,,,False,False
https://www.youtube.com/@KidsdianaShow,300OOrXH4xE,Wild Animal Adventure at Home - Kids Learn Animal Names,3 months ago,1431,2815116,False,,,False,False
https://www.youtube.com/@KidsdianaShow,KK6Z4h8psdo,Prince Oliver Saves the Princesses,3 months ago,1525,15171788,False,,,False,False
https://www.youtube.com/@KidsdianaShow,rRG5UQOQKOs,Poor vs Rich Girl & Magic Fairy Tales for kids,3 months ago,1350,2810218,False,,,False,False
https://www.youtube.com/@KidsdianaShow,cGR9SwWY6NI,Runaway Balloons + More Stories with Adam & Oliver,3 months ago,1832,34123452,False,,,False,False
https://www.youtube.com/@KidsdianaShow,CtajBfsXQME,Giant Slime at Home - Fun Slime Lab with Oliver & Friends,3 months ago,1424,1231402,False,,,False,False
https://www.youtube.com/@KidsdianaShow,Ug-k6qSNMsk,No Sweets at School! Fun kids challenges & Rules for Kids,3 months ago,1588,6431356,False,,,False,False
https://www.youtube.com/@KidsdianaShow,BcAdidGyDtI,"10 vs 100 vs 1,000,000 House Decorating challenge",3 months ago,1265,34410869,False,,,False,False
https://www.youtube.com/@KidsdianaShow,f-8mhxoKmUo,Fairy Tale Rescue! Kids Inside a Magic Book,3 months ago,1383,12671873,False,,,False,False
https://www.youtube.com/@KidsdianaShow,5hGkNcumXlg,Kids Learn Kindness at Christmas - Holiday Stories Collection,3 months ago,1808,654767,False,,,False,False
https://www.youtube.com/@KidsdianaShow,_94l3R6NSVE,"BEST Kids Stories 2025 ⭐ Fun, Adventures & Learning",4 months ago,3972,4618328,False,,,False,False
https://www.youtube.com/@KidsdianaShow,3jHYlxTeJyI,CARDBOARD BANK Challenge,4 months ago,1255,6755084,False,,,False,False
https://www.youtube.com/@KidsdianaShow,7aGyUR5E6MA,Top Princess Stories for Kids 👑,4 months ago,1628,26295455,False,,,False,False
https://www.youtube.com/@KidsdianaShow,GL2NQ0LtnLc,Mom from the Box - Funny Family Story for Kids,4 months ago,1324,7185669,False,,,False,False
https://www.youtube.com/@KidsdianaShow,OpXQwt6IJ3c,Polar Bear Kindergarten – A Christmas Story for Kids,4 months ago,2078,3285501,False,,,False,False
https://www.youtube.com/@KidsdianaShow,gOHdyRV2aWw,Oliver and Friends Help Santa Pack Christmas Gifts,4 months ago,1497,2957547,False,,,False,False
https://www.youtube.com/@KidsdianaShow,awqQ3wGfbvg,Frozen Gifts - Kids Save Christmas with Kindness,4 months ago,1357,1201644,False,,,False,False
https://www.youtube.com/@KidsdianaShow,mDQpVSVN24w,Pet Rescue Adventure - Kids Help Lost Pets,4 months ago,1134,1467815,False,,,False,False
https://www.youtube.com/@KidsdianaShow,2bJHN9_EuPs,"Kids Playhouse Adventures with Oliver, Diana & Roma",4 months ago,3771,2945495,False,,,False,False
https://www.youtube.com/@KidsdianaShow,RMTYsmXHkTo,Oliver’s 5th Birthday! Thomas and Friends Party,4 months ago,1128,7063398,False,,,False,False
https://www.youtube.com/@KidsdianaShow,uQOJsxhuvms,Kids Learn to Turn Recyclables into Fun Toys,4 months ago,1346,3538291,False,,,False,False
https://www.youtube.com/@KidsdianaShow,6ze8uMSn4_E,Oliver’s Best Car Adventures 🚗 | Kids Compilation,4 months ago,1477,3530840,False,,,False,False
https://www.youtube.com/@KidsdianaShow,8i7zsSoDKJ4,Ice Princess vs Fire Princess Story,4 months ago,1113,51192740,False,,,False,False
https://www.youtube.com/@KidsdianaShow,ov2CXdreGJI,Cardboard Houses Challenge for kids,5 months ago,2097,937958,False,,,False,False
https://www.youtube.com/@KidsdianaShow,0cqvfMOzok0,Oliver Gets a New Nanny – Funny Stories for Kids!,5 months ago,1275,3027350,False,,,False,False
https://www.youtube.com/@KidsdianaShow,Az3kYT-aixc,"Don’t Litter, Kids! A Garbage Monsters Adventure",5 months ago,1431,6786529,False,,,False,False
https://www.youtube.com/@KidsdianaShow,9AOs-4tmb2k,Oliver’s Dinosaur Toys Came Alive at Home!,5 months ago,1083,11199543,False,,,False,False
https://www.youtube.com/@KidsdianaShow,b_G_lLzRN9A,ABC Adventure & More Learning Stories for Kids,5 months ago,3988,1621518,False,,,False,False
https://www.youtube.com/@KidsdianaShow,Xf8zK5frniI,Kids Learn to Recycle and Make Toys!,5 months ago,1196,2640487,False,,,False,False
https://www.youtube.com/@KidsdianaShow,5FYOa4vKyRU,Fun Safety Rules at Loco Bear! Indoor Playground for Kids,5 months ago,1205,19825495,False,,,False,False
https://www.youtube.com/@KidsdianaShow,Z7iHC9W6cyE,Kids study at the School of Elves,5 months ago,1114,786651,False,,,False,False
https://www.youtube.com/@KidsdianaShow,912SmkiVvTs,Hide and Seek in One Color with Oliver and Friends,5 months ago,1103,5394119,False,,,False,False
https://www.youtube.com/@KidsdianaShow,92EC5Xfpdb4,Oliver’s Kids Cleaning Company Saves the Day!,5 months ago,1194,1747794,False,,,False,False
https://www.youtube.com/@KidsdianaShow,H7uX6kb8SS0,Kids Save a Cat in the Cardboard Cave,5 months ago,2164,3415886,False,,,False,False
https://www.youtube.com/@KidsdianaShow,eNizuIppCRE,Kids Visit the 𝐌𝐨𝐧𝐬𝐭𝐞𝐫 𝐂𝐚𝐟𝐞,5 months ago,1405,3774830,False,,,False,False
https://www.youtube.com/@KidsdianaShow,PeG77_NkoH4,Oliver and Mom 𝐁𝐨𝐱 𝐅𝐨𝐫𝐭 𝐌𝐚𝐳𝐞 𝐂𝐡𝐚𝐥𝐥𝐞𝐧𝐠𝐞 & More funny stories for kids,5 months ago,4049,3250474,False,,,False,False
https://www.youtube.com/@KidsdianaShow,QjrML1Hx0fA,Kids Take Care of Animals at the Pet Hotel,6 months ago,1375,9646611,False,,,False,False
https://www.youtube.com/@KidsdianaShow,Gh5I5xZ2v6M,Oliver teaches Dad to choose healthy food and stay fit,6 months ago,1171,389572,False,,,False,False
https://www.youtube.com/@KidsdianaShow,33RH1EwXxTc,Kids at the Monster Hotel – Halloween Story for Kids,6 months ago,1465,3468275,False,,,False,False
https://www.youtube.com/@KidsdianaShow,jH3oQA6qEoc,Hungry Plant in Our House!,6 months ago,1342,340830,False,,,False,False
https://www.youtube.com/@KidsdianaShow,innGFkO5gRQ,Oliver and Minecraft-Style Maze Adventure for Kids,6 months ago,1449,1574174,False,,,False,False
https://www.youtube.com/@KidsdianaShow,kjuwqfck9_Q,Lost Puppy & Missing Brother 🐾 | Fun and Cute Stories for Kids,6 months ago,1075,2558700,False,,,False,False
https://www.youtube.com/@KidsdianaShow,GEo6Gra-f_Y,Diana’s Magical Furby Turns Chores into Fun!,6 months ago,301,2151307,False,,,False,False
https://www.youtube.com/@KidsdianaShow,E782035iI_k,Get Ready for Halloween! 🎃 Decorations & Fun Challenges!,6 months ago,1983,1809735,False,,,False,False
https://www.youtube.com/@KidsdianaShow,uL4A6fitmH8,Hotel Neighbors Adventure with Funny Girls - Kids Comedy Video,6 months ago,1345,3830860,False,,,False,False
https://www.youtube.com/@KidsdianaShow,A95U7VLi3CI,Monster Friends & Halloween Fun School Stories,6 months ago,1028,12985472,False,,,False,False
https://www.youtube.com/@KidsdianaShow,uarVG7uq3xA,Kids Car Adventures – Pretend Play Gas Station & Car Wash Fun!,6 months ago,2069,1464773,False,,,False,False
https://www.youtube.com/@KidsdianaShow,ZMLn1VTv6AY,Cardboard Hospital Adventure - Oliver Helps Patients,6 months ago,1135,2073363,False,,,False,True
https://www.youtube.com/@KidsdianaShow,GrgBM7MQoWc,Firefighter & Superhero School with Oliver and Roma,6 months ago,949,11395304,False,,,False,False
https://www.youtube.com/@KidsdianaShow,pDSWye6ddvo,Rich vs Poor Princess - Battle for the Prince 👑💖 | Kids Comedy Video,7 months ago,1169,3188826,False,,,False,False
https://www.youtube.com/@KidsdianaShow,oD4QvAqu0es,Kids turn into superheroes - Funny stories for kids,7 months ago,3755,16423399,False,,,False,False
https://www.youtube.com/@KidsdianaShow,dq-WqLQkN9g,Poor vs Rich Princess Stories That Prove Kindness Wins,7 months ago,1223,9221389,False,,,False,False
https://www.youtube.com/@KidsdianaShow,1NjgXQw3Fvc,Number Maze Challenge with Oliver,7 months ago,1032,8588384,False,,,False,False
https://www.youtube.com/@KidsdianaShow,nb8lu2c1ARk,Diana’s Barbie Party: DreamHouse vs DreamCamper,7 months ago,614,1929937,False,,,False,False
https://www.youtube.com/@KidsdianaShow,344SSOtzTUQ,Oliver Teaches Friendship - Kids Stories About Kindness and Helping,7 months ago,1793,11852055,False,,,False,False
https://www.youtube.com/@KidsdianaShow,5mf-QUBvJY8,Kids Candy Ban at School - Funny Adventure,7 months ago,1112,1169413,False,,,False,False
https://www.youtube.com/@KidsdianaShow,FT_Kx8LO-SU,ABC Adventure - Learn the Alphabet for Kids,7 months ago,2012,14894972,False,,,False,False
https://www.youtube.com/@KidsdianaShow,oZIU4fJmJYk,Funny Cinema Adventures for Kids – Rules & More Fun!,7 months ago,4498,7305540,False,,,False,False
https://www.youtube.com/@VladandNiki,MaUUrb6kAaM,Vlad and Niki Making Giant Bubbles and Magnetic Slimes - Funny Experiments for kids,3 days ago,1097,1094009,False,,,False,False
https://www.youtube.com/@VladandNiki,LmPoZIat1qM,Kids Do SINK or FLOAT? - Cool Science Experiments for kids,6 days ago,1210,3085479,False,,,False,False
https://www.youtube.com/@VladandNiki,egVIZBUj8yE,Vlad and Niki Restoration Lightning McQueen toy car,10 days ago,1182,20678622,False,,,False,False
https://www.youtube.com/@VladandNiki,WG5M6Ex6KXY,Minecraft Became Real at Home - Fun challenges for kids,13 days ago,3708,1356372,False,,,False,False
https://www.youtube.com/@VladandNiki,L1DSVYZNZEA,Kids make rainbow somen noodles for Uncle: Teamwork Adventures,2 weeks ago,1231,3334207,False,,,False,False
https://www.youtube.com/@VladandNiki,OmGpiZun_CI,Mike and Chris collect soccer cards for helping Uncle,2 weeks ago,1279,6615861,False,,,False,False
https://www.youtube.com/@VladandNiki,gYlYeytdTF0,Mike and Alice learn Teamwork with KPop Demon Hunters Dance Adventure,3 weeks ago,1187,2470216,False,,,False,False
https://www.youtube.com/@VladandNiki,4HGwX5b44Yc,Superheroes Teamwork Adventures for kids,3 weeks ago,2192,4749732,False,,,False,False
https://www.youtube.com/@VladandNiki,dRsAyr3W5Fg,Sidewalk Cops with Mike and Alex - The Littering boy,1 month ago,1197,13791150,False,,,False,False
https://www.youtube.com/@VladandNiki,upA6CaMVhQ8,Chris and Mike training in a Superhero school!,1 month ago,1123,17410775,False,,,False,False
https://www.youtube.com/@VladandNiki,CPUnGrGelMY,Mike and Sasha Safari Adventure with Uncle - Kids learn to be kind and help others,1 month ago,1302,3704541,False,,,False,False
https://www.youtube.com/@VladandNiki,FQRkcX4alRU,Fishing boat challenge and other outdoor activities for kids,1 month ago,4035,4401930,False,,,False,False
https://www.youtube.com/@VladandNiki,FLREgTQLY0E,Kids learn to support each other and share playhouses,1 month ago,1173,6760580,False,,,False,False
https://www.youtube.com/@VladandNiki,1TNxX6_DOAM,Uncle Teaches Kids How to Do School the Right Way,1 month ago,1109,1371623,False,,,False,False
https://www.youtube.com/@VladandNiki,w90n68RIrk4,Michael shows that knowledge at school is the most important thing,1 month ago,1170,6264870,False,,,False,False
https://www.youtube.com/@VladandNiki,YSA2f19ABPk,Chris and friends in Magic Escape Adventures for kids,1 month ago,1942,2034579,False,,,False,False
https://www.youtube.com/@VladandNiki,HYxeOBCYOkU,Mike becomes superhero and plays with giant surprise eggs,2 months ago,1250,42845813,False,,,False,True
https://www.youtube.com/@VladandNiki,ie0c4NcDONE,Alex and Lea - funny stories with Toys for children,2 months ago,1151,6630946,False,,,False,False
https://www.youtube.com/@VladandNiki,sBMmTcTjgSU,Sneaky Mission with the Neighbor and other Funny stories for kids!,2 months ago,4048,4052661,False,,,False,False
https://www.youtube.com/@VladandNiki,QUN4f-EgwaE,"Mike, Alice and Nicole Funny Escape Adventure for kids",2 months ago,1197,7484448,False,,,False,False
https://www.youtube.com/@VladandNiki,ejGg-c6ykj4,Sharing is Caring: Chris and Mike’s Playroom Adventure,2 months ago,1093,26130237,False,,,False,False
https://www.youtube.com/@VladandNiki,WChHF6bpuUs,Five Little Mikes play hide and seek with Uncle,2 months ago,1168,13838343,False,,,False,False
https://www.youtube.com/@VladandNiki,3LvL03U9F8I,Giant Dinosaurs in the House – Funny stories for kids,2 months ago,1982,8834733,False,,,False,False
https://www.youtube.com/@VladandNiki,A9gcIpnsZlw,Mike and Lea get a Surprise for $1,2 months ago,1133,5580337,False,,,False,True
https://www.youtube.com/@VladandNiki,othDdo-VnXc,Blockworld Survival with Chris and Michael,3 months ago,1290,29382318,False,,,False,False
https://www.youtube.com/@VladandNiki,X7Y53AFtGZQ,Best Cardboard Adventures for kids,3 months ago,4018,17954500,False,,,False,False
https://www.youtube.com/@VladandNiki,cqTR56kupLw,Mike teaches Uncle to choose healthy food and stay fit,3 months ago,1225,5287946,False,,,False,False
https://www.youtube.com/@VladandNiki,cdlEJ5vnB2M,Mike teaches Uncle not to cheat and tell truth,3 months ago,1196,13708660,False,,,False,False
https://www.youtube.com/@VladandNiki,8hhU-jyUxCo,Big Fun Adventure Collection with Chris and friends,3 months ago,1982,9591195,False,,,False,False
https://www.youtube.com/@VladandNiki,Wz--wtGlJtM,Mike becomes a pilot and saves his friends   best stories for kids,3 months ago,1260,16878870,False,,,False,False
https://www.youtube.com/@VladandNiki,ryn2v1m0iwA,Chris and friends - Useful stories about good behavior from their life,3 months ago,1144,4232218,False,,,False,False
https://www.youtube.com/@VladandNiki,SA8kwyIepzs,Chris and Mike visited MONSTER JAM show,3 months ago,1292,17497167,False,,,False,False
https://www.youtube.com/@VladandNiki,ZzlK-R5Graw,Dinosaur Rescue Adventure and other funny stories for kids,3 months ago,3896,13947071,False,,,False,False
https://www.youtube.com/@VladandNiki,zKF8dFsJMmM,Cardboard Challenge for kids with Chris and Mike,4 months ago,1161,7446483,False,,,False,False
https://www.youtube.com/@VladandNiki,rjBae3OAF38,Kids turn into Superheroes - Christmas Toys story for children,4 months ago,1300,11674125,False,,,False,False
https://www.youtube.com/@VladandNiki,nhkIV54orN0,Auntie helps kids to get ready for school,4 months ago,1077,11250336,False,,,False,False
https://www.youtube.com/@VladandNiki,2NW4Ye_BF7U,Creative Cardboard School Adventures with Chris and friends!,4 months ago,2118,2004797,False,,,False,False
https://www.youtube.com/@VladandNiki,MmsPeLGSbn8,Kids learn to be responsible,4 months ago,1264,57642214,False,,,False,False
https://www.youtube.com/@VladandNiki,yAwJ3vRieUY,Kids learn the importance of healthy food,4 months ago,1144,34942801,False,,,False,False
https://www.youtube.com/@VladandNiki,AaFd-ttv138,Learn Wild Animals Names & Facts for kids!,4 months ago,3887,23515951,False,,,False,False
https://www.youtube.com/@VladandNiki,1UG1rWvqvaU,Uncle’s Ice Cream Truck Story,4 months ago,1133,7101124,False,,,False,False
https://www.youtube.com/@VladandNiki,2OjZCZuZeW0,Chris and Mike - Funny story about a new Nanny,5 months ago,1099,8134057,False,,,False,False
https://www.youtube.com/@VladandNiki,jwGbPQLRYoQ,Fishing boat challenge for kids,5 months ago,1245,37979635,False,,,False,False
https://www.youtube.com/@VladandNiki,_qHdcAOlnzo,Chris and Escape Adventures with Dinosaurs,5 months ago,2018,10279621,False,,,False,False
https://www.youtube.com/@VladandNiki,s6w6-LHv62E,Chris and Alice Twin Smash! Super Team Up!,5 months ago,1080,21485996,False,,,False,False
https://www.youtube.com/@VladandNiki,NFfptLhpg0c,Cardboard Houses Challenge for kids,5 months ago,1304,15025136,False,,,False,False
https://www.youtube.com/@VladandNiki,8SfLFObzibI,50 cars Challenge for kids,5 months ago,1154,5459706,False,,,False,False
https://www.youtube.com/@VladandNiki,pDPwQYSRIj8,Kids turn toys into real Dinosaurs - Funny stories for kids!,5 months ago,3830,16347357,False,,,False,False
https://www.youtube.com/@VladandNiki,37Ucqqyd9_8,Kids Race Cars - Who Will Win?,5 months ago,427,1761295,False,,,False,False
https://www.youtube.com/@VladandNiki,KKqe5vP2oEs,Wild Animal Adventure at Home | Kids Learn Animal Names,5 months ago,1287,18467726,False,,,False,False
https://www.youtube.com/@VladandNiki,YGy7cRsHs1U,Kid plays Halloween Trick or Treat,6 months ago,1299,34817465,False,,,False,False
https://www.youtube.com/@VladandNiki,8UTwsiZU_jo,Alice and the Magic Story of a New Toy,6 months ago,1047,4966841,False,,,False,False
https://www.youtube.com/@VladandNiki,Ixg6LDhQ-40,Fun Outdoor Challenges and Adventures for kids!,6 months ago,2068,1412854,False,,,False,False
https://www.youtube.com/@VladandNiki,dFrODXXSAK4,Kids Take Care of Animals at the Shelter,6 months ago,1137,6180603,False,,,False,False
https://www.youtube.com/@VladandNiki,dFP-7w30IOs,Cardboard school Adventures with Alice,6 months ago,1015,17157736,False,,,False,False
https://www.youtube.com/@VladandNiki,qNkSGOst6eg,Kids pretend play with superhero cookies,6 months ago,1142,32017813,False,,,False,False
https://www.youtube.com/@VladandNiki,9NuqSv_C5pM,Kids learn how to turn recyclables into toys,6 months ago,1206,8865310,False,,,False,False
https://www.youtube.com/@VladandNiki,8OtHsYlTOeY,Alice and Chris learn to share toy cars,6 months ago,1209,60500958,False,,,False,False
https://www.youtube.com/@VladandNiki,reN8rEqAKbg,Chris catches Bugs at Home and other useful kids stories,6 months ago,3872,14547446,False,,,False,False
https://www.youtube.com/@VladandNiki,JPxmTWDy-sk,Chris learned to run quickly and safely from Dinosaurs,6 months ago,1179,6728225,False,,,False,False
https://www.youtube.com/@VladandNiki,N5wgQ_7vDjs,Sharks vs Dinos Toy Monster Truck Competition,6 months ago,435,2050083,False,,,False,False
https://www.youtube.com/@VladandNiki,4-0Ab_VH8k0,Kids learn to make Handmade sweets,7 months ago,1094,134785430,False,,,False,False
https://www.youtube.com/@VladandNiki,_5Nr1fcPuWw,Alice and Chris pretend play with toy Microwave,7 months ago,1251,12703572,False,,,False,False
https://www.youtube.com/@VladandNiki,4IMlyc7HGYg,Chris and friends - School stories for kids,7 months ago,2061,9447287,False,,,False,False
https://www.youtube.com/@VladandNiki,1ESlSrQ5l6E,Uncle called a strange Nanny for Kid,7 months ago,1163,4189252,False,,,False,False
https://www.youtube.com/@VladandNiki,xOQDHQWUMno,Alice wants to be a good sister for Leo,7 months ago,1403,7811796,False,,,False,False
https://www.youtube.com/@VladandNiki,QUdeNlGpx1Y,Kids play with colored cups and learn how to share,7 months ago,1156,4069378,False,,,False,False
https://www.youtube.com/@VladandNiki,gm0MLr-iWhE,Kids are trying to make friends with a neighbor,7 months ago,1138,10225956,False,,,False,False
https://www.youtube.com/@VladandNiki,kPmTrF_DMhU,Kids pretend play firefighter - Fire Truck Rescue Missions,7 months ago,3675,11617789,False,,,False,False
https://www.youtube.com/@VladandNiki,fuAwp5FF3Yk,Kids learn to do teamwork with Magic Giant Toys,7 months ago,1170,7822870,False,,,False,False
https://www.youtube.com/@VladandNiki,_YgwSoGD8kE,Dinosaur Stories for Kids | Chris' Dinosaur Toys Become Alive In His House,7 months ago,1021,78808361,False,,,False,False
https://www.youtube.com/@VladandNiki,Y0u-jP5FDCc,Chris and friends play with balloons - Funny story for kids,7 months ago,1229,6376358,False,,,False,False
https://www.youtube.com/@VladandNiki,h-08WZKc4ks,Chris shows rules of the road - Useful stories for kids,8 months ago,1934,8027226,False,,,False,False
https://www.youtube.com/@VladandNiki,nYtpuWc3ESE,Kid helps friends and saves the toys,8 months ago,1145,9201654,False,,,False,False
https://www.youtube.com/@VladandNiki,UpdjQJOpRMc,Slime Adventure for kids - Funny toy stories,8 months ago,1148,21641277,False,,,False,False
https://www.youtube.com/@VladandNiki,-7TRT8M7qXg,Kid superhero helps everyone and saves the day,8 months ago,962,10674156,False,,,False,False
https://www.youtube.com/@VladandNiki,HowjUEg15dY,Funny cooking stories with Chris and Friends,8 months ago,3877,11659124,False,,,False,False
https://www.youtube.com/@VladandNiki,Pucof2kWoy8,Lego School Adventure for kids!,8 months ago,1125,119688803,False,,,False,False
https://www.youtube.com/@VladandNiki,Ks5B6wp8BOU,No Wi Fi Challenge for kids with Chris,8 months ago,1133,33589143,False,,,False,False
https://www.youtube.com/@VladandNiki,FIrMRgJQu-g,Kid pretends to be a parent for Uncle,8 months ago,1118,120773106,False,,,False,False
https://www.youtube.com/@VladandNiki,hKtQsBUdo4o,Fun Watermelon Adventure and other useful stories for kids,8 months ago,1984,49475407,False,,,False,False
https://www.youtube.com/@VladandNiki,UAmqrySBUYo,Creative Cardboard School Adventure,9 months ago,1086,12982220,False,,,False,False
https://www.youtube.com/@VladandNiki,YSzHkw1h_Oc,Four Colors Water Balloons Challenge,9 months ago,1019,3633225,False,,,False,False
https://www.youtube.com/@VladandNiki,sU87yk6CBQQ,Funny Babies Masks stories with Chris,9 months ago,4101,3438753,False,,,False,False
https://www.youtube.com/@VladandNiki,naMLLJXHi9M,Kids Jump through the wall,9 months ago,937,88865415,False,,,False,False
https://www.youtube.com/@VladandNiki,YiX-qeLkgrk,Kids learn road safety and traffic rules,9 months ago,1195,23775306,False,,,False,False
https://www.youtube.com/@VladandNiki,Ii4grx0h5Ss,Funny Kids Adventures with Magic Faucet,9 months ago,2127,70212906,False,,,False,False
https://www.youtube.com/@VladandNiki,2bKacpzwyxc,Kids pretend play doctor - Useful stories for children,9 months ago,1192,45512889,False,,,False,False
https://www.youtube.com/@VladandNiki,Wow4LNj3XlI,Chris rides on toy truck and plays delivery service,9 months ago,922,7048192,False,,,False,False
https://www.youtube.com/@VladandNiki,KhjSYHFh7nU,Kids learn safety rules in the pool,10 months ago,1154,2506603,False,,,False,False
https://www.youtube.com/@VladandNiki,hn0VPxhdvQk,Cardboard School Stories for kids with Chris and friends!,10 months ago,3715,27252476,False,,,False,False
https://www.youtube.com/@VladandNiki,5Acr0VKc490,Kids learn to cook pasta,10 months ago,1018,12793879,False,,,False,False
https://www.youtube.com/@VladandNiki,-KRVuqOPW5U,Cardboard Cars Challenge for kids,10 months ago,1155,264061081,False,,,False,False
https://www.youtube.com/@VladandNiki,VSue2m1UbFY,Cardboard Hospital Adventure for kids,10 months ago,979,7512138,False,,,False,True
https://www.youtube.com/@VladandNiki,kMvgnU6OkKs,Chris and Home Alone stories for kids,10 months ago,2083,9405826,False,,,False,False
https://www.youtube.com/@VladandNiki,ZLi6hcOGVYA,Ice Cream Machine Disaster Adventure for kids,10 months ago,962,22085350,False,,,False,False
https://www.youtube.com/@VladandNiki,H_ae7ySMi9M,Kids turn into superheroes with inflatable toys,10 months ago,1145,119785288,False,,,False,False
https://www.youtube.com/@VladandNiki,eJl9qYp5VqM,Ice Cream & Watermelon Challenge for kids,10 months ago,957,5531970,False,,,False,False
https://www.youtube.com/@VladandNiki,JRAF320GsaI,Cool Science Experiments with inflatable toys,11 months ago,3872,28449363,False,,,False,False
https://www.youtube.com/@VladandNiki,MnUuRzbl1Cw,Kids story about viruses,11 months ago,1156,28564742,False,,,False,False
https://www.youtube.com/@LikeNastyaofficial,WJDlNBkDpOM,Nastya is learning how to cook healthy and creative food,4 days ago,1642,3257793,False,,,False,False
https://www.youtube.com/@LikeNastyaofficial,evx4oumzoFo,Nastya shows how to become a superhero.,11 days ago,2704,4932347,False,,,False,False
https://www.youtube.com/@LikeNastyaofficial,qMkhRHNyByo,Nastia's friends are learning not to lie,2 weeks ago,1925,5840919,False,,,False,False
https://www.youtube.com/@LikeNastyaofficial,IPPMUUNe-Bs,Children learn to play hide-and-seek safely,2 weeks ago,2143,8275719,False,,,False,False
https://www.youtube.com/@LikeNastyaofficial,5pv7bGfKhf0,Like Nastya 12th birthday party with Friends,3 weeks ago,164,6422277,False,,,False,False
https://www.youtube.com/@LikeNastyaofficial,m-x-MnL4e1s,Like Nastya ft Rombi and Bombi Son of Jackie Chan - official song,3 weeks ago,184,4867088,False,,,False,False
https://www.youtube.com/@LikeNastyaofficial,28hxtdax69o,Nastya teaches children to be friendly,1 month ago,2026,11464630,False,,,False,False
https://www.youtube.com/@LikeNastyaofficial,uz022saE0mY,Children learn to cook and help adults - Nastya and friends,1 month ago,3139,7530010,False,,,False,False
https://www.youtube.com/@LikeNastyaofficial,OUOmMSw-Fag,Nastya and her friends are learning to share LPS Spring Faves toys,1 month ago,530,773208,False,,,False,False
https://www.youtube.com/@LikeNastyaofficial,JlxzgM9SKgY,Nastya and her friends are choosing a nanny,1 month ago,1356,7827277,False,,,False,False
https://www.youtube.com/@LikeNastyaofficial,xEqDOXymjZ4,"Like Nastya ""ALL MY FRIENDS"" Official Song",1 month ago,166,1308495,False,,,False,False
https://www.youtube.com/@LikeNastyaofficial,kE3e5qTAiTY,Nastya and Evelyn - Culinary Competition,1 month ago,1848,16470827,False,,,False,False
https://www.youtube.com/@LikeNastyaofficial,TIhJMaBfOik,Nastya and Evelyn compete in the adventure park,1 month ago,389,1157259,False,,,False,False
https://www.youtube.com/@LikeNastyaofficial,sE6pvYcpUhk,Nastya and friends at the indoor playground,2 months ago,1588,6097332,False,,,False,False
https://www.youtube.com/@LikeNastyaofficial,KoKwAvymrk8,Nastya and her friends learn responsibility,2 months ago,1587,4753090,False,,,False,False
https://www.youtube.com/@LikeNastyaofficial,NXhpDEhOuCI,Nastya is helping her little friend find a super nanny,2 months ago,1776,6012574,False,,,False,False
https://www.youtube.com/@LikeNastyaofficial,jTqRevnLY0A,Nastya is learning to make new friends,2 months ago,1730,8501569,False,,,False,False
https://www.youtube.com/@LikeNastyaofficial,cqOEZAnpZCU,Like Nastya 1st solo concert in Florida,2 months ago,24,1499553,False,,,False,False
https://www.youtube.com/@LikeNastyaofficial,23YGjzPUloo,Nastya and useful Dentist story for kids,2 months ago,1330,9558681,False,,,False,False
https://www.youtube.com/@LikeNastyaofficial,I4AsiP04kuA,Nastya and the friendly competition Cold VS Hot,2 months ago,2206,48268467,False,,,False,False
https://www.youtube.com/@LikeNastyaofficial,SaxoN7HBTXY,Nastya and her friends are learning to correct their mistakes,3 months ago,1697,3294898,False,,,False,False
https://www.youtube.com/@LikeNastyaofficial,XYZP0DtUSXA,Nastya's cardboard school VS regular school.,3 months ago,2438,12987847,False,,,False,False
https://www.youtube.com/@LikeNastyaofficial,dZKOc_I1r48,Nastya and her friends demonstrate tricks for healthy eating,3 months ago,2222,10012091,False,,,False,False
https://www.youtube.com/@LikeNastyaofficial,-ja-gY5xo9g,Nastya and Boys vs Girls family challenge,3 months ago,2150,4535118,False,,,False,False
https://www.youtube.com/@LikeNastyaofficial,wKTC45A-D-U,Nastya and Friends with Toy Animals adventure,3 months ago,2900,2571281,False,,,False,False
https://www.youtube.com/@LikeNastyaofficial,o_ob0aPS7-Q,Nastya cloned the twins,3 months ago,1793,4355098,False,,,False,False
https://www.youtube.com/@LikeNastyaofficial,JFpJ9u-LNI4,Nastya and the funny story Rich vs. Poor,3 months ago,2266,69037612,False,,,False,False
https://www.youtube.com/@LikeNastyaofficial,smer0I8ib3Y,Nastya and her glamping trip for friends,3 months ago,2002,2778540,False,,,False,False
https://www.youtube.com/@LikeNastyaofficial,kWfXdWg29tY,Nastya and Christmas Market for kids,4 months ago,1087,3080891,False,,,False,False
https://www.youtube.com/@LikeNastyaofficial,Yppgtexgnrc,Nastya and Friends are Superheroes,4 months ago,1102,579538,False,,,False,False
https://www.youtube.com/@LikeNastyaofficial,BflYVPHQuTc,Nastya and friends - Christmas challenge Grinch vs Santa,4 months ago,1337,7376325,False,,,False,False
https://www.youtube.com/@LikeNastyaofficial,G0uL8ViB4X8,Nastya and her friends in a Christmas story about Grinch,4 months ago,1678,4758309,False,,,False,False
https://www.youtube.com/@LikeNastyaofficial,N22gmDhQ7LE,Nastya and Rich vs Poor Hospital,4 months ago,1768,14811492,False,,,False,True
https://www.youtube.com/@LikeNastyaofficial,3sujWWE-G_E,Nastya and Friends are learning how to clean up the house,4 months ago,1670,4774993,False,,,False,False
https://www.youtube.com/@LikeNastyaofficial,pX64se-0ROM,Nastya and Friends - The Floor is Lava,4 months ago,2106,3254739,False,,,False,False
https://www.youtube.com/@LikeNastyaofficial,qiiZqObnV70,Nastya and the waste recycling police are teaching kids,4 months ago,2106,1336712,False,,,False,False
https://www.youtube.com/@LikeNastyaofficial,8CrNqS7_FNM,Nastya - CARDBOAD TOYS VS EXPENSIVE TOYS,5 months ago,2217,6802749,False,,,False,False
https://www.youtube.com/@LikeNastyaofficial,JZs8jR9UK58,Nastya becomes a spy and solves the mystery,5 months ago,435,752811,False,,,False,False
https://www.youtube.com/@LikeNastyaofficial,UDK-OT170wQ,Nastya and Evelyn - a story about toys and caring for them,5 months ago,2659,12693138,False,,,False,False
https://www.youtube.com/@LikeNastyaofficial,RqCRgfPJdzw,Nastya and Poor Princess vs. Rich Princess story,5 months ago,1772,21322102,False,,,False,False
https://www.youtube.com/@LikeNastyaofficial,euCB8qU4Y0I,"Like Nastya – Fly Girl (Music Video, 2025)",5 months ago,122,16686254,False,,,False,False
https://www.youtube.com/@LikeNastyaofficial,kx8-1ZwGy9k,Nastya and Friends teach how to save money,5 months ago,1666,9445534,False,,,False,False
https://www.youtube.com/@LikeNastyaofficial,noD9yv9Nwz4,Nastya and friends - I Can't Sleep Story + More,5 months ago,1974,9637888,False,,,False,False
https://www.youtube.com/@LikeNastyaofficial,GaNNaoJvB78,The best episodes for kids about Nastya and Evelyn,5 months ago,2618,12182279,False,,,False,False
https://www.youtube.com/@LikeNastyaofficial,3482CP2zGWo,Nastya and Cardboard Cars Challenge for kids,6 months ago,1257,1715554,False,,,False,False
https://www.youtube.com/@LikeNastyaofficial,R6O4JMjEiyQ,Nastya and her Superhero Friends help everyone and save the day.,6 months ago,1536,65608400,False,,,False,False
https://www.youtube.com/@LikeNastyaofficial,R0clRNh9dMQ,Nastya and costumed Halloween at school,6 months ago,907,5442950,False,,,False,False
https://www.youtube.com/@LikeNastyaofficial,ZVfu7FcbKfU,Nastya and Friends - Mysterious Challenge in the house,6 months ago,2028,4990981,False,,,False,False
https://www.youtube.com/@LikeNastyaofficial,vKU6RO2UUHw,Nastya is Getting Ready for the School Ball ,6 months ago,360,910368,False,,,False,False
https://www.youtube.com/@LikeNastyaofficial,droT2DV2KiI,"Nastya and Friends in a Police Chase, Episode 3",6 months ago,2416,5479590,False,,,False,False
https://www.youtube.com/@LikeNastyaofficial,7ZolBFO_iZ4,Nastya and friends’ Spooky Adventure,6 months ago,454,1680878,False,,,False,False
https://www.youtube.com/@LikeNastyaofficial,G4MdcbZQGRI,Nastya and friends - Halloween escape rooms,7 months ago,1369,5872184,False,,,False,False
https://www.youtube.com/@LikeNastyaofficial,EQFvVIfVNzE,Nastya and her funny little friends,7 months ago,1841,6876278,False,,,False,False
https://www.youtube.com/@LikeNastyaofficial,weh2s-z6YX8,Nastya and DIY Ice Cream truck,7 months ago,1441,7609268,False,,,False,False
https://www.youtube.com/@LikeNastyaofficial,siSkwrbp8uM,Nastya and Evelyn having fun on the Royal Caribbean cruise,7 months ago,714,9512889,False,,,False,False
https://www.youtube.com/@LikeNastyaofficial,7koLn8DSwPE,Nastya and Funny Escape Adventures for kids,7 months ago,1552,1524097,False,,,False,False
https://www.youtube.com/@LikeNastyaofficial,nP2-W9_UmKo,Nastya and friends learn a fun alphabet,7 months ago,1119,4261515,False,,,False,False
https://www.youtube.com/@LikeNastyaofficial,c2B3RASEpBs,Nastya and friends make a Giant Slime at Home,8 months ago,2098,21140332,False,,,False,False
https://www.youtube.com/@LikeNastyaofficial,ALSoqkualfE,Dinosaur Stories for Kids | Nastya's Toys Become Alive at the School,8 months ago,1753,3340516,False,,,False,False
https://www.youtube.com/@LikeNastyaofficial,ZKYAPRLlX1w,Nastya and stories about Kids and Parents,8 months ago,1564,10523635,False,,,False,False
https://www.youtube.com/@LikeNastyaofficial,GGp7Fiv1KOg,Nastya plays Talking Tom & Friends: World,8 months ago,298,1693805,False,,,False,False
https://www.youtube.com/@LikeNastyaofficial,HVPrMWKTd_Y,Nastya and her friend learn healthy lifestyle,8 months ago,1458,66478706,False,,,False,False
https://www.youtube.com/@LikeNastyaofficial,6QNpyX8fKjA,Nastya and Kids Learn Mall Safety Rules,8 months ago,1928,10251823,False,,,False,False
https://www.youtube.com/@LikeNastyaofficial,N0xcpomoHp8,Nastya in the show Born to be Viral,9 months ago,130,5803256,False,,,False,False
https://www.youtube.com/@LikeNastyaofficial,4MdR_BEAEFA,Nastya takes care of little sister and her toy babies,9 months ago,1432,58429479,False,,,False,False
https://www.youtube.com/@LikeNastyaofficial,OATbYWIi8a8,Nastya chooses a prince for the royal ball,9 months ago,1257,81581326,False,,,False,False
https://www.youtube.com/@LikeNastyaofficial,29eP-B3HXww,Nastya turns into superheroes because of a magic toy,9 months ago,1398,6897529,False,,,False,False
https://www.youtube.com/@LikeNastyaofficial,20ICC2-xj0A,Nastya plays with friends Cardboard VS Fluffy school,9 months ago,1251,41248832,False,,,False,False
https://www.youtube.com/@LikeNastyaofficial,A9_Fl7O-JVw,Nastya and Paper World story with friends,9 months ago,2046,38720439,False,,,False,False
https://www.youtube.com/@LikeNastyaofficial,XpdcRN3AxB0,Nastya and friends Inside the Cardboard House Challenge,9 months ago,1769,5168672,False,,,False,False
https://www.youtube.com/@LikeNastyaofficial,JRRGCqF1vM0,Nastya and Poor VS Rich story,10 months ago,1841,24576271,False,,,False,False
https://www.youtube.com/@LikeNastyaofficial,uCu7Ma1OGAc,Nastya helps her mother with giant Toys,10 months ago,2099,5466189,False,,,False,False
https://www.youtube.com/@LikeNastyaofficial,FfPKszFfDa8,Nastya and the story of Wicked,10 months ago,1589,34514038,False,,,False,False
https://www.youtube.com/@LikeNastyaofficial,zG5cxdJZEA8,Nastya and GIANT cardboard Hotel,10 months ago,1945,6579507,False,,,False,False
https://www.youtube.com/@LikeNastyaofficial,YSrXnfXmFDY,Nastya and fun kid's stories at the balloon park,10 months ago,1619,4067818,False,,,False,False
https://www.youtube.com/@LikeNastyaofficial,c39WLlkyO2w,Nastya and a funny story about a kid's summer camp,10 months ago,2367,7877208,False,,,False,False
https://www.youtube.com/@LikeNastyaofficial,jPIPzqN3DH0,Nastya and Challenge Cardboard or Color Toys,11 months ago,1433,62928921,False,,,False,False
https://www.youtube.com/@LikeNastyaofficial,_UEbN7z0ZRA,Nastya teaches parents how to spend time with their children,11 months ago,1694,7838600,False,,,False,False
https://www.youtube.com/@LikeNastyaofficial,83R-c2HrUY8,Nastya and Evelyn playing Hide and Seek at the amusement park,11 months ago,1225,12814609,False,,,False,False
https://www.youtube.com/@LikeNastyaofficial,XYA0xAvyvwc,Nastya and friends playing Cardboard BOX hide and seek,11 months ago,2090,7277384,False,,,False,False
https://www.youtube.com/@LikeNastyaofficial,oa-sWvWQF1E,Nastya and Escape from CARDBOARD PRISON Challenge,11 months ago,1528,194484817,False,,,False,False
https://www.youtube.com/@LikeNastyaofficial,cbm5D4I5zBQ,Nastya and Evelyn go on an exciting fun cruise,11 months ago,715,62556946,False,,,False,False
https://www.youtube.com/@LikeNastyaofficial,sufrAxB995c,Nastya as a babysitter and other useful stories,1 year ago,1932,24411010,False,,,False,False
https://www.youtube.com/@LikeNastyaofficial,AB7kXrla_0w,Nastya and friends - Sleeping DAD story,1 year ago,1320,4097766,False,,,False,False
https://www.youtube.com/@LikeNastyaofficial,HwCe7etA_fw,Magic Candy Shower Adventure with Nastya and friends,1 year ago,1283,7464129,False,,,False,False
https://www.youtube.com/@LikeNastyaofficial,IZzEdOKsJuE,Nastya teaches kids how to do school the right way,1 year ago,1902,115421715,False,,,False,False
https://www.youtube.com/@LikeNastyaofficial,gRVtsKyTKWo,Nastya's Funny stories with Magic Fish for kids,1 year ago,1337,3345094,False,,,False,False
https://www.youtube.com/@LikeNastyaofficial,wfvmHwljRfE,Cardboard and Fluffy School Adventure for kids with Nastya,1 year ago,1705,27589608,False,,,False,False
https://www.youtube.com/@LikeNastyaofficial,62nXkNJ2_hY,Nastya learns how to help her parents and plays with sweet machine,1 year ago,1335,36646965,False,,,False,False
https://www.youtube.com/@LikeNastyaofficial,rBrWiX_uQGY,Nastya is celebrating her 11th birthday,1 year ago,1198,4493998,False,,,False,False
https://www.youtube.com/@LikeNastyaofficial,lqFPmRSZTlw,Nastya and friends built a city for toys,1 year ago,730,1252622,False,,,False,False
https://www.youtube.com/@LikeNastyaofficial,iIFvUW_5buU,Nastya and Funny Escape Adventures for kids,1 year ago,1437,64585493,False,,,False,False
https://www.youtube.com/@LikeNastyaofficial,BaYQ6Y91C3M,Nastya and Useful stories about taking care of health,1 year ago,1775,45542227,False,,,False,False
https://www.youtube.com/@LikeNastyaofficial,fiv0zBJ_pJQ,Nastya and Friends are playing a giant board game,1 year ago,3956,7496367,False,,,False,False
https://www.youtube.com/@LikeNastyaofficial,0N2hOtZ26Iw,Nastya and friends catching bugs at home,1 year ago,1592,6942193,False,,,False,False
https://www.youtube.com/@LikeNastyaofficial,Mkon6LGt-NE,Nastya helps her friends adjust to their first day at a new school,1 year ago,1487,9578740,False,,,False,False
https://www.youtube.com/@LikeNastyaofficial,6VlJX_hMupI,Nastya and Friends learn about the dangers of sweets,1 year ago,1573,138855074,False,,,False,False
https://www.youtube.com/@LikeNastyaofficial,0cT5eO8brVY,Nastya escapes Christmas layers to get the bouncing toys,1 year ago,628,8436107,False,,,False,False
https://www.youtube.com/@LikeNastyaofficial,KQtN376ENsU,Nastya and the Adventures of the Christmas Tree,1 year ago,1354,29136424,False,,,False,False
https://www.youtube.com/@LikeNastyaofficial,zDUYj3lX-Ho,Nastya created her own Roblox world,1 year ago,522,6320331,False,,,False,False
https://www.youtube.com/@TheLabrantFam,axHot1FvcYc,AMARI IS MEAN,5 years ago,4,81,False,,,False,False
https://www.youtube.com/@TheLabrantFam,75VHfV3Y8Bk,STOP AMARIAMGST!,5 years ago,28,60,False,,,False,False
https://www.youtube.com/@TheLabrantFam,8LWobFWuGbc,| Noah gets an ear ring ~ Gacha life |,5 years ago,66,48,False,,,False,False
