id,title,channel,category,exploit_score_v2,llm_score,llm_dims,llm_conf
pW-EW5OADr0,DADDY PRANKS BABY WITH HUGE TEDDY BEAR!!!,,family,0.43887487,2,D4,0.8
idi4wvAFnz4,AUSTIN AND ELLE RATE MY PREGNANCY OUTFITS!!!,,family,0.098096296,1,D4,0.7
fdP2qcKGiUw,LABOR AND DELIVERY STORY!!! (THE ACE FAMILY),,family,-0.089674644,1,D0,0.9
OauhG-o3EoY,YOU WON'T BELIEVE WHAT ELLE GOT ME FOR MY BIRTHDAY!!! (THANK YOU ELLE),,family,0.099168085,1,D4,0.7
JDi3tldp97g,THE BEST BIRTHDAY SURPRISE SO FAR!!! **BRAND NEW CAR**,,family,0.028939843,1,D4,0.7
NW4e50rGbIQ,WE'RE MOVING IN!!! **FINALLY**,,family,-0.04849913,0,D0,0.95
g2erDI2jHBo,OUR FIRST TIME INDOOR SKYDIVING!!!,,family,-0.003862151,0,D0,0.95
VgN0xS7yEg0,ALAIA'S FIRST DAY OF SCHOOL!!! (THE CUTEST BABY STUDENT),,family,-0.031983703,1,D4,0.7
lD-mbwJYPcU,BUYING A NEW CAR FOR A SUBSCRIBER!!!,,family,0.11381233,0,D0,0.95
cPFQS-umd3k,WE GOT INTO A CAR ACCIDENT!!!,,family,0.17639762,3,"D1,D3",0.85
nym4bePhOOw,THE ACE FAMILY HALLOWEEN SPECIAL!,,family,-0.075305484,1,D4,0.8
sFx3bc6TyVY,BABY COVERED IN 1 MILLION M&M's!!!,,family,0.16354755,2,"D3,D4",0.85
TtSVsRHHWj0,Recreating VIRAL TikTok challenge...,,family,0.0698652,2,"D3,D4",0.8
4kCvdON9XjQ,TERRIFYING REAL TARANTULA PRANK ON GIRLFRIEND!!!,,family,0.29427886,3,"D1,D3,D4",0.9
8lEMUl0-MZI,ELLE WENT POO POO IN THE STORE!!!,,family,0.12482186,2,"D1,D4",0.8
mr1-qOG14bY,CHOOSING MY WEDDING DRESS!!!,,family,-0.111375794,0,D0,0.95
esohf_o0NWU,ELLE BETRAYED ME!!! (UNEXPECTED),,family,0.1805014,1,D4,0.8
ZsRmDZyvA9A,SEEING OUR BABY FOR THE FIRST TIME!!!,,family,0.04127785,1,"D2,D4",0.75
W9JKlxYVelA,MY UNTOLD STORY...,,family,0.16189888,0,D0,0.9
iNaWnEJZVp8,CATHERINE GOT SURGERY!?!? **THE TRUTH**,,family,0.18763104,2,"D1,D4",0.85
OPZrTetean8,Irma beating piñata flashing back on her kids,,family,0.29804942,3,"D1,D2",0.8
O6VON2LNNik,Bang,,family,0.09392814,0,D0,0.9
g7mzGOfdVLQ,Ely playing just dance 2,,family,0.043831673,0,D0,0.95
ma4XNnm6XDE,I NEED my OWN MONEY!,,family,0.072061405,2,"D4,D5",0.7
wVKzQxKzOqs,Ground Hogs Day,,family,-0.028956134,0,D0,0.9
lHzZDE-6B8c,Bonnie Turns 35,,family,0.10458881,0,D0,0.9
tiyfCEnCzJM,MAJOR HAIRCUT for OLIVIA,,family,0.067874596,1,D4,0.7
PI1LEN3kE4w,1st Day with All 4 Kids in School!,,family,0.001685191,1,D4,0.7
juLPu6Ds8J8,Budget Ending,,family,-0.02232056,0,D0,0.9
-nXFKYqgjPc,NEW BODY New Suit,,family,0.056525864,0,D0,0.9
DEAhThYcq2M,SeaShell Haul #familytravel #travelvlog #shelling,,family,-0.038867205,1,D4,0.8
ojFF7zj8JFA,Cut My Nieces Hair TOO SHORT,,family,0.20664674,3,"D1,D4",0.7
FapRBGa_1AA,Thanksgiving with Aunt Linda - 2022,,family,-0.17757629,0,D0,0.9
86BHdO5j6W8,Don't Lie to mom + Huge Giveaway,,family,0.12470519,2,"D4,D5",0.7
Jlpx4ZUe2wU,The World Premiere of  the movie DAVID,,family,0.009615357,0,D0,0.9
d_iW_VPU9iE,I CUT MY HAIR!,,family,0.17324857,0,D0,0.9
82G6T6Q6zZ8,Why I want a Hair Transplant,,family,0.024085045,0,D0,0.9
9oAUafMhGJ4,Olivia Starts SINGING Lessons 🎼,,family,0.0235867,1,D4,0.8
Cfiiu6bF5kI,Disaster,,family,0.05984445,1,D4,0.7
d1EteJ4Thw4,New Grill,,family,-0.04298655,0,D0,0.9
-18JVjQHzzk,Door Handles and Cabinet Knobs,,family,-0.08197275,0,D0,0.9
OAquIN-aQKk,Lincoln Turns 5,,family,0.14656222,0,D0,0.9
7x1G0U01rPk,A NOT so Happy Easter - Easter Vlog 2018,,family,0.0087489635,1,D1,0.7
bEZg8qjFd7Q,Whale Watching! (WK 401) | Bratayley,,family,-0.042664494,0,D0,0.9
lStg2jCYHjI,Hidden Mickey Challenge with Amazing Prize! (WK 206.7) | Bratayley,,family,0.047027856,2,D4,0.8
xW3wr_NN9cY,Billboard in Times Square (WK 435) Bratayley,,family,0.050193004,1,D4,0.7
nNWPmTw4dDs,St. Patrick's Day Handstands (WK 219.7) | Bratayley,,family,-0.10774447,0,D0,0.9
Ux7DMiw7k6k,The Ultimate House Tour 🏡 (WK 331.2) | Bratayley,,family,-0.1056136,1,D5,0.7
4MgWD5QQTeQ,3 Frogs and a Monster (WK 21),,family,0.060391687,0,D0,0.9
vMg2m3DY6tk,End of Year Homeschool Gymnstics Party! (WK 232.3) | Bratayley,,family,-0.0744766,1,D3,0.6
HmTzO1Yc-u8,Fivehead (WK 174) | Bratayley,,family,-0.026234208,1,D4,0.8
Uf7iq3mfRjA,Locked Out (WK 101),,family,0.15327792,1,D4,0.8
Y4EAUrZJayo,I'm Giving Up My Blankie! (WK 315.7) | Bratayley,,family,0.03948357,1,D4,0.8
h0Kn-8hgIog,Enjoy the Show! (WK 251.4) | Bratayley,,family,-0.04499501,1,D4,0.8
HX9xm_3X19E,Hayley Goes to Gymnastics (WK 33),,family,0.02339181,1,D4,0.8
1o1safol1sg,We Went to the Moon? (WK 27),,family,-0.08765722,1,D4,0.8
ogh1R7-EEbY,Just Hangin' Around the House (WK 247.6) | Bratayley,,family,0.016157683,1,D4,0.8
fHJD2rNuYrs,Let's Be the Cool Kids (WK 211.3) | Bratayley,,family,0.12491311,1,D4,0.8
tYKut6y5jvI,A Day in the Life of Hayley (WK 40),,family,0.007279614,1,D4,0.8
ZGH_5tPIFNk,"Alexander Hamilton, the Schuyler Sisters, & Liberty caps (YR 1776.3) | Bratayley Makes History (NJ)",,family,-0.10174546,1,D4,0.8
HR2mzkDcwbw,OH NO MIA! 😳 (WK 329.6) | Bratayley,,family,0.0025253184,2,"D1,D4",0.8
KAIbjG9PUYI,Family Game Day! (WK 398.2) | Bratayley,,family,-0.10385683,1,D0,0.9
bJez8yguP-0,Point Your Toes! (WK 160.6) | Bratayley,,family,0.035139132,1,D0,0.9
-Vi3eP8_yaY,PUMPKIN Challenge (w/ WeeklyChris) | Brent Rivera,,family,-0.08813085,1,D0,0.9
8WW-YC7_tws,BREAKING INTO FAMOUS YOUTUBER'S HOUSES!! (caught),,family,0.20499374,3,"D2,D4",0.85
5WOuxHp5F4g,Showing my mom a magic trick🪄😂 sorry mom,,family,0.17830595,1,D0,0.9
o5-5m2-HmEM,🚗 Crash prank!!,,family,0.27496338,4,"D1,D3,D4",0.9
c_z0sr1hkIE,Conjoined twins!😍,,family,-0.0105647445,0,D0,0.95
ODMzxpnHB3U,This was WAY too intense,,family,0.136341,2,"D1,D4",0.8
Jcbmx0GauaQ,FILLING MY FRIEND'S HOUSE WITH PLAY BALLS!! **Freakout,,family,0.17326905,2,"D1,D4",0.8
4dfC67Ba7yQ,MOM REACTS TO TIKTOK TRENDS! | Brent Rivera,,family,0.048112847,1,D4,0.8
gtjh7ucYbRg,Old People VS Technology | Brent Rivera,,family,-0.07915168,1,D4,0.8
YqQwSP6xIoE,AGAIN! This time at the airport!! Let us know before our flight leaves!,,family,-0.061360862,2,"D4,D2",0.7
B-AwNTAuJOQ,5 WEIRD Things Guys Do When They Like a Girl! | Brent Rivera,,family,0.09263009,1,D4,0.8
gnDUelZW9CY,Waking Up on the Weekday VS the Weekend | Brent Rivera,,family,-0.07835129,1,D4,0.8
_vgpzqrD3Uc,WE BECAME CHEERLEADERS FOR A DAY!,,family,0.04814896,1,D4,0.8
n7-h6BnE2OI,Would you fall for the trick?,,family,0.08416478,2,"D4,D3",0.7
BnP7nbKr6TM,Things We All Do In the Shower!! | Brent Rivera,,family,-0.04715497,1,D4,0.8
D9yJ4g1Vllw,When you forgot to take the chicken out of the freezer 😭😂,,family,0.1788057,1,D4,0.8
DZ9kRuf83RQ,How to get free donuts…🍩,,family,0.049937088,1,D4,0.8
0DevHa-lFhg,"I was bored, so I invited a stranger to have a fun day❤️",,family,0.03884021,1,D4,0.8
qDJBJmjxjAA,PAUSE CHALLENGE (Brother VS Sister!!) PART 2! | Brent Rivera,,family,-0.07874332,2,D4,0.7
y2rjvUvpM8c,never mind... haha,,family,0.00046495348,0,D0,0.9
Tietq09bHzY,Christmas Songs For Kids + More Nursery Rhymes & Kids Songs - CoComelon,,family,0.050650526,0,D0,0.95
KZnD4_t2GZE,Can you count the baby chicks 🐣🐥 with me? #shorts,,family,0.07777552,0,D0,0.95
3l26sk15qP0,Head Shoulders Knees and Toes Dance! 1-2-3 Learn About the Body! #shorts,,family,-0.04908304,0,D0,0.95
hoo6cRernC0,Humpty Dumpty Rescue Adventure! #cocomelon #shorts,,family,0.11230262,0,D0,0.95
RhjqxvAR6eQ,Yes Yes Eat Your Bananas! CoComelon #Shorts #cocomelon #nurseryrhymes #healthyhabits,,family,0.12247947,0,D0,0.95
d7klXv1KoBM,Numbers Song | CoComelon Nursery Rhymes & Kids Songs,,family,0.1399608,0,D0,0.95
5h8NDskFLkU,The Lunch Song + More Nursery Rhymes & Kids Songs - CoComelon,,family,0.11966647,0,D0,0.95
ep2qRkyIjek,JJ's Birthday At The Farm Song | CoComelon Nursery Rhymes & Kids Songs,,family,0.070755094,0,D0,0.95
3VbtxomZpkE,Daddy Finger Kids Counting Song! ✋🎶,,family,0.11682095,0,D0,0.95
gBmQFUqmsOM,Cece's seaside adventure! 🌊🦀 CoComelon Field Trip!,,family,-0.08701792,0,D0,0.9
oiFfEVC8WCs,Kids Play Pretend Songs ✨ Magical Pony Ride + Unicorn Song ✨ MORE CoComelon Nursery Rhymes & Songs,,family,0.10749551,0,D0,0.9
y8Q6Y6hh8qI,Oh no! The Block Tower Fell Down! 😲 🟥🟦 Can YOU rebuild it? #shorts,,family,0.09198409,1,D4,0.8
qpCp4MlF-TA,The Car Color Song + More Nursery Rhymes & Kids Songs - CoComelon,,family,0.12845859,0,D0,0.95
xl4e6kOVf7Q,Beach Song! ☀️ | CoComelon Nursery Rhymes & Kids Songs,,family,0.09095797,0,D0,0.95
383hs5Myzlc,Can you count to 10? Which number comes next? #cocomelon #shorts,,family,0.06737083,1,D4,0.8
nwO8Rmw5yMk,Cody's African Melody Song! 🎵 Learning Music for Kids | CoComelon Nursery Rhymes & Kids Songs,,family,0.09769557,0,D0,0.9
x0jDs7GdYJs,Name The Shape! 🟢 Kids Learning Video,,family,0.13706888,0,D0,0.9
dJCgBqzjUXc,Easy Acrylic Puppy Painting🐶! CoComelon Crafts! #shorts #cocomelon,,family,0.11290751,1,D4,0.8
FlwB_8EewyI,"Learn the ABCs in Lower-Case: ""v"" is for vegetables and violin",,family,-0.1050625,0,D0,0.95
kDNsjKXYWUE,JJ & Cody Songs! Best Friends Forever (BFF) CoComelon Songs! | CoComelon Nursery Rhymes & Kids Songs,,family,0.08012533,0,D0,0.95
w3hxJz3lcbo,HUGE FIRST EASTER SURPRISE!,,family,-0.08601162,1,D4,0.7
EO47tChpE1E,Surprised My Daughter With Her Dream Room Makeover! 🩷,,family,0.16857368,2,"D2,D4",0.75
-iP8GMmbxt8,TOO COOL FOR SCHOOL!,,family,0.0507601,1,D4,0.7
_wGRiT3BNeY,"WORK HARD, PLAY HARD! (Disneyland Day 2, 6.10.14 - Day 501)",,family,-0.09751779,1,D4,0.7
Fy1ohvYLcMM,PJ MASKS TOY SCAVENGER HUNT!,,family,0.15982033,1,D4,0.7
UlttupAX3jc,ST. PADDY'S DAY MIRACLE!,,family,-0.044155523,1,D4,0.7
HRU2HtiOnNc,DOGGY KISSES! (1.7.14 - Day 347),,family,0.006134078,0,D0,0.95
f8oYr2hZCHc,Pregnant With A GIRL 💗 after having 2 BOYS! 💙💙 (14 Week Bumpdate),,family,0.11616051,1,D4,0.8
GMaRXNQAlYo,Adjusting to Her New Baby Brother 💙,,family,0.09873462,1,D4,0.8
aMWqtJtBrow,EPIC CALIFORNIA STORM! (2.28.14 - Day 399),,family,-0.008161329,0,D0,0.95
vALaEqEtzcs,PREGNANT YOGA CHICK (7.22.13 - Day 178),,family,0.08423155,0,D0,0.95
OTbb7h803tk,IT'S SO YUCKY!! (8.12.14 - Day 564),,family,0.03196753,1,D4,0.7
OCMxtet-5OY,OUR FIRST CHRISTMAS AS A FAMILY OF SIX!! ✨ (Daily Bumps 2024 Christmas Special!),,family,-0.09815183,1,D4,0.85
kC9UajFadGU,I DON’T WANT SURGERY!,,family,0.1848835,3,"D1,D4",0.7
5tWllkNpDOE,THATS WHAT YOU GET! (9.22.13 - Day 240),,family,-0.0004485473,2,"D1,D4",0.75
8b1KINbhlnQ,Nightmare Before Christmas Game!,,family,0.06789443,0,D0,0.9
v-e88dpqVRA,Something Always Goes Wrong!,,family,0.08683038,1,D4,0.8
uJOtXH-NGuw,TODDLER RACES POWER WHEELS!,,family,0.14689073,1,D4,0.8
8vm2k2y35C8,FIRST BIRTHDAY PUPPY!,,family,0.13039201,0,D0,0.95
HdI94BnjafM,HAPPY BIRTHDAY FINN!! 🥳 7️⃣ 🎉,,family,-0.0359599,0,D0,0.95
r2lCz4pkILA,SHE HATES MY SINGING!,,family,0.22977597,2,"D1,D4",0.7
wulYSWPyHPI,I TURNED HER INTO A REAL LIFE PRINCESS!!,,family,0.24343005,2,D4,0.7
GtkgjZqOEVg,PANCAKE ART CHALLENGE!! - MINIONS EDITION,,family,-0.011085629,0,D0,0.9
5QLQpLhD83M,POKÉMON CAUGHT ON THE BEACH!!,,family,0.11178134,0,D0,0.9
0KEud-cBYA4,PUTTING WEIRD DRINKS INTO A WATER FILTER,,family,0.09111372,1,"D3,D4",0.6
MsMstp3Vn00,WE FOUND DORY!,,family,0.0046065655,0,D0,0.95
V3Hq_-UjB_U,We Made SQUID GAME..AT HOME!!,,family,0.06313504,2,D4,0.7
W30NJsPja3U,GUMMY FOOD vs REAL FOOD! - Pizza Edition,,family,0.025153827,1,D4,0.8
xf4aX9q7b3w,EPIC PENTHOUSE ON THE BEACH!!,,family,0.03669478,0,D0,0.95
JAQIZBo3FFE,Purple Lamborghini - Skrillex & Rick Ross (Cover by Miss Monkey),,family,0.09893266,0,D0,0.95
rjMbenNL7zM,THINGS KIDS NEVER SAY!! - Part 2,,family,0.18525276,2,"D4,D5",0.7
cqa9HFWV3Jg,LOST INSIDE THE MOST HAUNTED TOWN!!,,family,0.09520645,1,D4,0.7
N5pqS0vTSSU,Everybody Knows That One Song!,,family,0.0468762,0,D0,0.95
IGbWyuuNsFU,SHE GOT BIT BY A HORSE!!,,family,0.2178384,2,"D3,D4",0.75
ZRYXq-9bzbU,11 Annoying Things Parents Do!!,,family,0.2533822,1,D4,0.8
fIYbK-yivJA,REACTING TO OUR OLD CRINGEY VIDEOS!!,,family,0.16852586,1,D4,0.8
TxbnZppkuG0,What does NBD mean?,,family,0.081132025,0,D0,0.95
LEkJJmB3MqQ,BEST OF MAMA BEE - FUNNY COMPILATION,,family,0.12141271,1,D4,0.8
WlPoS6KMXdM,DUMB LIFE HACKS ON A PLANE with Miss Monkey,,family,0.23611864,1,D4,0.7
U1qA2z2rGww,Her Music is SCARY!!,,family,0.19646299,2,"D4,D2",0.6
FMBwW4AAzHE,EVERLEIGH SURPRISES AVA AT VIDCON... (YOU WON'T BELIEVE IT!),,family,0.103645965,2,"D4,D2",0.7
eR_ChGqruMc,AVA AND HER GIRL CREW TP THE MOST POPULAR BOY AT SCHOOL! I Ava Foley 🎒📚✏️,,family,0.061484784,3,"D2,D4",0.8
y-3sri2fsqc,13 TURNS FOR 6 YEAR OLDS IN DANCE CLASS WITH AUTUMN MILLER!,,family,-0.00095941126,1,D0,0.9
y2gyhqUPMvU,Everleigh Soutas and Ava Foley babysit baby Jayden for the first time!! I Foreverandforava,,family,0.022775179,2,"D2,D4",0.7
LhuvPgUGb-Q,Aerials and Bestie Goal FLIPOUTS with Everleigh & Ava!,,family,-0.07820214,1,D0,0.9
KwZYrwgKS1I,Everleigh Soutas and Ava Foley celebrate Jayden's Baby shower for Michelle Foley! I Foreverandforava,,family,0.027176946,2,"D2,D4",0.7
7yfgGn3KJFw,EVERLEIGH AND AVA'S BIRTHDAY SURPRISE!!!,,family,-0.011622854,1,D4,0.8
jKJ3HRZucsA,BESTIES FIND REAL LIVE UNICORN & other MAGICAL ANIMALS!!,,family,0.06882933,1,D4,0.8
J-b9i0tNEPQ,Pooparoos Squishy Toys to celebrate tiny white micro teacup pomeranian - CARL LABRANT!,,family,0.057752036,1,D4,0.8
IeWzT5i67wM,BESTIES want to buy a PONY together!,,family,-0.04569929,1,D4,0.8
B4bOJKZW5Ao,Everleigh and Ava go rock climbing for the first time!!! I Foreverandforava,,family,-0.09755326,2,"D3,D4",0.7
L9__AYV1wOE,ULTIMATE SQUISHY FOOD VS REAL FOOD CHALLENGE! (BESTIES EAT IT!),,family,0.087769434,1,D4,0.8
7E24i8Gr95w,Ava & Everleigh Sleepover Party I PartyWithThePonies,,family,-0.050541878,1,D4,0.8
ZHiOxqfGonA,EVERLEIGH AND AVA HAVE A NEW BEST FRIEND...,,family,0.0052652154,1,D4,0.8
imEANdyOgEs,Everleigh Soutas and Ava Foley babysit Taytum and Oakley?! | ForeverandForava,,family,0.07116957,2,"D2,D4",0.7
nfNpDV7sBBo,Enchantimals Dolls meet BESTIES Everleigh and Ava in an enchanting forest with real magical animals!,,family,0.038888097,1,D4,0.8
SvWVo6YmCuY,6 YEAR OLD BESTIES BABYSIT 6 TWIN MINI PUPPIES OMG!!!,,family,0.13326105,2,"D3,D4",0.7
TbQ8FiIV-2U,HILARIOUS TOUGHEST DANCE BOOT CAMP WITH THE REAL SANTA!,,family,0.0713609,1,D4,0.8
WEOMugn0zN4,FIRST SLEEPOVER OPENING GIANT PRESENTS!,,family,-0.10639875,1,D4,0.8
BffqgrDhypk,DOES JENNA ORTEGA HAVE A BOYFRIEND?!?! (Q&A) | ForEverAndForAva,,family,0.14128236,2,"D2,D4",0.7
scUJzUDO7nQ,HUGE AFTER SCHOOL SURPRISE! | Family Fizz,,family,0.03521985,1,D4,0.8
vrVSxodQ18k,Tween vs Teen ‘Back’ song trend,,family,0.08177641,1,D4,0.7
6nPEjcANCCI,BLINDFOLDED OREO TASTE TEST CHALLENGE! | Family Fizz,,family,0.0139129795,1,D4,0.8
9Uru0oxzbMQ,BACK TO SCHOOL SUPPLIES SHOPPING! *Homeschool vs School* | Family Fizz,,family,-0.064582214,1,D4,0.8
n7R2L0nAgps,STRICT DAD reacts to DAUGHTER’S SECRET TIKTOKS! | Family Fizz,,family,0.21788207,3,"D1,D2,D4",0.7
MDKgjgongHs,NEW ROOMMATES ARE MOVING INTO OUR HOUSE! | Family Fizz,,family,-0.0051486567,1,D4,0.8
pvHsYiDj1kk,BABY MAKING UPDATE | Family Fizz,,family,0.10476541,3,"D2,D4,D5",0.7
jBC2lgtRUMY,SISTERS GYMNASTICS CHALLENGE TO WIN £1000!!! | Family Fizz,,family,-0.058516186,2,"D4,D5",0.8
If6bLFw9g2E,“Don’t you think you’ve got enough kids?”,,family,0.101520196,1,D4,0.7
do3US2Rxzvw,NO SPEAKING TO PARENTS ALLOWED! | Family Fizz,,family,0.14272374,2,D4,0.7
N_FJrVzuM3Q,Our NEW House Tour in London! | Family Fizz,,family,-0.15921108,0,D0,0.9
dIU8xVPt0yE,NO BUDGET DOLLAR TREE HALLOWEEN HAUL! | Family Fizz,,family,-0.03358601,0,D0,0.9
Kk8iiPY8m3w,Rock Climber vs Gymnast ‘Magnolia’ Dance Trend,,family,-0.0403924,1,D4,0.7
lmW3XBs219M,HILARIOUS MUM & DAUGHTERS YOGA CHALLENGE! | Family Fizz,,family,0.03790322,1,D4,0.7
RXFdzUv1o3g,24 HOURS in our HOUSE with HURRICANE DELTA OUTSIDE!! | Family Fizz,,family,-0.03258819,3,"D1,D3,D4",0.8
ckPWs22RXPM,"LAST TO LEAVE WINS £1,000! | Family Fizz",,family,0.020932572,2,"D4,D5",0.8
H2xfdIiliE4,Her FIRST ACTING ROLE! | Family Fizz,,family,0.018700106,1,D4,0.7
zhn63mFLGRA,POV: You’re on a family hike and discover this…,,family,-0.15211609,1,D4,0.8
si3KyzvaLSA,Eating the World’s Spiciest VS Sourest Food Challenge | Family Fizz,,family,-0.02098937,2,"D4,D5",0.7
CJQvwDUdSwo,Valentine’s Day SURPRISE! | Family Fizz,,family,-0.14991905,1,D4,0.8
Lfpof7IwQ2k,Dennis the Menace Park,,family,0.026989201,0,D0,0.9
xsOf6PMlmzI,Sleepy Baby Nap Time,,family,0.23295417,3,"D1,D2",0.85
3RMB3Y51zU4,Rainbow Checkerboard Cake: Family Fun Pack,,family,-0.19149974,0,D0,0.9
jUj_Fsf2NTk,Michael Has a 106° Fever! VERY SCARY!,,family,0.15046242,4,"D1,D4",0.9
IBoYGD-zjKo,Astoria Column & Fort Clatsop - Abandoned Underground Fort with BATS Inside!,,family,-0.038289934,0,D0,0.9
O039U9y3-qA,Picking Up the Pieces.....,,family,0.029980034,2,D4,0.7
Kjm8xSrIDVI,My Little Ponies Review with Alyssa,,family,0.047880713,0,D0,0.9
NGpqpdn5Grc,Singing & Dancing at Costco with Zac & Chris,,family,0.01898311,1,D4,0.8
BphM04FtI0o,"Play-Doh Town Fire Station, Ice Cream Truck, Pizza Delivery, Pet Shop Fun Playtime Toys",,family,-0.040857896,1,D4,0.8
Pe4DJKTgxHc,Surprising Our Kids with a PUPPY!  || Mommy Monday,,family,0.1968899,1,D4,0.8
R-fzJxs4ZcI,He REFUSED NOT to be in the Photo #shorts,,family,0.2534892,2,"D2,D4",0.7
f3-VnaRDux0,Sea World Orlando - Only Michael & Owen!,,family,0.0059669744,1,D4,0.8
4GP1-sjPBcY,Messi or Ronaldo?,,family,0.00063185766,0,D0,0.9
WXYvIsSjLCQ,Gas is Too Expensive so We Can Bike From Now On,,family,-0.052153077,0,D0,0.9
nS6uyPxWaVA,Conquering the Horrifying Drop Slide!! Great Wolf Lodge Arizona Day 2,,family,-0.05480361,2,"D3,D4",0.7
FmW436mOY4Y,Pringles Challenge Family Fun Pack,,family,-0.07716287,1,D4,0.8
-T_yGAmBxGk,"Up On the Housetop - Handbell, Guitar & Ukulele Family Fun Pack Christmas Song",,family,-0.14795813,1,D4,0.8
SpjsbfwOvq0,Twins Last Day of Kindergarten || Our Final Kindergarten Tales :(,,family,0.071618274,1,D4,0.8
ZgwrxVMILXM,HOME! Road Trip from NEW YORK to CALIFORNIA,,family,-0.15075399,1,D4,0.8
Nq07mdUbXN4,We Join DISNEY ON ICE Show ON THE ICE!!  + Exclusive Behind the Scenes,,family,-0.014109764,1,D4,0.8
yFYHH_sryVs,I Bought An Amazon RETURN PALLET and found this.. (SAMSUNG GALAXY & more),,family,0.0673067,0,D0,0.9
gNF-weYCRuk,"Are These Sites Better Than Wish?! **WISH VS. JOOM, ALIEXPRESS AND OTHER KNOCK OFF SITES**",,family,-0.022048147,0,D0,0.9
3hT09tfle_k,I Wrapped My Tesla With Elon Musk's Face!!,,family,0.14758766,0,D0,0.9
WaeepyNDLuU,24 Hour Bird Box Challenge!! (BLINDFOLDED),,family,0.030295525,3,"D1,D3,D4",0.85
u4hF_7Gs_TU,HOW TO TURN AN EGG INTO A BOUNCY BALL | 5 AMAZING EGG EXPERIMENTS!!,,family,0.02005196,0,D0,0.9
aZINQ3UMTRY,$200 RARE OLD SCHOOL POKEMON CARD PACK OPENING!!!,,family,-0.034333803,0,D0,0.9
BLRPBHhvk94,Throwing a Dart at a Map and EATING Wherever it Lands... (24 Hour Impossible Food Challenge),,family,0.12526658,0,D0,0.9
8BNHHqzFn1s,"TURNED HIS ROOM INTO A FARM PRANK!! (LIVE ANIMALS *LLAMA, CHICKENS AND GOATS*)",,family,0.31065193,2,"D4,D5",0.8
0nWGJSRJ2Lo,"I Bought A $5,000 Vintage Pokemon Mystery Box!",,family,0.04678089,1,D4,0.7
mXYh6NM12QE,INSANE $500 FIFA 17 TOTY PACK OPENING W/ TEAM ALBOE!! *WE GOT MESSI*,,family,0.022414677,1,D4,0.7
hVnVvuBhlqY,This Headset Gives You MIND CONTROL!!,,family,0.06033966,0,D0,0.9
IOLriWfUIm4,TEAM ALBOE HELIUM CHALLENGE!!!,,family,-0.03236253,1,D4,0.7
6UEptunTbek,"Last To Fall Off The Mechanical Bull Wins $2,000 - Challenge",,family,0.06846152,2,"D3,D4",0.75
dSGLQOrpVUc,Buying Every YOUTUBE Advertisement I See | $1000 CHALLENGE (NOT CLICKBAIT),,family,0.13833126,1,D4,0.7
GHTq-xly6zU,I Replaced My Laptop With A Typewriter For 24 Hours!!,,family,0.15399441,0,D0,0.9
rLi2sif4xAk,"DIY GIANT INDOOR TOILET PAPER FORT!! (10,000 ROLLS)",,family,-0.014653977,0,D0,0.9
a2Qkeb7Ku04,IMPOSSIBLE TRICK - HOW TO CUT A POTATO WITH A STRAW!! *TOP 5 BAR TRICK BETS YOU WILL ALWAYS WIN*,,family,0.15549426,0,D0,0.9
wbKy3_BCV8I,Letting My Tinder Matches Decide What I Eat For 24 Hours!! *IMPOSSIBLE FOOD CHALLENGE*,,family,0.13574584,1,D4,0.8
TYIwaGEc58o,I Bought The MOST EXPENSIVE Items On Wish!!!,,family,0.014277825,1,D4,0.8
sB5_VDEvR9o,"NEW ALBOE HOUSE TOUR!! ($1,000,000 MANSION)",,family,-0.1244933,1,D4,0.8
XG1wg3ELG9w,My Daughter Survives TEN BROTHERS,,family,0.123757735,3,"D1,D4",0.7
CTqNWDlt7PM,EPIC ADVENTURE WITH RYBKA TWINS IN AUSTRALIA,,family,-0.12673476,1,D0,0.9
Tkfi0Cei1zU,EXTREME Acrobat Tries Out NEW MERCH!!,,family,0.08482505,1,D4,0.7
DqCtwpT1Z50,I Gave My CREDIT CARD To AGES 1-18,,family,0.16240758,3,"D4,D5",0.8
jxHJndEKIew,My Daughter DRIVES for the FIRST TIME,,family,0.1820517,4,"D3,D1",0.8
9T2vYXcg18g,My Daughter Surprises Her Best Friend *emotional*,,family,0.21872738,2,D1,0.7
Lh32R_OToXA,Crazy 8s Photo Challenge in Target | Messy Consequence,,family,0.15719181,2,"D3,D4",0.7
E514BN6ngPI,Dance Moms mini Elliana Walmsley is TOO CUTE!,,family,0.08790766,1,D4,0.8
I4zsuUd4qvI,Dance Moms Maesi and Lilly Attempt to Break 10 Minute Photo Challenge Record (with a giveaway),,family,0.07278883,2,"D4,D5",0.7
_dO0Ph3yHG8,Sofie Dossi Attempts To Break RECORD 10 Minute Challenge,,family,0.1467654,1,D4,0.8
P-jE6P8iBQg,Sneaking Into YouTube Millionaires Houses,,family,0.195913,3,"D2,D4",0.7
QU5YCoqLev4,Surprising My Best Friend for His Birthday,,family,0.10683974,1,D0,0.9
dmNC3ZrF5RQ,🔴 LIVE! THE SCARIEST DAY OF MY LIFE!,,family,0.14526916,3,"D1,D4",0.8
Mxfyl4ej_-E,I WAS ROBBED! #shorts,,family,0.18376185,2,"D1,D4",0.7
0X2Bno5ehig,BOYS vs GIRLS Trapped in a TINY ROOM,,family,0.15613051,4,"D1,D3,D4",0.8
vi4UFAvjZ0c,10 Minute Photo Challenge: Bring It! Cast Crashes Black Tie Event,,family,0.038152624,3,"D4,D5",0.7
ZXB5nC1TgZo,There's Something Living in our House *not a prank*,,family,0.26942843,4,"D1,D3,D4",0.8
2uCVVF1TKx4,FRIENDS PROTECT BULLIED DANCER *emotional*,,family,0.18271826,3,"D1,D4",0.8
eLYLME0Rvc0,DANCE MOMS MISCHIEF with Lilly and Nia (plus shout outs),,family,0.13225436,2,D4,0.7
6MRqUL2eKV4,TXUNAMY UNDERWATER Insane Sis vs Bro Photo Challenge,,family,0.028347801,2,D4,0.7
qaUx13Q8hKw,FINALLY BOUGHT OUR DREAM LAKE HOME! (Move In Day),,family,-0.02367295,0,D0,0.95
lx3zoNkzC0s,BABY'S FIRST LOVE!,,family,0.095243044,1,D4,0.6
M65zLGNO4DY,we are finally opening a...| HUGE announcement 🤫😍,,family,-0.09997385,1,D4,0.6
EWYh4LhcICc,Live Pregnancy Test Reaction KKandbabyJ,,family,0.17721424,3,"D1,D2",0.8
B1JpBUjJV2A,"Day In The Life Of A Newborn | playtime, schedule & routine!",,family,0.052517097,1,D2,0.7
vjNfdvuAs9Q,TRY NOT TO LAUGH CHALLENGE!,,family,0.1789602,1,D4,0.6
FFs9bQeaic4,Nobody Was Safe!,,family,0.14493778,2,D4,0.7
_XoCSpv00B0,BABY ALMOST CRAWLS!,,family,0.34483427,1,D4,0.8
a00zbS24dfE,How I Put My Kids To Sleep,,family,0.24133575,1,D4,0.8
px9hztlu8jg,We Caught A Snake In Our Backyard!,,family,0.12041036,2,"D3,D4",0.7
lZ_1Nvfhy8M,making major changes,,family,-0.05859981,0,D0,0.9
zkGrxjsEyHg,This Was His Ex Girlfriend,,family,0.14656416,0,D0,0.9
WxyfFlciwXI,"she's re-decorating again, making the best dinner ever + magnolia is rolling over!🥺",,family,-0.04140535,1,D4,0.8
QI3F0TRB6KE,Well that didn’t last long.. #shorts,,family,0.10679343,0,D0,0.9
eFdyItNGgp8,Baby Falls Into Hot Tub Quick Reaction By Mom!,,family,0.28372264,3,"D1,D3,D4",0.8
fG16OX6uYrM,BEACH DAY!,,family,-0.07527045,0,D0,0.9
FSwF9ZiYaVw,after four boys we're having a...💙💗,,family,0.09965589,1,D4,0.8
D6pLcMrQEU0,"The ""Mr. Squirmy"" Show | Episode Two",,family,0.054999944,1,D4,0.8
sRK-nVK55GE,BABY V.S BALLOON!,,family,0.13456848,2,"D4,D5",0.7
jRyN-1CxayU,BRAND NEW HOUSE TOUR!!!,,family,-0.13835847,0,D0,0.9
8LWobFWuGbc,| Noah gets an ear ring ~ Gacha life |,,family,0.024055494,1,D4,0.7
75VHfV3Y8Bk,STOP AMARIAMGST!,,family,0.18261646,2,"D1,D4",0.6
axHot1FvcYc,AMARI IS MEAN,,family,0.050394077,2,"D1,D4",0.6
K9SY6_KtX3k,STRANDED IN THE MIDDLE OF NO WHERE,,family,0.075559266,3,"D3,D1",0.7
UY_nyxiZ7-Y,EATING FOR 24 HOURS STRAIGHT,,family,0.090799764,1,D4,0.7
IwMaayWDVzQ,SAYING YES TO MY ROOMMATES FOR A DAY...,,family,0.10996213,1,D4,0.7
BBM_73kDdL4,NEW HOUSE REVEAL🏡,,family,-0.057854712,0,D0,0.9
BTK3U2E3-DE,BEST GIFT EVER 🎁,,family,-0.07313475,1,D4,0.8
D8-1LaXZNkw,EUROPE CHANGED ME... (not in a good way),,family,0.039667897,1,D4,0.7
50TruoKcEeU,BEST NIGHT OF MY LIFE.,,family,0.04504147,1,D4,0.7
xQbgg9_nNi8,what it’s like being a female,,family,0.05661166,1,D4,0.7
6NpTJkuTWJY,BECOMING BILLIE EILISH FOR A DAY,,family,0.048334382,2,"D4,D5",0.6
tlEpy2rTIvc,MY FRIENDS KEPT ME ALIVE,,family,0.14932913,2,"D1,D4",0.6
rkBbQzgu8Vg,if days of the week were real people,,family,0.031334836,1,D4,0.8
JUOWJVD-WZ4,SURPRISING YOUTUBERS WITH BAD PRESENTS!,,family,0.13523728,2,"D4,D5",0.6
fPL-jWfPUD0,SURVIVING LIVING IN A VAN,,family,0.04783182,1,D4,0.7
O_YBwfAV4yw,I Lived in the World’s Smallest Car,,family,0.12696664,1,D4,0.7
H91BwiBGrrQ,GRANDMA'S REACTION MADE ME CRY!!,,family,0.195725,2,"D1,D4",0.8
YfuDoFB1HEg,MY RED CARPET DRESS📸,,family,0.16279791,1,D4,0.7
uEeEjoz8BYo,POSTING A TIKTOK EVERY HOUR FOR 24 HOURS (part 2),,family,0.09426012,1,D4,0.7
-YajYIC3YUY,HER FIRST TIME ON THE FREEWAY!!,,family,0.11147902,3,"D3,D1",0.8
Ze0IUoOK5xg,how i spent my birthday!!🥳,,family,0.029712064,1,D4,0.7
O1uPiL-szPw,BARBIE RUINED OUR LIVES.,,family,0.254036,2,"D1,D4",0.7
2dtLwmyi3Gk,The TRUTH - HONEST Life Update **Emotional News** 💔| Piper Rockelle,,family,0.109052055,3,"D1,D4",0.8
4C6t9fqv8q0,SAYING GOODBYE TO MY NEW HOUSE **emotional**💔| Piper Rockelle,,family,0.04949648,3,"D1,D4",0.8
INVCS1iOx1M,I Can’t Wait For Prom💜,,family,0.013703406,1,D4,0.7
9deX4U0qHiw,"Last To Stop Being A Mermaid Wins $10,000 **SWIMMING POOL CHALLENGE**🧜‍♀️✨| Piper Rockelle",,family,0.07425518,3,"D3,D4,D5",0.8
_6YJTkWpjGQ,I CANT BELIEVE THIS HAPPENED TO ME,,family,0.26818064,2,D4,0.8
6hGJaK7PeKY,When he tries to act like he’s my dad…🤮,,family,0.21745999,2,D4,0.8
GJjxcGNNy0A,"Firing my Camera Man, Then Surprising Him With a New Car! **EMOTIONAL**🚘💔 | Piper Rockelle",,family,0.24414702,3,"D1,D4",0.85
sD_Sxkzd-Vg,Confronting my Friends about Things They Didn’t Do! **THEY CRIED**😳| Piper Rockelle,,family,0.1894511,3,"D1,D4",0.85
WKzvPdseKao,WHO IS THE BEST COUPLE?!💋| Piper Rockelle,,family,-0.113960296,1,D4,0.7
9a0NaMazbEY,A DAY IN MY LIFE But in Alphabetical Order,,family,0.01238229,0,D0,0.95
k8OlEnDDiyQ,"WHAT I GOT FOR CHRISTMAS! 2018 **James Charles, Apple, Forever 21**🎁 | Piper Rockelle",,family,-0.0329875,1,D4,0.7
7AFGRJYKI9s,I BOUGHT A FARM 🐷🚜,,family,-0.010699403,0,D0,0.95
f0SXaaRlS1I,My Face Is UGLY? #shorts,,family,0.17175594,2,"D1,D4",0.8
iGdRH-ZAJTs,You now what? Imma go take a nap,,family,0.17273673,0,D0,0.95
Rwgas5HNJl0,Telling My Boyfriend I Need SURGERY **EMOTIONAL REACTION**💉💔| Piper Rockelle,,family,0.26153606,3,"D1,D4",0.8
K_zAO5B2BG4,WE GOT IN A FIGHT OVER A BOY,,family,0.25635263,2,D4,0.7
cIOieRgBsFQ,I Can’t Believe Someone Did This To My House **Not A Prank**🏡💔| Piper Rockelle,,family,0.3278246,2,D4,0.7
-pJNFBaUK2M,Grandpa REACTS to FASHION NOVA Outfits **Who Wore It Better CHALLENGE**🔥| Piper Rockelle,,family,0.03219408,1,D4,0.6
nFqa-lAKtuc,PING PONG TICTACTOE ❌⭕ #shorts,,family,0.00044652354,0,D0,0.9
ZGUbUZho6xA,WHAT'S THE BEST PUMPKIN SPICE SNACK?? 🎃,,family,-0.017306842,0,D0,0.9
FBLB8uouE-w,Maddie’s First Date with Ex Boyfriend Crush! (Kiss Gone Wrong) | Rebecca Zamolo,,family,0.010753516,3,"D1,D4",0.8
w7Oepet-2go,RECREATING OUR CRINGY MUSICAL.LYS! Girls vs Boys Challenge,,family,0.012707628,1,D4,0.6
-ITaJe3InWU,Worst Nightmare Before Christmas Surprise Party!  Rebecca Zamolo,,family,0.059810642,1,D4,0.6
PYrteiZ_WPs,I Built a SECRET Room in A Mall!,,family,0.13485157,1,D4,0.6
39qKNDWIbLM,THE CLOTHES SWAP CHALLENGE!!,,family,0.01946901,1,D4,0.8
cCjtnPYxp4Q,Is True Love Real? Bridgerton Challenge,,family,0.032537177,1,D4,0.7
mgmuutHEvUI,We Turned Our House into Candyland for 24 Hours | Rebecca Zamolo,,family,0.057919495,1,D4,0.8
og9AALpsmmE,SURVIVING 50 Hours On a Power Pony,,family,-0.0050015505,2,"D3,D4",0.7
GnUmMz_Iv0I,EAT IT OR WEAR IT CHALLENGE!,,family,0.13513348,2,"D3,D4",0.7
4eHUYXP0pxg,GIANT GUMMY & SLIME VS FRUIT NINJA!,,family,0.061755028,1,D4,0.8
OekCgirUjfs,Surprising Our Daughter with New Baby,,family,0.22433436,3,"D2,D5",0.8
WdIi7-lzA4c,Try Not To Water Slide Through The Wrong MYSTERY BOX! (you decide),,family,0.15705107,2,"D3,D4",0.7
74HF6jxxexc,Daughter Walks for First Time *emotional*,,family,0.22306958,3,"D1,D2,D5",0.8
Bj1Qhr-W0mE,I Built a Secret Room inside a Gymnastics Gym,,family,0.10709968,1,D4,0.7
UDKql3TKV4E,SURPRISE WEDDING!,,family,-0.123116545,1,D4,0.8
IJHP8FKnV64,I Built a Secret Pool in My Daughter's Room,,family,0.20676288,2,"D2,D4",0.7
kQIyXBuKWOs,My Daughter Goes Swimming For First Time (Emotional),,family,0.10916461,2,"D1,D4",0.7
awLkpLHFpZM,Ultimate Holiday Gymnastics Challenge with Shawn Johnson! (Gymnast vs Olympian),,family,-0.033021472,1,D4,0.8
tLtsKKO35io,GIANT UNO GAME IN REAL LIFE - Rebecca Zamolo,,family,0.049212806,1,D4,0.8
a8Da_CoUtCw,GAME MASTER FACE REVEAL after Battle Royale in Real Life (Learn how to use Lightsaber with new mask),,family,0.1335099,2,"D4,D2",0.7
a0aDQkIUf-U,Ryan's Halloween Funny Stories and Challenges for kids!,,family,0.06272241,2,D4,0.7
BXbdfSA6Gkg,When Robots Invade Ryans World! #shortsvideo #shorts,,family,0.13817559,1,D4,0.8
Mf4ogZhdpF4,Mom VS Dad Draw Each Other!,,family,0.050809093,1,D4,0.8
RSkrjabpxgI,Ryan Pretend Play with Combo Panda Airplane Toys!!!,,family,0.11374639,1,"D4,D5",0.7
7p0rSJBZsjk,Pretend Play Food Toys Cooking Truck with Ryan ToysReview,,family,0.13890454,1,D4,0.8
p69OwB6QlrE,New Ryan's World Egg at Walmart!,,family,0.030580256,2,"D4,D5",0.85
lSQ0t49rRBk,Bunch O Balloons Water Fight Ryan vs Mommy in Kiddie Pool!,,family,0.13665545,1,D4,0.8
SKC_JEnsMGE,Ryan Plays Giant Chess Board Game!,,family,0.06345412,1,D4,0.8
M3eCTPeQBLo,TOY HUNT at Toys R Us for Paw Patrol and more!,,family,0.06992529,2,"D4,D5",0.85
KEIwSslNoDc,Ryan doing Kamp Koral Spongebob's Under Years Challenge!!!,,family,0.060076673,2,"D4,D5",0.85
2HACr_4jxnw,Zaidee Sneaks Past the WORLD'S STRICTEST HALL MONITOR!,,family,0.1759249,3,"D1,D4",0.7
W2-bQZFYOuM,Box Fort Nerf Challenge Toys with Ryan and Daddy!,,family,0.08571738,1,D4,0.8
qkd3hX_4iXo,Ryan Pretend Play Trick or Treating for Halloween!!!,,family,0.1643263,1,D4,0.8
2zqZSe6Mq2s,Ryan Reveals His  BEST DIY Halloween Costumes!,,family,0.104326785,1,D4,0.8
G0Mym2a24W0,Ryan Pretend Play with School Bus Box Fort!,,family,0.13390163,1,D4,0.8
jC1yrpd2yQc,Kids Strawberry Picking at the Farm! Family Fun Kids Play Area with Giant Slides Children Activities,,family,-0.06908929,1,D4,0.8
KcgYqmpIaw0,Surprise Toys in Candy with Paw Patrol and Disney Cars,,family,0.08023636,2,"D4,D5",0.7
0sz85tJ_tlc,Legoland Playground for kids and Fun Amusement Rides!!!!,,family,0.0065448135,1,D4,0.8
r2splHEQRK8,Ryan Learn Colors with Giant Crayons in the Christmas Box Fort Maze with Santa Claus!,,family,0.02231998,2,"D4,D5",0.7
Tldlt2RhrDw,GIANT Lightning McQueen Egg Surprise with 100+ Disney Cars Toys,,family,0.055480257,2,"D4,D5",0.7
H18cK_-PPm8,😍BRANSON'S MORNING ROUTINE!!,,family,0.040057488,3,"D2,D4",0.7
2RuxMNp_JEY,Baldi’s Basics In REAL LIFE The MOVIE!! THE TANNERITES,,family,-0.0269652,0,D0,0.9
4x-20u2cv_M,Willy Wonka SAVES SchooL Bus ChocolatE StoRe From Sneaky ImpoSteR!,,family,0.1535782,0,D0,0.9
Iu5VJg9t0I0,TONS OF WATER BALLOONS!!,,family,0.07438069,1,D4,0.8
xLWUH8E-iSo,Hello Neighbor Takes 12 Diamonds!,,family,-0.038518216,0,D0,0.9
CeiIaSRpHaw,🤗 SHE GOT THE PART!! | SCHOOL NIGHT TIME ROUTINE!,,family,0.067327365,1,D4,0.8
b_gwjpMwEKk,HAVING ANOTHER BABY??,,family,0.117666095,1,D4,0.7
a2t6kqSSHkk,WHY HOME SCHOOL??,,family,0.014048306,0,D0,0.9
vmoFfNgL3Lo,Sad Birthday for Lizzy! Brother won't Play With Me On My Birthday!,,family,0.044641092,3,"D1,D4",0.85
Znr3t6RZnEM,We mad a HUGE BLANKET FORT! 🎉,,family,0.06963662,0,D0,0.9
3md19aIVs2Y,RIDE BROKE DOWN!! MYSTERY MONDAY!!,,family,0.02917811,1,D4,0.7
2IcbYz9Cdr0,💃I Have too much going on!!👯,,family,0.11245525,0,D0,0.9
WORSk_RzfYE,My SiSter Is A LaVa RoBot! EscApe The Floor Is Lava With Gold Lamp!,,family,0.083813965,1,D4,0.7
P0XyzFKrwzU,Doctor ViSit To Help BaBy Stop Crying!,,family,0.3252778,2,"D1,D3",0.75
1ycAD_rFYlY,GROUNDED FROM TWO PHONES! | SHE SNUCK AND USED IT!!,,family,0.19967407,2,"D1,D4",0.8
8nlZDwR2tOE,SECRET Mafia At Hello Neighbor HOUSE! Hello Neighbor and Mafia VS Tannerites Family!,,family,-0.046044316,1,D4,0.7
J9gX-TFGK-c,Pause Challenge in the Arcade for 24 Hours!,,family,0.12949067,1,D4,0.7
rY4-yzhoHVI,I CAN MAKE YOUR HANDS CLAP!,,family,0.037777275,0,D0,0.9
CF_UPlnfKtU,HELP.....EscApe The MonSter UndeR My Bed!,,family,0.28336224,2,"D1,D4",0.8
-NXeyYarSx0,House Tour!!! 🏡,,family,-0.14856175,0,D0,0.9
qrLGrX-tvrk,2023 summit cheer competition in Florida | #shorts,,family,-0.020479951,0,D0,0.9
UIsq54opvg8,Who knew Kesley could sing | The LeRoys,,family,0.013807876,0,D0,0.9
zHAsF9ahm-4,FIRST DAY OF SCHOOL | THE LEROYS,,family,-0.1162146,0,D0,0.9
W62ptdrdHHU,They were fascinated by the rearview camera on the car 😂 #shorts,,family,0.13664258,0,D0,0.9
u-LK-2wy0yk,I’M SORRY I PRANKED YOU  KESLEY | THE LEROYS,,family,0.19152124,2,D4,0.8
uMbEDnp0xdU,Emotional Day | Little Sister Surprises Big Sister | The LeRoys #shorts,,family,-0.052917786,2,"D1,D4",0.7
vZG2HztMuyo,Reese And Perri Get Their First iPhone | The LeRoys,,family,0.07127495,1,D4,0.8
TZua47MmLHU,Happy 16th Birthday Reese | Officially 16 | Birthday Morning Tradition,,family,-0.036313996,1,D4,0.9
pClV7-H2IYc,She  broke her curfew | The LeRoys,,family,0.12794605,2,"D1,D4",0.7
Na3HAyVT47Y,Third wheeling And A Spa Day  | The LeRoys,,family,-0.17449689,1,D4,0.9
CgaLCDcMk-s,Please Check Me Out of School 🙈 | Kesley’s Big Move | Reese Babysitting!,,family,0.044980627,3,"D1,D4",0.8
48pJR3Kdx2A,First Day Practicing With Their  New Cheer Teams | Private Tumbling Lessons | The LeRoys,,family,-0.056997318,1,D4,0.9
z4Fr_6tA5gc,MOM YOU DIDN'T TELL ME I HAD SCHOOL PICTURES TODAY!!!,,family,0.14168505,2,"D1,D4",0.7
7dx4Bx6RjI4,CHECKING HER OUT OF SCHOOL FOR HER BIRTHDAY  | THE LEROYS,,family,-0.026763488,1,D4,0.9
3xUsw6UONQE,CUTE BOYS AT MY NEW SCHOOL | THE LEROYS,,family,-0.022101462,1,D4,0.8
9umMA4uHv4A,What's Wrong Kesley | This Solves All Your Problems | The LeRoys,,family,0.051693507,2,"D1,D4",0.7
GSEm5n1xKco,KESLEY SAVES THE DAY | THE LEROYS,,family,0.02329097,1,D4,0.8
2Ru3Dza2Zzs,Kesley Goes To Her  Last High School Homecoming Dance | The LeRoys,,family,-0.014365949,1,D4,0.8
fjw99zPpavE,THE TRUTH | Q & A,,family,0.04354973,0,D0,0.9
H1cv1ULH53U,Rhett is Turning 17 | Pumpkin Painting | The LeRoys,,family,0.07277016,0,D0,0.9
mJa4Ofq9M1M,BABIES IN THE BATH!,,family,0.15792038,3,"D2,D4,D5",0.8
n-d-6a3xN4U,NOBODY'S PERFECT!,,family,0.055398528,1,D4,0.7
PY2tXCDOEEo,FUN FAMILY DAY!,,family,-0.20233233,0,D0,0.9
pqpvy9ud2Xg,A SPECIAL DAY!,,family,-0.010971978,0,D0,0.9
R3PmpMfhfKI,I PUSHED THE BUTTON (something crazy happened),,family,0.2785716,2,D4,0.8
QVhQm72uCGQ,Will all the kids fit in the new baby stroller?,,family,-0.030005919,1,D4,0.7
BBziy-2HUPA,SHE LEFT ME!,,family,0.167795,3,"D1,D4",0.85
Lv9hNWyT6ns,BABY WANTS TO LOOK AFTER BABY!,,family,0.30399662,1,D4,0.7
5vbA5QlmBAo,FITTING INTO SKINNY JEANS!,,family,0.112727925,1,D4,0.7
TwRVDK-2GVs,THE POSITION OF FUN - DAY 163,,family,0.0021409057,1,D4,0.7
kh1xCEw4cdE,EATING DOG FOOD!,,family,0.09618339,2,D4,0.75
R5ExBQCvcVI,PREGNANCY PAINS!,,family,0.089888245,2,"D1,D4",0.8
9hF7aInU3aE,SAYING GOODBYE!,,family,0.044868127,3,"D1,D4",0.85
_fIgWVxp9Ts,FEELING SO BAD!,,family,0.08845721,3,"D1,D4",0.85
QbPApvkL6QA,Baby's first crawl,,family,0.252913,1,D1,0.8
ZOv0C1uljfY,NEW HOUSE SHOPPING WITH NO BUDGET!!,,family,-0.09648357,0,D0,0.9
n_rmELln69s,BOY VS GIRL!,,family,0.135523,2,D4,0.7
gTabB4ek3vY,Baby Keeps Kissing the Dogs,,family,0.18728516,1,D0,0.9
bnMoXkNbkPo,EMOTIONAL REUNION!,,family,-0.08405495,2,"D1,D4",0.8
LEnc2SSEjlQ,PACKING UP THE HOUSE TO MOVE!,,family,0.10571781,0,D0,0.9
Bh9NHbiwmP0,Assistant Teaches Big Billy how to Trick or Treat for Halloween,,family,0.12696001,2,D4,0.7
3TK9TEdRhJE,Exploring the Lion Guard Training Lair,,family,0.0004248768,0,D0,0.9
K6Z-9KrYaEw,Exploring the Paw Patrol Lookout Tower,,family,-0.06814059,0,D0,0.9
-WZM3DzHCCM,Mickey Mouse Parody with The Engineering Family and  Car Toys,,family,0.0183684,1,D4,0.8
3ZHvWyjtQFo,Paw Patrol and Mickey Mouse help a Friend in this Video Parody,,family,0.15254036,1,D4,0.8
Se8alAMhAFY,RAPUNZEL MAGICLIP  Royal Carriage Tangled Video Review,,family,0.10435572,1,D4,0.8
exhtV2osxv0,Assistant Fruit Taste Challenge with Her Funny Dogs Wiggles Waggles & Waffles #FamilyFun #FunnyDogs,,family,0.08006599,2,"D4,D5",0.7
67gyxakiZwY,The Assistant Plays with a Jack in the Box surprise with Mickey Mouse,,family,0.083373226,2,"D4,D5",0.7
GGZ06wegSxE,PLAY-DOH Tutorial How to Make Princess Bed,,family,0.06429925,1,D4,0.8
1BT77oJu7b0,The Assistant Tricks  Scooby Do in Pretend Mystery House Toy Parody,,family,0.21697015,2,"D4,D5",0.7
7LyhdVa2XWg,Assistant Crafts a DIY Moana Snowglobe with Pua and Hei Hei #FamnilyFun #DIYCraft #moana2,,family,0.039762437,2,"D4,D5",0.7
jOa8PzVcRnE,Opening Paw Patrol and Frozen Toys and Surprise Eggs with the Assistant,,family,0.11660062,2,"D4,D5",0.7
2CEnOGpuY5A,PRINCESS PLAY DOH Design a Dress Ballroom Play Doh Toy Review,,family,0.0566032,1,D4,0.8
yd5y0zmCQhE,Assistant Saves Paw Patrol on the Bounce House Slide,,family,0.1231811,3,"D3,D4",0.6
JwOGx5fGIDw,Assistant Starts Her A Baby Shark School at the Super Bubble Shark tank,,family,0.12439585,1,D4,0.8
pd6KRGEZm7I,Opening  Mickey Mouse Giant Surprise Eggs with Sheriff Callie Toys,,family,0.051337905,1,D4,0.8
Y12QIiidW8g,Assistant Hunts for Paw Patrol Mighty Pups Movie Character Skye & Chase,,family,0.10800318,1,D4,0.8
7IQ5un3PVtw,Assistant and Waffles Explore the Jungle and Adventure Bay in Paw Partrol World,,family,-0.0820793,1,D4,0.8
OHVq_XxdLjI,Assistant Creates a Neon Pet with Mr Engineer in Roblox Adopt Me,,family,0.16273272,1,D4,0.8
Qvo4k1MpEow,Assistant and PJ Masks Challenge Onward Wizard in Magic Competition,,family,0.03579673,1,D4,0.8
H2EGnKss5eM,OPENING DAY 13 of our ADVENT CALENDARS!🎄#shorts #christmas,,family,-0.13159469,1,D4,0.7
ZPCO-jZuoJ4,Me Taking Off Literally Anything #shorts,,family,0.16633397,0,D0,0.9
oBg3MpP26rQ,TIME FOR DINNER | BLUE APRON UNBOXING & REVIEW | THE WEISS LIFE,,family,-0.025151968,0,D0,0.9
XiaAMc7Fhew,BABY'S FIRST BUILD A BEAR!,,family,0.1795587,1,D4,0.7
NMcACiVbbm8,SWIM SUIT SHOPPING WITH MY MOM | TEEN SWIM SUITS,,family,-0.004553128,2,"D2,D4",0.8
g0Wjrll1U8Y,OUR FAMILY HALLOWEEN COSTUME REVEAL!🎃👻 #shorts #halloween,,family,0.03310538,1,D4,0.9
3zg5RKCycHs,PLAY DOH FUN!,,family,0.049681343,0,D0,0.95
5pGeMTE4nn8,SURPRISE! We Bought A NEW Family CAR!,,family,-0.055244397,0,D0,0.95
J3j4ohJZG-c,DRESSING UP to go see CORALINE!🧵🪡🐈‍⬛ #shorts,,family,0.03717318,1,D4,0.85
6ZyU00put0o,When you call your dad “bro”!😱 #shorts,,family,0.09375918,1,D4,0.85
dOyHFuftIn4,DISNEY PRINCESS MAKEOVER AT DISNEYLAND! BIBBIDI BOBBIDI BOUTIQUE,,family,-0.07035636,2,"D2,D4",0.8
N_LtplhpVuk,"GYMNASTICS CLASS, LOSING A TOOTH & BUYING ADULT DIAPERS?!?",,family,0.09300216,3,"D1,D4",0.75
z7uR53oCYjw,SHE STARTED TALKING! | FAMILY VLOG,,family,-0.031782195,1,D4,0.9
ZoFzVH0CiW0,When your teen LOVES Halloween a little too much!🎃🤣 #shorts,,family,0.122880675,2,"D1,D4",0.8
Dqo89D5bGgY,Easter Egg Accident | Family Vlog,,family,0.10060547,2,D4,0.8
qO-j1Lnrqsw,Our 6 Kids THEN vs NOW Trend!😱 #shorts,,family,0.11137311,2,"D4,D5",0.85
9OSCyZpF2jk,HUGE BLACK FRIDAY SHOPPING TRIP 2017!,,family,-0.105042905,0,D0,0.95
AYDjZ3ljxB4,Our SECRET SISTER HANDSHAKE!🤝💕👀 #shorts,,family,-0.03224399,1,D4,0.7
jbsgtpsmDsA,MAKING A TEEN PERIOD KIT WITH MY MOM! | FIRST PERIOD HACKS!,,family,0.057774723,3,"D1,D4",0.75
ADvgdoHfeVA,Gretchen's BIRTHDAY Morning OPENING PRESENTS!,,family,-0.07793124,1,D4,0.7
DWeQKYGr6tA,Chris and the Boo Boo story for kids,,family,0.108295545,1,D1,0.7
w-FcV49IHs0,Vlad and Niki - Story about Friendship at school,,family,0.0067912266,1,D0,0.8
EuJDVKMCQQc,Nikita play with Hot Wheels Monster Truck,,family,0.112541996,1,D0,0.8
Oyxzt-aYwsM,Vlad and Chris learn to share toys playing with Hot Wheels RC Monster Trucks,,family,-0.011665736,1,D0,0.8
kSkQgzUadas,Vlad and Niki have revealed the terrible secret under the bed,,family,0.19864762,3,"D1,D4",0.8
psd4r8B89N4,Vlad and Niki Cube Challenge and funny kids stories with Baby Chris,,family,0.1419305,1,D1,0.9
r7zK478BZzA,Vlad collects everything by color for the game room,,family,0.034663852,1,D1,0.9
X5HIBMbgnuo,Vlad and Nikita pretend play with toy car from balloons,,family,0.12508972,1,D1,0.9
Z04t6OjPyYY,Vlad and Nikita superheroes vending machine kids toy story,,family,0.18783507,1,D1,0.9
Hqj-cY37SlI,Vlad and Niki Useful stories about taking care of your health and rules for kids,,family,0.10696272,0,D0,0.95
7Fyxsu0M7oI,Chris celebrates his 4th birthday with friends,,family,-0.0042615943,1,D1,0.9
MSGSE73ekv0,Vlad and Niki - Hardworking Mother Story,,family,0.07925851,2,"D4,D5",0.7
k7DBWYjFAo0,Vlad opens his own Channel #shorts,,family,0.14067686,1,D4,0.8
jS8n95E94wo,Vlad and Chris help Batman and Superman save the Batcave,,family,-0.009973542,1,D1,0.9
SQlmptNta8c,Alice learns to choose healthy food,,family,-0.006950032,1,D4,0.8
KqLJ3hWZExM,Baby Chris and his travels all over the world with family | Compilation video,,family,-0.0067790877,2,"D4,D5",0.7
dFP-7w30IOs,Cardboard school Adventures with Alice,,family,0.0050618835,1,D4,0.8
Bi1TH6xU0YU,Vlad and Niki play with Baby Chris | Funny videos for children,,family,0.09274715,2,"D4,D5",0.7
HYc2Nz7KIMM,Chris learns how to make paper planes,,family,-0.00218362,1,D4,0.8
gcdZPprXMWQ,Vlad and Niki bake Christmas cookies,,family,-0.0700126,1,D4,0.8
gx3fH2-FiCo,something i've been holding back,caseyneistat,adult,0.109211616,0,D0,0.9
Q4moa77uxPA,3500 Calorie Diet || What I Eat in a Day To Stay Single Digit Bodyfat,gregdoucette,adult,-0.06021995,0,D0,0.9
XXLAYQTW_dE,Sennheiser OCX 686G SPORTS - Perfect In-ears for Runners?,linustechtips,adult,-0.059596915,0,D0,0.9
wFBa4O5RSsY,Resident Evil 7 - Part 6 - THE CRINGE FROM THIS GUY..,pewdiepie,adult,0.14759308,0,D0,0.9
VrjFsu_vlBw,DANGEROUS WHATS IN MY MOUTH CHALLENGE!,unspeakable,adult,0.19439074,0,D0,0.95
RWKHsE_LCbo,AMAZING FREE INDIE HORROR! - Kraven Manor (1),pewdiepie,adult,0.026374543,0,D0,0.95
ftqaMBDj2oY,The Essential Phone Review: Save Your Money!,mkbhd,adult,0.06707372,0,D0,0.95
r_1dwua3B1g,YOU’LL NEVER GUESS WHAT THIS PRODUCT IS…,jamescharles,adult,0.10231122,0,D0,0.9
A2t5oZCXEKs,BAD FOR JACK | The Forest - Part 14,jacksepticeye,adult,0.08697666,0,D0,0.9
oNu2nTAduDA,I Trapped Someone in Minecraft for 100 Days.. and this Happened  - Part 46,pewdiepie,adult,0.2977541,0,D0,0.9
Gv4MBQrO7ps,Fish Porridge and Refreshing Mountain Vegetables (Day 15),markwiens,adult,-0.05871176,0,D0,0.95
yHn0oQfcRwU,This video is mildly infuriating...😡😡😡😡😡😡😡😡😡😡😡,pewdiepie,adult,0.18318677,0,D0,0.9
mdt-Rad4Br0,Why National Parks Can’t Figure Out What To Do With Your Poop,halfasinteresting,adult,0.08861868,0,D0,0.95
eIs1u5MAel4,How to actually exercise consistently 🏃‍♀️,aliabdaal,adult,-0.00077238306,0,D0,0.95
5dMaS9zncaI,I'M A CAR!,pewdiepie,adult,0.11097455,0,D0,0.95
SOp-SlS3_YY,HORRIBLE UNENDING BLOODY DEATH AWAITS!! | Bloody Trapland,markiplier,adult,0.13509753,0,D0,0.95
Ri5ddU6FN_Q,So I guess this is goodbye...,peterMcKinnon,adult,0.07740952,0,D0,0.95
O5-oM8BJMAc,SCP Containment Breach | Part 27 | NO ESCAPE!!,markiplier,adult,0.12445522,0,D0,0.95
5nZxIXyjyEo,Protect waman at all cost!  - /r/whiteknighting/ #25 [REDDIT REVIEW],pewdiepie,adult,0.19724956,0,D0,0.95
NtX-Ibi21tU,The Five Rules of Risk,wendover,adult,0.034649663,0,D0,0.95
wpf0uR2k1-w,STUCK IN THE STORM... we need to talk.,nikkietutorials,adult,-0.005475127,0,D0,0.95
V9dqw_RnY8I,Things That Sound Like MUSIC (w/ Boyinaband),roomieofficial,adult,0.06419702,0,D0,0.95
XiGaXVJHwhc,How to ‘Read’ 1000 Books a Year,aliabdaal,adult,-0.17154714,0,D0,0.95
dUV_ks4WH5A,Most UNIQUE Vietnamese Food in HANOI - BANH PHO TOUR!,sonnysidevlog,adult,-0.11532735,0,D0,0.95
dmwgv_HGfeY,Not Even GigaChad Can Get Girls On Tinder,gregdoucette,adult,0.106582806,0,D0,0.9
EiR2eV71hZo,ShamWow Unboxing & Test Linus Tech Tips,linustechtips,adult,0.10692908,0,D0,0.9
P6B_uE-mYDQ,Smartest Robot Vacuum EVER,mrwhosetheboss,adult,0.07895492,0,D0,0.9
qYKM60tq5WE,"I ONLY Take ""Test, Tren, Mast, Var, Sdrol, Winni....""",gregdoucette,adult,-0.020265581,0,D0,0.9
ZGy2kkWOxig,The Compensation PC - Looking at the NDT Extreme,linustechtips,adult,0.065929025,0,D0,0.9
OKoX7zYJUvM,YOU WILL LEARN... | Ring Academy,markiplier,adult,-0.061520636,0,D0,0.9
BuQMWxYEwAA,YOU CAN'T HIDE FROM BIGFOOT!! | Finding Bigfoot #2,markiplier,adult,0.16905329,0,D0,0.9
XCBSLbc0ACs,FLYING TO OUR 97th COUNTRY (Bangkok to Bangladesh),kara_and_nate,adult,-0.062383026,0,D0,0.9
UsrDJcW6d1Y,SHE WAS OVERREACTING!! | David Dobrik,daviddobrik,adult,0.15186304,1,D4,0.8
Nx8LihqAw3Q,Gonna get me some of my own soon...,jakepaul,adult,0.047195386,1,D4,0.8
urCR5wuNtro,Poisonous | Part 3 | MAKING BACON,markiplier,adult,0.1159192,0,D0,0.95
Jtols_QhuWw,FIRING 1000 ROCKETS AT 1000 ROCKETS,colinfurze,adult,-0.027003616,0,D0,0.95
lAvcjCz6kW8,Q & A || Answering Your MOST Common Questions + Why I took Down My Fake Book Video ???,gregdoucette,adult,0.18336283,0,D0,0.95
fYEIYaRl2eg,SP Chicken (SP ไก่ย่าง) - Delicious Restaurant in Chiang Mai,markwiens,adult,-0.06727189,0,D0,0.95
iRhv_NPP1hQ,SURPRISE SYRIAN MEAL (in South Dakota!),drewbinsky,adult,-0.056656852,0,D0,0.95
k5-QN35AJq0,Why I’m giving 10% of my income to charity (forever),aliabdaal,adult,0.10193221,0,D0,0.95
VTtU37jl3PU,EVERYTHING GOES WRONG | Nether Gameplay #2,markiplier,adult,0.040401842,0,D0,0.95
u-eQ6ITBVcg,Broke My iPhone 6S Again,caseyneistat,adult,0.1423038,0,D0,0.95
oU88-BLmcmY,The Not-So-Simple Process of Deciphering Hieroglyphs,halfasinteresting,adult,-0.04675229,0,D0,0.95
kKnxcvNqrCo,How To Make a #1 Song - WITHOUT TALENT,roomieofficial,adult,0.024160583,0,D0,0.95
2rHEyMr78vg,CANCEL BREAD #90[REDDIT REVIEW],pewdiepie,adult,0.16198754,0,D0,0.9
PKZeeoTTCXc,Ground Up 016 - Become a Better Storyteller w/ Vice's Antonia Hylton,mattdavella,adult,0.010247933,0,D0,0.9
kfzPy8sgHdY,Caught Looking || Who's The Creep?,gregdoucette,adult,0.17988274,0,D0,0.9
S6Y90aRIfwY,7 Days (2) - SHE'S COMING!,pewdiepie,adult,0.08897824,0,D0,0.9
YXAHazkta7w,The WORST Thing That's Ever Happened To Me In Minecraft - Part 7,jacksepticeye,adult,0.2932433,0,D0,0.9
mYb5tDoyX_Y,Zion Williamson - Did He Put On 8 POUNDS Of Muscle In A Week? Is This Possible And Is He NATURAL?,gregdoucette,adult,0.12967741,0,D0,0.9
VmIPozPfYcU,Busted Elbow,peterMcKinnon,adult,0.15619892,0,D0,0.9
1MReGCCaVkQ,Visioneer Mobility Cordless Portable Scanner RE-UNBOXING & Second Look Linus Tech Tips,linustechtips,adult,0.031828664,0,D0,0.9
45RcqjKBo2A,ROBOT WARS | Terra Tech #1,jacksepticeye,adult,-0.03095951,0,D0,0.9
fC5nkdHV2b8,Can You Understand Pidgin English? (Gabon),drewbinsky,adult,-0.09853907,0,D0,0.9
z2Ia5FOschc,EXPERIENCE TRANQUILITY | Fusion Point,jacksepticeye,adult,-0.075825036,0,D0,0.95
FB5v-LRwlPM,Zotac H55ITX-C-E LGA1156 H55 Core i5 ITX Motherboard Unboxing & First Look Linus Tech Tips,linustechtips,adult,0.025458861,0,D0,0.95
e_k22BUEaUE,Cyndago Collaboration,markiplier,adult,-0.17527334,0,D0,0.9
Df_hhk0abgE,The Fake Neighborhoods on Google Maps,halfasinteresting,adult,0.08782998,0,D0,0.9
Tl26mOWJwcA,This Video Will Restore Your Faith in Humanity,drewbinsky,adult,0.13590601,0,D0,0.9
dGInFxS95Qs,HALLOWEEN HIGHLIGHTERS!! Review & Swatches | Jeffree Star,jeffreestar,adult,-0.00441039,0,D0,0.9
YyrUBJQmUGs,GoPro Hero 4: Being a Dog in 4K!,mkbhd,adult,0.12578773,0,D0,0.9
e8noOiHATPY,I FILLED MY ENTIRE POOL WITH BALL PIT BALLS...,unspeakable,adult,0.06425938,1,D4,0.8
1cutU2vm9DA,Happy Wheels Highlights #35,markiplier,adult,-0.016228551,0,D0,0.9
4QPmV4mCSF0,CHICA'S FIRST SNOW,markiplier,adult,-0.037914306,0,D0,0.9
yvLypBQrybg,I Spent 5 Weeks in IRAN. Here's What I Learned!,drewbinsky,adult,0.03154112,0,D0,0.9
FP0tYTlxzj8,Dual Boreas Frankenstein Cooler Overclocking Results Phenom II X6 1090T Linus Tech Tips,linustechtips,adult,-0.04315912,0,D0,0.9
tTtgHaCB_oU,ZAYN LEAVES ONE DIRECTION (Song),roomieofficial,adult,0.06939702,0,D0,0.9
L6Ilj1qA05A,Singers with LONG careers vs SHORT careers,roomieofficial,adult,-0.009046566,0,D0,0.9
XKDnshdvz7Y,I'M EVIL! - Lucius: Part 1 [Playthrough/Walkthrough] Gameplay,pewdiepie,adult,0.08408302,0,D0,0.9
OBSN4spKF4Q,WORLD'S CRAZIEST RUBBER BAND MACHINE GUN!,unspeakable,adult,0.22273171,0,D0,0.9
RWC4-7mialA,W,jakepaul,adult,0.06212776,0,D0,0.9
AqtGrmhio88,Luang Prabang to Vientiane to Bangkok,kara_and_nate,adult,-0.106438786,0,D0,0.9
lJYlRoZNz0k,DEMON MARIO ARRIVES | Five Nights at Wario's - Part 2,markiplier,adult,0.061507404,0,D0,0.9
Nkf0UDOAeug,8 Hours in Lufthansa's New Double Suite (Allegris First Class),kara_and_nate,adult,-0.060225934,0,D0,0.9
i2fJSQzrHsU,WHO'S YOUR DADDY? (Animated),pewdiepie,adult,0.1721323,0,D0,0.95
SqqkQBcQG0o,Thai Street Food - GRILLED CHICKEN Basin BBQ!! 🐓 🍗 Most FAMOUS Grilled Chicken in Thailand!!,markwiens,adult,-0.060791343,0,D0,0.95
-RwdnQsFsg4,Songs that shouldn't work together but do #10,roomieofficial,adult,0.047928385,0,D0,0.95
VeFRfWaqZsM,Fractal Design Node 605 Media Case Unboxing & First Look Linus Tech Tips,linustechtips,adult,0.041948367,0,D0,0.95
091cAFFqGKo,"Galaxy S4, Mega, Note 3, S4 Mini, S3 Mini - The Entire Family Interview & Comparison",linustechtips,adult,-0.039536193,0,D0,0.95
zwQd0iqvbMg,"Shredding V Shred - Extremely Good Looking, YES - But What Does He Know About Nutrition? AH ZEEEERO!",gregdoucette,adult,0.141253,0,D0,0.95
zN9I1zNKs6s,The best violin competition attire!!,twosetviolin,adult,-0.022323713,0,D0,0.95
KBhW6n9Wkbw,CHICA COMPLETES THE FAMILY... | Joy of Creation: Reborn #4,markiplier,adult,-0.10989572,0,D0,0.95
AS1m0lmtDQI,CORONAVIRUS (COVID-19) - The Basics,aliabdaal,adult,-0.030488618,0,D0,0.95
tz_Myz55PnI,Musicians in 2019 vs Musicians in 2020,twosetviolin,adult,-0.104202785,0,D0,0.95
UJmz89F_bqA,How to write a Medicine Personal Statement - 13 tips,aliabdaal,adult,-0.05520673,0,D0,0.95
G-90qEJAVkU,3D Modeling & Design – Do you REALLY need a Xeon and Quadro??,linustechtips,adult,-0.09928773,0,D0,0.95
QAtg-KAxImk,Inside the Country That Should HATE Americans!!,sonnysidevlog,adult,0.08811901,0,D0,0.9
el8eklOmQXI,THIS GAME WILL BREAK YOUR SANITY! - Dark Souls - Part 5,pewdiepie,adult,0.124377385,0,D0,0.9
JhHMJCUmq28,Quantum Computers Explained – Limits of Human Technology,kurzgesagt,adult,-0.01922109,0,D0,0.95
aOXAtnb-grk,I Found The New Biome in Minecraft! (Nether Update) - Part 41,pewdiepie,adult,0.008960916,0,D0,0.9
BgTvENNproM,WOULD YOU KILL BABY HITLER?,pewdiepie,adult,0.3169462,0,D0,0.85
pFyX7nem8ao,MSI GX660R Gaming Notebook SSD RAID Upgrade Guide Linus Tech Tips,linustechtips,adult,-0.0723943,0,D0,0.95
BZe3GZyswKU,Most Diamonds Found Wins a REAL Diamond! - Minecraft,prestonplayz,adult,0.045690343,0,D0,0.9
Sj91tSPOZ70,Why Expensive Restaurants Give Small Portions! Fine Dining Explained!!,besteverfoods,adult,-0.120905094,0,D0,0.9
wfIWTD30gCw,just a travel vlog. nothing special.,emmachamberlain,adult,0.029259954,0,D0,0.95
IZ6gVfJOPKk,RUN FOR YOUR LIFE! | ClusterTruck #1,jacksepticeye,adult,0.027865104,0,D0,0.9
vdvIY0CJaXw,Why this observatory fires lasers at satellites,tomscott,adult,0.0068222433,0,D0,0.95
WbiWGiyrGqM,Hiking Glacier National Park | PATAGONIA Day 5,kara_and_nate,adult,-0.12756503,0,D0,0.95
DdzwSM3HAuA,How BAD is a BestBuy Gaming PC?,linustechtips,adult,0.025881007,0,D0,0.95
j5lXCpxZhgs,CHEATING DEATH!,pewdiepie,adult,0.1985046,0,D0,0.9
aK7_HXaiFWA,Jesse James West || Coach Greg - Coach for a Day || First Bite!!!,gregdoucette,adult,-0.044759914,0,D0,0.9
aYs7b3mWDF0,Watch this if you think you're working too hard,aliabdaal,adult,0.13459535,0,D0,0.9
Ea4WcP3Wmk0,Catching EVERY Pokemon In 1 Hour,prestonplayz,adult,0.058804907,0,D0,0.9
wSpFAJbzHW0,13 Years Old?! Steroids Transformed Him,gregdoucette,adult,0.24691296,0,D0,0.9
Wzvr_rtI82w,The $1000 Smartphone Giveaway!,mkbhd,adult,0.03114821,0,D0,0.95
Jt_VY-1RCYE,Handy Tech Under $100 - It's all sticky ( ͡° ͜ʖ ͡°),linustechtips,adult,0.11876685,0,D0,0.95
Sk1hxCNj5zY,SILVER SABLE | Spider-Man - Part 4,jacksepticeye,adult,0.062241808,0,D0,0.95
Akd7U2qL_v0,Having a Nice Car Helps Make More Sales!,grahamstephan,adult,-0.010349128,0,D0,0.95
B2PLVAxl3Fw,Saigon HIDDEN Noodle Tour!! Must Try Before You Die!!,sonnysidevlog,adult,-0.024081837,0,D0,0.95
LWmp0FIOpmc,HARD Vs. EASY - (Fridays With PewDiePie - Part 76) (Trials Contest),pewdiepie,adult,0.042661544,0,D0,0.95
XyljwOuVWIA,Amnesia DLC: Justine Part 1 - NO ONE TOLD ME YOU CANT SAVE IN THIS GAME...,pewdiepie,adult,0.11705233,0,D0,0.95
P64vuCJjMMo,Biceps/Shoulders/Calves Day 1 of my 3 day split (How I Currently Train),gregdoucette,adult,-0.098403595,0,D0,0.95
XT80ewIiIVk,Popcorn Hour C-200 Internal Components & Features Linus Tech Tips,linustechtips,adult,-0.048981376,0,D0,0.95
yy16KFzM4XU,Why sci-fi alien planets all look the same,tomscott,adult,-0.082974516,0,D0,0.95
9bc0tPYxlak,FIRST TIME ON A BOOSTED BOARD!!,caseyneistat,adult,-0.010779632,0,D0,0.95
EZcVFeHI0I4,Thai Street Food - DINO BARBECUE at Thailand’s Extreme Food Fair!!,markwiens,adult,-0.07615127,0,D0,0.95
RddqpdzUvkQ,Markiplier: No Escape (Fan-Made Game),markiplier,adult,0.088993385,0,D0,0.95
IBBAJXMTmNQ,The end of photography as we know it,peterMcKinnon,adult,0.011271795,0,D0,0.95
5FdDUrHl5RE,I made the World’s BRIGHTEST Gaming Monitor!,linustechtips,adult,0.120192125,0,D0,0.95
SU_XoQkVUtg,Black Ops: Wager Match: Daytage: Lazytage,pewdiepie,adult,0.032613076,0,D0,0.95
xM9bTmCAUr0,KIDS,jacksepticeye,adult,0.12120117,1,D4,0.8
-QhE3pxZMC0,This is THE ONE. Mavic Air 2 (With actual footage),peterMcKinnon,adult,0.08959841,0,D0,0.95
stUofW3whpE,I Buried Treasure in the Bermuda Triangle,mrbeast,adult,0.07442272,0,D0,0.95
AIqxfBhlwx0,How Florida Got So Weird,wendover,adult,0.048226256,0,D0,0.95
YSd4g7PO0aE,DOUBLE Your Android Battery Life for FREE!,mrwhosetheboss,adult,0.14791799,0,D0,0.95
MiPtCN_fJbA,The 4 Best Books About Money - Part 2 📚,aliabdaal,adult,-0.05509626,0,D0,0.95
w4EEwEZ-2Qk,How far will Intel GO? - 11th-gen Core Review,linustechtips,adult,-0.004854981,0,D0,0.95
zuyjg_AWubU,"China Tries to Restrict Gaming - WAN Show Nov 8, 2019",linustechtips,adult,0.13540782,0,D0,0.95
LFhAKJRTJ0o,Badass Sony Projector & TV Technology. Seriously BA - CES 2015,linustechtips,adult,0.05411447,0,D0,0.95
CRYhZgV4VVA,SOMETIMES… SIZE DOES MATTER 😏,jamescharles,adult,0.067979515,0,D0,0.9
gDR6V5OdnYg,Maybe This Phone ISN’T Just for Criminals - Trying Graphene OS for a Month.,linustechtips,adult,0.20069179,0,D0,0.95
bjCDZWE-VHo,I Got Married and Moved to Hong Kong! (Life Update),aliabdaal,adult,-0.0031803632,0,D0,0.95
EFiHm6WjhNA,I Tried the Weirdest “Open” Headphones,mkbhd,adult,0.13018326,0,D0,0.95
Tz-p5vxLH3E,Vine Video | HAPPENS EVERY TIME I SHAVE,jacksepticeye,adult,0.2008021,0,D0,0.95
